game_id,date,season,season_type,matchup,is_home,opponent,knicks_score,opponent_score,point_diff,won,rest_days
0028300008,1983-10-28,1983,Regular Season,NYK @ CLE,0,CLE,121,,,1,
0028300011,1983-10-29,1983,Regular Season,NYK vs. WAS,1,WAS,100,,,1,1.0
0028300034,1983-11-02,1983,Regular Season,NYK @ SEA,0,SEA,119,,,0,4.0
0028300046,1983-11-04,1983,Regular Season,NYK @ POR,0,POR,97,,,0,2.0
0028300048,1983-11-05,1983,Regular Season,NYK @ GOS,0,GOS,100,,,0,1.0
0028300062,1983-11-08,1983,Regular Season,NYK vs. MIL,1,MIL,90,,,0,3.0
0028300077,1983-11-10,1983,Regular Season,NYK @ IND,0,IND,99,,,1,2.0
0028300078,1983-11-11,1983,Regular Season,NYK vs. SDC,1,SDC,116,,,1,1.0
0028300105,1983-11-15,1983,Regular Season,NYK vs. IND,1,IND,94,,,1,4.0
0028300109,1983-11-16,1983,Regular Season,NYK @ PHL,0,PHL,97,,,0,1.0
0028300122,1983-11-18,1983,Regular Season,NYK @ BOS,0,BOS,110,,,1,2.0
0028300123,1983-11-19,1983,Regular Season,NYK vs. DET,1,DET,104,,,1,1.0
0028300140,1983-11-22,1983,Regular Season,NYK vs. BOS,1,BOS,117,,,1,3.0
0028300167,1983-11-26,1983,Regular Season,NYK vs. CLE,1,CLE,113,,,1,4.0
0028300171,1983-11-27,1983,Regular Season,NYK @ IND,0,IND,91,,,0,1.0
0028300180,1983-11-29,1983,Regular Season,NYK vs. SAN,1,SAN,118,,,1,2.0
0028300183,1983-11-30,1983,Regular Season,NYK @ NJN,0,NJN,113,,,1,1.0
0028300191,1983-12-01,1983,Regular Season,NYK vs. WAS,1,WAS,127,,,1,1.0
0028300202,1983-12-03,1983,Regular Season,NYK vs. HOU,1,HOU,117,,,1,2.0
0028300215,1983-12-06,1983,Regular Season,NYK vs. DEN,1,DEN,112,,,0,3.0
0028300230,1983-12-08,1983,Regular Season,NYK @ PHX,0,PHX,97,,,0,2.0
0028300233,1983-12-09,1983,Regular Season,NYK @ SDC,0,SDC,111,,,1,1.0
0028300248,1983-12-11,1983,Regular Season,NYK @ LAL,0,LAL,109,,,1,2.0
0028300259,1983-12-13,1983,Regular Season,NYK vs. BOS,1,BOS,100,,,0,2.0
0028300268,1983-12-15,1983,Regular Season,NYK vs. CHI,1,CHI,107,,,0,2.0
0028300284,1983-12-17,1983,Regular Season,NYK vs. MIL,1,MIL,102,,,1,2.0
0028300313,1983-12-23,1983,Regular Season,NYK @ ATL,0,ATL,113,,,0,6.0
0028300317,1983-12-25,1983,Regular Season,NYK vs. NJN,1,NJN,112,,,1,2.0
0028300324,1983-12-27,1983,Regular Season,NYK @ CHI,0,CHI,96,,,0,2.0
0028300332,1983-12-28,1983,Regular Season,NYK vs. DET,1,DET,108,,,0,1.0
0028300341,1983-12-30,1983,Regular Season,NYK @ WAS,0,WAS,86,,,0,2.0
0028300362,1984-01-03,1983,Regular Season,NYK vs. LAL,1,LAL,117,,,1,4.0
0028300380,1984-01-06,1983,Regular Season,NYK @ DET,0,DET,107,,,0,3.0
0028300387,1984-01-07,1983,Regular Season,NYK vs. IND,1,IND,140,,,1,1.0
0028300394,1984-01-09,1983,Regular Season,NYK vs. PHL,1,PHL,111,,,1,2.0
0028300414,1984-01-13,1983,Regular Season,NYK @ MIL,0,MIL,101,,,0,4.0
0028300426,1984-01-14,1983,Regular Season,NYK @ CHI,0,CHI,113,,,1,1.0
0028300441,1984-01-17,1983,Regular Season,NYK vs. NJN,1,NJN,115,,,0,3.0
0028300453,1984-01-19,1983,Regular Season,NYK vs. CHI,1,CHI,109,,,1,2.0
0028300469,1984-01-21,1983,Regular Season,NYK vs. ATL,1,ATL,95,,,0,2.0
0028300474,1984-01-24,1983,Regular Season,NYK vs. PHL,1,PHL,111,,,1,3.0
0028300490,1984-01-26,1983,Regular Season,NYK @ WAS,0,WAS,104,,,1,2.0
0028300501,1984-01-31,1983,Regular Season,NYK @ SAN,0,SAN,117,,,1,5.0
0028300507,1984-02-01,1983,Regular Season,NYK @ DAL,0,DAL,105,,,1,1.0
0028300532,1984-02-04,1983,Regular Season,NYK @ HOU,0,HOU,103,,,1,3.0
0028300538,1984-02-06,1983,Regular Season,NYK vs. GOS,1,GOS,116,,,1,2.0
0028300554,1984-02-08,1983,Regular Season,NYK @ MIL,0,MIL,103,,,0,2.0
0028300568,1984-02-10,1983,Regular Season,NYK @ UTH,0,UTH,133,,,1,2.0
0028300571,1984-02-11,1983,Regular Season,NYK @ DEN,0,DEN,138,,,1,1.0
0028300586,1984-02-14,1983,Regular Season,NYK @ KCK,0,KCK,106,,,1,3.0
0028300598,1984-02-16,1983,Regular Season,NYK vs. IND,1,IND,100,,,1,2.0
0028300606,1984-02-18,1983,Regular Season,NYK vs. NJN,1,NJN,112,,,1,2.0
0028300615,1984-02-19,1983,Regular Season,NYK @ PHL,0,PHL,97,,,0,1.0
0028300625,1984-02-21,1983,Regular Season,NYK vs. POR,1,POR,89,,,0,2.0
0028300634,1984-02-22,1983,Regular Season,NYK @ DET,0,DET,111,,,0,1.0
0028300641,1984-02-24,1983,Regular Season,NYK @ ATL,0,ATL,104,,,0,2.0
0028300653,1984-02-25,1983,Regular Season,NYK @ NJN,0,NJN,104,,,0,1.0
0028300660,1984-02-27,1983,Regular Season,NYK vs. ATL,1,ATL,96,,,1,2.0
0028300676,1984-02-29,1983,Regular Season,NYK @ BOS,0,BOS,102,,,1,2.0
0028300685,1984-03-02,1983,Regular Season,NYK @ DET,0,DET,117,,,1,2.0
0028300691,1984-03-03,1983,Regular Season,NYK vs. MIL,1,MIL,106,,,0,1.0
0028300708,1984-03-06,1983,Regular Season,NYK vs. SEA,1,SEA,124,,,1,3.0
0028300728,1984-03-10,1983,Regular Season,NYK vs. UTH,1,UTH,114,,,1,4.0
0028300743,1984-03-13,1983,Regular Season,NYK vs. PHX,1,PHX,117,,,1,3.0
0028300757,1984-03-15,1983,Regular Season,NYK vs. CLE,1,CLE,105,,,1,2.0
0028300769,1984-03-17,1983,Regular Season,NYK vs. KCK,1,KCK,123,,,1,2.0
0028300793,1984-03-21,1983,Regular Season,NYK @ CLE,0,CLE,105,,,0,4.0
0028300798,1984-03-22,1983,Regular Season,NYK vs. BOS,1,BOS,100,,,0,1.0
0028300809,1984-03-24,1983,Regular Season,NYK vs. WAS,1,WAS,107,,,1,2.0
0028300818,1984-03-25,1983,Regular Season,NYK @ NJN,0,NJN,94,,,0,1.0
0028300821,1984-03-27,1983,Regular Season,NYK vs. DAL,1,DAL,97,,,1,2.0
0028300833,1984-03-28,1983,Regular Season,NYK @ IND,0,IND,93,,,0,1.0
0028300847,1984-03-30,1983,Regular Season,NYK @ WAS,0,WAS,79,,,0,2.0
0028300857,1984-03-31,1983,Regular Season,NYK @ ATL,0,ATL,106,,,0,1.0
0028300863,1984-04-02,1983,Regular Season,NYK vs. CHI,1,CHI,115,,,1,2.0
0028300871,1984-04-03,1983,Regular Season,NYK @ CHI,0,CHI,113,,,1,1.0
0028300889,1984-04-06,1983,Regular Season,NYK vs. DET,1,DET,107,,,0,3.0
0028300899,1984-04-08,1983,Regular Season,NYK @ PHL,0,PHL,108,,,0,2.0
0028300902,1984-04-09,1983,Regular Season,NYK vs. CLE,1,CLE,118,,,1,1.0
0028300914,1984-04-11,1983,Regular Season,NYK @ BOS,0,BOS,96,,,0,2.0
0028300930,1984-04-13,1983,Regular Season,NYK @ CLE,0,CLE,117,,,1,2.0
0028300937,1984-04-14,1983,Regular Season,NYK vs. PHL,1,PHL,100,,,0,1.0
0048300004,1984-04-17,1983,Playoffs,NYK @ DET,0,DET,94,,,1,
0048300009,1984-04-19,1983,Playoffs,NYK @ DET,0,DET,105,,,0,2.0
0048300020,1984-04-22,1983,Playoffs,NYK vs. DET,1,DET,120,,,1,3.0
0048300031,1984-04-25,1983,Playoffs,NYK vs. DET,1,DET,112,,,0,3.0
0048300037,1984-04-27,1983,Playoffs,NYK @ DET,0,DET,127,,,1,2.0
0048300040,1984-04-29,1983,Playoffs,NYK @ BOS,0,BOS,92,,,0,2.0
0048300044,1984-05-02,1983,Playoffs,NYK @ BOS,0,BOS,102,,,0,3.0
0048300047,1984-05-04,1983,Playoffs,NYK vs. BOS,1,BOS,100,,,1,2.0
0048300052,1984-05-06,1983,Playoffs,NYK vs. BOS,1,BOS,120,,,1,2.0
0048300057,1984-05-09,1983,Playoffs,NYK @ BOS,0,BOS,99,,,0,3.0
0048300060,1984-05-11,1983,Playoffs,NYK vs. BOS,1,BOS,106,,,1,2.0
0048300062,1984-05-13,1983,Playoffs,NYK @ BOS,0,BOS,104,,,0,2.0
0028400016,1984-10-27,1984,Regular Season,NYK vs. DET,1,DET,137,,,1,
0028400024,1984-10-30,1984,Regular Season,NYK @ UTH,0,UTH,111,,,0,3.0
0028400037,1984-11-01,1984,Regular Season,NYK @ LAC,0,LAC,105,,,0,2.0
0028400053,1984-11-03,1984,Regular Season,NYK @ HOU,0,HOU,93,,,0,2.0
0028400055,1984-11-04,1984,Regular Season,NYK @ SAN,0,SAN,130,,,0,1.0
0028400059,1984-11-06,1984,Regular Season,NYK @ DAL,0,DAL,104,,,0,2.0
0028400072,1984-11-08,1984,Regular Season,NYK vs. CHI,1,CHI,106,,,0,2.0
0028400088,1984-11-10,1984,Regular Season,NYK vs. KCK,1,KCK,113,,,1,2.0
0028400100,1984-11-13,1984,Regular Season,NYK vs. WAS,1,WAS,92,,,0,3.0
0028400105,1984-11-14,1984,Regular Season,NYK @ BOS,0,BOS,99,,,0,1.0
0028400116,1984-11-16,1984,Regular Season,NYK @ WAS,0,WAS,104,,,0,2.0
0028400124,1984-11-17,1984,Regular Season,NYK vs. CLE,1,CLE,112,,,1,1.0
0028400131,1984-11-20,1984,Regular Season,NYK vs. GOS,1,GOS,106,,,1,3.0
0028400147,1984-11-21,1984,Regular Season,NYK @ CLE,0,CLE,109,,,1,1.0
0028400150,1984-11-23,1984,Regular Season,NYK @ DET,0,DET,120,,,1,2.0
0028400164,1984-11-24,1984,Regular Season,NYK vs. IND,1,IND,119,,,1,1.0
0028400172,1984-11-27,1984,Regular Season,NYK vs. ATL,1,ATL,97,,,1,3.0
0028400184,1984-11-28,1984,Regular Season,NYK @ NJN,0,NJN,96,,,0,1.0
0028400192,1984-11-30,1984,Regular Season,NYK @ MIL,0,MIL,100,,,0,2.0
0028400199,1984-12-01,1984,Regular Season,NYK vs. POR,1,POR,93,,,0,1.0
0028400211,1984-12-04,1984,Regular Season,NYK vs. DEN,1,DEN,100,,,1,3.0
0028400223,1984-12-06,1984,Regular Season,NYK vs. DAL,1,DAL,83,,,0,2.0
0028400228,1984-12-07,1984,Regular Season,NYK @ CHI,0,CHI,93,,,0,1.0
0028400245,1984-12-09,1984,Regular Season,NYK @ PHL,0,PHL,94,,,0,2.0
0028400251,1984-12-11,1984,Regular Season,NYK vs. PHL,1,PHL,110,,,1,2.0
0028400266,1984-12-13,1984,Regular Season,NYK vs. UTH,1,UTH,119,,,1,2.0
0028400277,1984-12-15,1984,Regular Season,NYK @ CLE,0,CLE,97,,,0,2.0
0028400288,1984-12-18,1984,Regular Season,NYK vs. BOS,1,BOS,108,,,0,3.0
0028400304,1984-12-20,1984,Regular Season,NYK vs. CLE,1,CLE,112,,,1,2.0
0028400309,1984-12-21,1984,Regular Season,NYK @ WAS,0,WAS,111,,,0,1.0
0028400327,1984-12-25,1984,Regular Season,NYK vs. NJN,1,NJN,114,,,0,4.0
0028400332,1984-12-26,1984,Regular Season,NYK @ ATL,0,ATL,105,,,0,1.0
0028400347,1984-12-28,1984,Regular Season,NYK @ NJN,0,NJN,97,,,0,2.0
0028400355,1984-12-29,1984,Regular Season,NYK vs. WAS,1,WAS,108,,,0,1.0
0028400378,1985-01-04,1984,Regular Season,NYK @ BOS,0,BOS,94,,,0,6.0
0028400381,1985-01-05,1984,Regular Season,NYK vs. CHI,1,CHI,119,,,1,1.0
0028400394,1985-01-07,1984,Regular Season,NYK vs. BOS,1,BOS,97,,,0,2.0
0028400406,1985-01-09,1984,Regular Season,NYK @ DEN,0,DEN,95,,,0,2.0
0028400413,1985-01-11,1984,Regular Season,NYK @ CHI,0,CHI,97,,,0,2.0
0028400426,1985-01-12,1984,Regular Season,NYK @ IND,0,IND,95,,,0,1.0
0028400441,1985-01-15,1984,Regular Season,NYK vs. PHL,1,PHL,82,,,0,3.0
0028400451,1985-01-17,1984,Regular Season,NYK vs. DET,1,DET,89,,,0,2.0
0028400465,1985-01-19,1984,Regular Season,NYK vs. ATL,1,ATL,88,,,1,2.0
0028400473,1985-01-22,1984,Regular Season,NYK vs. SEA,1,SEA,92,,,1,3.0
0028400504,1985-01-26,1984,Regular Season,NYK vs. IND,1,IND,109,,,1,4.0
0028400509,1985-01-28,1984,Regular Season,NYK vs. LAC,1,LAC,117,,,1,2.0
0028400525,1985-01-30,1984,Regular Season,NYK @ PHX,0,PHX,93,,,0,2.0
0028400535,1985-02-01,1984,Regular Season,NYK @ LAL,0,LAL,104,,,0,2.0
0028400543,1985-02-02,1984,Regular Season,NYK @ GOS,0,GOS,98,,,0,1.0
0028400559,1985-02-05,1984,Regular Season,NYK @ SEA,0,SEA,110,,,1,3.0
0028400568,1985-02-07,1984,Regular Season,NYK @ POR,0,POR,122,,,0,2.0
0028400591,1985-02-13,1984,Regular Season,NYK @ PHL,0,PHL,129,,,0,6.0
0028400592,1985-02-14,1984,Regular Season,NYK vs. HOU,1,HOU,105,,,0,1.0
0028400608,1985-02-16,1984,Regular Season,NYK vs. NJN,1,NJN,117,,,0,2.0
0028400620,1985-02-19,1984,Regular Season,NYK vs. MIL,1,MIL,118,,,0,3.0
0028400639,1985-02-22,1984,Regular Season,NYK @ ATL,0,ATL,113,,,1,3.0
0028400650,1985-02-24,1984,Regular Season,NYK vs. LAL,1,LAL,114,,,0,2.0
0028400656,1985-02-26,1984,Regular Season,NYK vs. SAN,1,SAN,129,,,1,2.0
0028400670,1985-02-27,1984,Regular Season,NYK @ IND,0,IND,106,,,0,1.0
0028400679,1985-03-01,1984,Regular Season,NYK @ CHI,0,CHI,104,,,0,2.0
0028400683,1985-03-02,1984,Regular Season,NYK vs. WAS,1,WAS,97,,,0,1.0
0028400701,1985-03-05,1984,Regular Season,NYK vs. BOS,1,BOS,102,,,0,3.0
0028400707,1985-03-06,1984,Regular Season,NYK @ DET,0,DET,90,,,0,1.0
0028400724,1985-03-09,1984,Regular Season,NYK vs. PHL,1,PHL,131,,,1,3.0
0028400742,1985-03-12,1984,Regular Season,NYK vs. PHX,1,PHX,119,,,0,3.0
0028400756,1985-03-14,1984,Regular Season,NYK vs. CHI,1,CHI,106,,,1,2.0
0028400761,1985-03-15,1984,Regular Season,NYK @ PHL,0,PHL,110,,,0,1.0
0028400768,1985-03-16,1984,Regular Season,NYK vs. IND,1,IND,116,,,1,1.0
0028400796,1985-03-20,1984,Regular Season,NYK @ WAS,0,WAS,102,,,0,4.0
0028400803,1985-03-22,1984,Regular Season,NYK @ IND,0,IND,118,,,1,2.0
0028400815,1985-03-23,1984,Regular Season,NYK @ KCK,0,KCK,105,,,0,1.0
0028400821,1985-03-25,1984,Regular Season,NYK @ MIL,0,MIL,106,,,0,2.0
0028400830,1985-03-26,1984,Regular Season,NYK @ CLE,0,CLE,98,,,0,1.0
0028400842,1985-03-28,1984,Regular Season,NYK vs. MIL,1,MIL,116,,,0,2.0
0028400858,1985-03-30,1984,Regular Season,NYK vs. NJN,1,NJN,114,,,0,2.0
0028400873,1985-04-03,1984,Regular Season,NYK @ NJN,0,NJN,100,,,0,4.0
0028400879,1985-04-04,1984,Regular Season,NYK vs. ATL,1,ATL,79,,,0,1.0
0028400901,1985-04-07,1984,Regular Season,NYK @ BOS,0,BOS,102,,,0,3.0
0028400904,1985-04-09,1984,Regular Season,NYK vs. DET,1,DET,97,,,0,2.0
0028400913,1985-04-10,1984,Regular Season,NYK @ ATL,0,ATL,94,,,0,1.0
0028400929,1985-04-12,1984,Regular Season,NYK vs. CLE,1,CLE,108,,,0,2.0
0028400934,1985-04-13,1984,Regular Season,NYK @ MIL,0,MIL,84,,,0,1.0
0028500012,1985-10-26,1985,Regular Season,NYK vs. PHL,1,PHL,89,,,0,
0028500030,1985-10-29,1985,Regular Season,NYK @ ATL,0,ATL,87,,,0,3.0
0028500036,1985-10-31,1985,Regular Season,NYK @ GOS,0,GOS,104,,,0,2.0
0028500052,1985-11-02,1985,Regular Season,NYK @ LAC,0,LAC,95,,,0,2.0
0028500057,1985-11-03,1985,Regular Season,NYK @ POR,0,POR,96,,,0,1.0
0028500063,1985-11-05,1985,Regular Season,NYK @ SEA,0,SEA,80,,,0,2.0
0028500070,1985-11-07,1985,Regular Season,NYK vs. MIL,1,MIL,88,,,0,2.0
0028500087,1985-11-09,1985,Regular Season,NYK vs. CHI,1,CHI,94,,,0,2.0
0028500098,1985-11-12,1985,Regular Season,NYK vs. PHX,1,PHX,103,,,1,3.0
0028500119,1985-11-16,1985,Regular Season,NYK vs. ATL,1,ATL,103,,,1,4.0
0028500136,1985-11-19,1985,Regular Season,NYK vs. WAS,1,WAS,98,,,1,3.0
0028500137,1985-11-20,1985,Regular Season,NYK @ DET,0,DET,98,,,0,1.0
0028500155,1985-11-22,1985,Regular Season,NYK @ WAS,0,WAS,94,,,0,2.0
0028500156,1985-11-23,1985,Regular Season,NYK vs. BOS,1,BOS,104,,,0,1.0
0028500175,1985-11-26,1985,Regular Season,NYK @ ATL,0,ATL,94,,,0,3.0
0028500178,1985-11-27,1985,Regular Season,NYK @ IND,0,IND,80,,,1,1.0
0028500188,1985-11-29,1985,Regular Season,NYK @ BOS,0,BOS,88,,,0,2.0
0028500199,1985-11-30,1985,Regular Season,NYK vs. PHL,1,PHL,95,,,0,1.0
0028500218,1985-12-03,1985,Regular Season,NYK vs. DEN,1,DEN,111,,,1,3.0
0028500229,1985-12-05,1985,Regular Season,NYK vs. MIL,1,MIL,95,,,0,2.0
0028500233,1985-12-06,1985,Regular Season,NYK @ IND,0,IND,83,,,0,1.0
0028500251,1985-12-10,1985,Regular Season,NYK vs. IND,1,IND,82,,,1,4.0
0028500268,1985-12-12,1985,Regular Season,NYK vs. NJN,1,NJN,85,,,0,2.0
0028500279,1985-12-14,1985,Regular Season,NYK vs. SAN,1,SAN,108,,,1,2.0
0028500297,1985-12-17,1985,Regular Season,NYK vs. LAL,1,LAL,99,,,0,3.0
0028500305,1985-12-19,1985,Regular Season,NYK vs. CLE,1,CLE,105,,,0,2.0
0028500323,1985-12-21,1985,Regular Season,NYK vs. DET,1,DET,112,,,1,2.0
0028500325,1985-12-22,1985,Regular Season,NYK @ WAS,0,WAS,100,,,1,1.0
0028500331,1985-12-25,1985,Regular Season,NYK vs. BOS,1,BOS,113,,,1,3.0
0028500337,1985-12-26,1985,Regular Season,NYK @ CHI,0,CHI,113,,,1,1.0
0028500352,1985-12-28,1985,Regular Season,NYK vs. ATL,1,ATL,80,,,0,2.0
0028500360,1985-12-30,1985,Regular Season,NYK @ NJN,0,NJN,111,,,0,2.0
0028500365,1986-01-02,1985,Regular Season,NYK vs. WAS,1,WAS,109,,,0,3.0
0028500379,1986-01-04,1985,Regular Season,NYK @ MIL,0,MIL,86,,,0,2.0
0028500390,1986-01-07,1985,Regular Season,NYK vs. IND,1,IND,93,,,1,3.0
0028500418,1986-01-11,1985,Regular Season,NYK vs. POR,1,POR,106,,,0,4.0
0028500427,1986-01-13,1985,Regular Season,NYK vs. SAC,1,SAC,115,,,1,2.0
0028500441,1986-01-15,1985,Regular Season,NYK @ DAL,0,DAL,116,,,1,2.0
0028500446,1986-01-17,1985,Regular Season,NYK @ SAN,0,SAN,100,,,0,2.0
0028500454,1986-01-18,1985,Regular Season,NYK @ HOU,0,HOU,95,,,0,1.0
0028500465,1986-01-20,1985,Regular Season,NYK @ PHL,0,PHL,93,,,0,2.0
0028500474,1986-01-21,1985,Regular Season,NYK vs. GOS,1,GOS,121,,,1,1.0
0028500485,1986-01-24,1985,Regular Season,NYK @ ATL,0,ATL,100,,,0,3.0
0028500492,1986-01-25,1985,Regular Season,NYK vs. MIL,1,MIL,88,,,0,1.0
0028500510,1986-01-28,1985,Regular Season,NYK vs. CHI,1,CHI,118,,,1,3.0
0028500528,1986-01-30,1985,Regular Season,NYK @ DEN,0,DEN,97,,,0,2.0
0028500533,1986-01-31,1985,Regular Season,NYK @ PHX,0,PHX,117,,,1,1.0
0028500544,1986-02-02,1985,Regular Season,NYK @ LAL,0,LAL,103,,,1,2.0
0028500548,1986-02-03,1985,Regular Season,NYK @ SAC,0,SAC,90,,,0,1.0
0028500561,1986-02-06,1985,Regular Season,NYK @ UTH,0,UTH,101,,,0,3.0
0028500580,1986-02-12,1985,Regular Season,NYK @ DET,0,DET,99,,,0,6.0
0028500591,1986-02-13,1985,Regular Season,NYK vs. PHL,1,PHL,92,,,0,1.0
0028500597,1986-02-15,1985,Regular Season,NYK vs. UTH,1,UTH,97,,,0,2.0
0028500615,1986-02-17,1985,Regular Season,NYK @ CLE,0,CLE,97,,,0,2.0
0028500620,1986-02-18,1985,Regular Season,NYK vs. CLE,1,CLE,105,,,0,1.0
0028500635,1986-02-21,1985,Regular Season,NYK vs. SEA,1,SEA,117,,,1,3.0
0028500649,1986-02-23,1985,Regular Season,NYK vs. LAC,1,LAC,99,,,0,2.0
0028500660,1986-02-25,1985,Regular Season,NYK vs. BOS,1,BOS,74,,,0,2.0
0028500687,1986-03-01,1985,Regular Season,NYK vs. NJN,1,NJN,100,,,0,4.0
0028500696,1986-03-03,1985,Regular Season,NYK @ MIL,0,MIL,108,,,0,2.0
0028500700,1986-03-04,1985,Regular Season,NYK vs. WAS,1,WAS,119,,,1,1.0
0028500715,1986-03-06,1985,Regular Season,NYK @ WAS,0,WAS,111,,,0,2.0
0028500721,1986-03-07,1985,Regular Season,NYK @ BOS,0,BOS,108,,,0,1.0
0028500736,1986-03-09,1985,Regular Season,NYK @ CHI,0,CHI,101,,,0,2.0
0028500741,1986-03-11,1985,Regular Season,NYK vs. CLE,1,CLE,107,,,0,2.0
0028500753,1986-03-12,1985,Regular Season,NYK @ PHL,0,PHL,95,,,0,1.0
0028500766,1986-03-14,1985,Regular Season,NYK @ DET,0,DET,89,,,0,2.0
0028500770,1986-03-15,1985,Regular Season,NYK vs. ATL,1,ATL,101,,,0,1.0
0028500784,1986-03-17,1985,Regular Season,NYK @ IND,0,IND,92,,,0,2.0
0028500792,1986-03-18,1985,Regular Season,NYK @ NJN,0,NJN,107,,,1,1.0
0028500801,1986-03-20,1985,Regular Season,NYK @ CLE,0,CLE,93,,,1,2.0
0028500818,1986-03-22,1985,Regular Season,NYK vs. HOU,1,HOU,99,,,0,2.0
0028500828,1986-03-25,1985,Regular Season,NYK @ CHI,0,CHI,98,,,0,3.0
0028500841,1986-03-27,1985,Regular Season,NYK vs. DAL,1,DAL,105,,,0,2.0
0028500854,1986-03-29,1985,Regular Season,NYK vs. CHI,1,CHI,96,,,0,2.0
0028500871,1986-04-01,1985,Regular Season,NYK vs. NJN,1,NJN,93,,,0,3.0
0028500873,1986-04-02,1985,Regular Season,NYK @ PHL,0,PHL,87,,,0,1.0
0028500888,1986-04-04,1985,Regular Season,NYK @ BOS,0,BOS,98,,,0,2.0
0028500890,1986-04-05,1985,Regular Season,NYK @ NJN,0,NJN,93,,,0,1.0
0028500901,1986-04-07,1985,Regular Season,NYK vs. IND,1,IND,106,,,1,2.0
0028500924,1986-04-11,1985,Regular Season,NYK vs. DET,1,DET,95,,,0,4.0
0028500930,1986-04-12,1985,Regular Season,NYK @ MIL,0,MIL,78,,,0,1.0
0028600004,1986-10-31,1986,Regular Season,NYK @ NJN,0,NJN,97,,,0,
0028600014,1986-11-01,1986,Regular Season,NYK vs. CHI,1,CHI,103,,,0,1.0
0028600024,1986-11-03,1986,Regular Season,NYK @ GOS,0,GOS,95,,,0,2.0
0028600023,1986-11-04,1986,Regular Season,NYK @ DEN,0,DEN,103,,,0,1.0
0028600041,1986-11-06,1986,Regular Season,NYK @ SAC,0,SAC,106,,,1,2.0
0028600054,1986-11-08,1986,Regular Season,NYK @ SEA,0,SEA,102,,,0,2.0
0028600058,1986-11-09,1986,Regular Season,NYK @ LAL,0,LAL,88,,,0,1.0
0028600061,1986-11-11,1986,Regular Season,NYK vs. PHX,1,PHX,111,,,1,2.0
0028600084,1986-11-14,1986,Regular Season,NYK @ MIL,0,MIL,103,,,0,3.0
0028600090,1986-11-15,1986,Regular Season,NYK vs. WAS,1,WAS,104,,,1,1.0
0028600108,1986-11-19,1986,Regular Season,NYK @ PHL,0,PHL,94,,,0,4.0
0028600120,1986-11-21,1986,Regular Season,NYK @ CHI,0,CHI,99,,,0,2.0
0028600126,1986-11-22,1986,Regular Season,NYK vs. GOS,1,GOS,93,,,0,1.0
0028600140,1986-11-25,1986,Regular Season,NYK vs. HOU,1,HOU,102,,,1,3.0
0028600149,1986-11-26,1986,Regular Season,NYK @ BOS,0,BOS,90,,,0,1.0
0028600164,1986-11-29,1986,Regular Season,NYK vs. CLE,1,CLE,88,,,0,3.0
0028600172,1986-12-02,1986,Regular Season,NYK @ PHX,0,PHX,100,,,0,3.0
0028600189,1986-12-04,1986,Regular Season,NYK @ LAC,0,LAC,95,,,1,2.0
0028600192,1986-12-05,1986,Regular Season,NYK @ UTH,0,UTH,96,,,0,1.0
0028600207,1986-12-07,1986,Regular Season,NYK @ POR,0,POR,104,,,0,2.0
0028600209,1986-12-09,1986,Regular Season,NYK vs. LAL,1,LAL,87,,,0,2.0
0028600214,1986-12-10,1986,Regular Season,NYK @ WAS,0,WAS,105,,,0,1.0
0028600243,1986-12-13,1986,Regular Season,NYK vs. ATL,1,ATL,110,,,0,3.0
0028600254,1986-12-16,1986,Regular Season,NYK vs. BOS,1,BOS,96,,,0,3.0
0028600268,1986-12-18,1986,Regular Season,NYK vs. NJN,1,NJN,93,,,0,2.0
0028600275,1986-12-20,1986,Regular Season,NYK vs. IND,1,IND,99,,,0,2.0
0028600288,1986-12-22,1986,Regular Season,NYK vs. SAN,1,SAN,103,,,1,2.0
0028600300,1986-12-25,1986,Regular Season,NYK vs. CHI,1,CHI,86,,,1,3.0
0028600312,1986-12-27,1986,Regular Season,NYK vs. MIL,1,MIL,114,,,1,2.0
0028600327,1986-12-30,1986,Regular Season,NYK vs. WAS,1,WAS,103,,,1,3.0
0028600348,1987-01-03,1986,Regular Season,NYK @ ATL,0,ATL,92,,,0,4.0
0028600356,1987-01-06,1986,Regular Season,NYK vs. ATL,1,ATL,118,,,1,3.0
0028600366,1987-01-07,1986,Regular Season,NYK @ DET,0,DET,111,,,0,1.0
0028600381,1987-01-09,1986,Regular Season,NYK @ PHL,0,PHL,94,,,1,2.0
0028600389,1987-01-10,1986,Regular Season,NYK vs. SAC,1,SAC,119,,,1,1.0
0028600398,1987-01-13,1986,Regular Season,NYK vs. DAL,1,DAL,103,,,0,3.0
0028600426,1987-01-17,1986,Regular Season,NYK @ CLE,0,CLE,110,,,0,4.0
0028600440,1987-01-19,1986,Regular Season,NYK vs. BOS,1,BOS,111,,,1,2.0
0028600451,1987-01-21,1986,Regular Season,NYK @ DAL,0,DAL,93,,,0,2.0
0028600460,1987-01-23,1986,Regular Season,NYK @ HOU,0,HOU,95,,,0,2.0
0028600463,1987-01-24,1986,Regular Season,NYK @ SAN,0,SAN,101,,,0,1.0
0028600482,1987-01-27,1986,Regular Season,NYK vs. PHL,1,PHL,103,,,0,3.0
0028600500,1987-01-30,1986,Regular Season,NYK @ ATL,0,ATL,98,,,0,3.0
0028600507,1987-01-31,1986,Regular Season,NYK vs. DET,1,DET,113,,,0,1.0
0028600517,1987-02-02,1986,Regular Season,NYK @ WAS,0,WAS,98,,,0,2.0
0028600519,1987-02-03,1986,Regular Season,NYK @ MIL,0,MIL,110,,,1,1.0
0028600539,1987-02-05,1986,Regular Season,NYK vs. NJN,1,NJN,135,,,1,2.0
0028600547,1987-02-10,1986,Regular Season,NYK @ CLE,0,CLE,95,,,0,5.0
0028600553,1987-02-11,1986,Regular Season,NYK vs. MIL,1,MIL,104,,,0,1.0
0028600566,1987-02-14,1986,Regular Season,NYK vs. CHI,1,CHI,108,,,0,3.0
0028600575,1987-02-16,1986,Regular Season,NYK vs. PHL,1,PHL,101,,,0,2.0
0028600593,1987-02-19,1986,Regular Season,NYK vs. CLE,1,CLE,120,,,1,3.0
0028600608,1987-02-21,1986,Regular Season,NYK @ NJN,0,NJN,107,,,0,2.0
0028600613,1987-02-22,1986,Regular Season,NYK @ DET,0,DET,110,,,0,1.0
0028600629,1987-02-24,1986,Regular Season,NYK vs. POR,1,POR,109,,,0,2.0
0028600652,1987-02-28,1986,Regular Season,NYK @ WAS,0,WAS,117,,,0,4.0
0028600654,1987-03-01,1986,Regular Season,NYK @ IND,0,IND,115,,,0,1.0
0028600662,1987-03-03,1986,Regular Season,NYK vs. UTH,1,UTH,99,,,1,2.0
0028600667,1987-03-04,1986,Regular Season,NYK @ PHL,0,PHL,102,,,1,1.0
0028600682,1987-03-06,1986,Regular Season,NYK @ CHI,0,CHI,110,,,1,2.0
0028600686,1987-03-07,1986,Regular Season,NYK vs. LAC,1,LAC,115,,,1,1.0
0028600702,1987-03-10,1986,Regular Season,NYK vs. DET,1,DET,93,,,0,3.0
0028600724,1987-03-13,1986,Regular Season,NYK vs. NJN,1,NJN,121,,,0,3.0
0028600734,1987-03-15,1986,Regular Season,NYK @ BOS,0,BOS,104,,,0,2.0
0028600746,1987-03-17,1986,Regular Season,NYK vs. DEN,1,DEN,111,,,0,2.0
0028600755,1987-03-19,1986,Regular Season,NYK vs. IND,1,IND,111,,,1,2.0
0028600772,1987-03-21,1986,Regular Season,NYK vs. ATL,1,ATL,85,,,0,2.0
0028600782,1987-03-23,1986,Regular Season,NYK vs. SEA,1,SEA,121,,,0,2.0
0028600788,1987-03-24,1986,Regular Season,NYK @ MIL,0,MIL,96,,,0,1.0
0028600806,1987-03-27,1986,Regular Season,NYK @ IND,0,IND,91,,,0,3.0
0028600816,1987-03-29,1986,Regular Season,NYK @ CHI,0,CHI,96,,,0,2.0
0028600826,1987-03-31,1986,Regular Season,NYK vs. BOS,1,BOS,128,,,1,2.0
0028600836,1987-04-01,1986,Regular Season,NYK @ NJN,0,NJN,120,,,0,1.0
0028600841,1987-04-03,1986,Regular Season,NYK @ ATL,0,ATL,89,,,0,2.0
0028600853,1987-04-04,1986,Regular Season,NYK vs. IND,1,IND,112,,,1,1.0
0028600866,1987-04-06,1986,Regular Season,NYK vs. PHL,1,PHL,108,,,1,2.0
0028600889,1987-04-10,1986,Regular Season,NYK vs. MIL,1,MIL,93,,,0,4.0
0028600900,1987-04-12,1986,Regular Season,NYK @ BOS,0,BOS,107,,,0,2.0
0028600905,1987-04-13,1986,Regular Season,NYK vs. DET,1,DET,100,,,0,1.0
0028600914,1987-04-15,1986,Regular Season,NYK @ DET,0,DET,114,,,0,2.0
0028600925,1987-04-17,1986,Regular Season,NYK vs. WAS,1,WAS,110,,,0,2.0
0028600934,1987-04-18,1986,Regular Season,NYK @ CLE,0,CLE,113,,,0,1.0
0028700010,1987-11-06,1987,Regular Season,NYK @ DET,0,DET,99,,,0,
0028700013,1987-11-07,1987,Regular Season,NYK @ IND,0,IND,95,,,0,1.0
0028700023,1987-11-09,1987,Regular Season,NYK vs. BOS,1,BOS,87,,,0,2.0
0028700034,1987-11-11,1987,Regular Season,NYK vs. ATL,1,ATL,93,,,0,2.0
0028700044,1987-11-13,1987,Regular Season,NYK @ WAS,0,WAS,101,,,0,2.0
0028700054,1987-11-14,1987,Regular Season,NYK vs. MIL,1,MIL,93,,,1,1.0
0028700077,1987-11-18,1987,Regular Season,NYK @ BOS,0,BOS,109,,,0,4.0
0028700083,1987-11-19,1987,Regular Season,NYK @ NJN,0,NJN,107,,,0,1.0
0028700094,1987-11-21,1987,Regular Season,NYK vs. GOS,1,GOS,99,,,1,2.0
0028700105,1987-11-23,1987,Regular Season,NYK vs. SAN,1,SAN,112,,,0,2.0
0028700119,1987-11-25,1987,Regular Season,NYK @ CLE,0,CLE,104,,,1,2.0
0028700135,1987-11-28,1987,Regular Season,NYK vs. CLE,1,CLE,105,,,1,3.0
0028700144,1987-12-01,1987,Regular Season,NYK vs. SEA,1,SEA,109,,,0,3.0
0028700158,1987-12-03,1987,Regular Season,NYK @ PHX,0,PHX,114,,,0,2.0
0028700167,1987-12-04,1987,Regular Season,NYK @ UTH,0,UTH,92,,,0,1.0
0028700175,1987-12-06,1987,Regular Season,NYK @ POR,0,POR,99,,,0,2.0
0028700180,1987-12-08,1987,Regular Season,NYK vs. WAS,1,WAS,116,,,1,2.0
0028700195,1987-12-10,1987,Regular Season,NYK vs. DEN,1,DEN,113,,,1,2.0
0028700207,1987-12-12,1987,Regular Season,NYK @ DET,0,DET,96,,,0,2.0
0028700216,1987-12-15,1987,Regular Season,NYK vs. MIL,1,MIL,98,,,0,3.0
0028700233,1987-12-17,1987,Regular Season,NYK vs. PHL,1,PHL,96,,,0,2.0
0028700243,1987-12-19,1987,Regular Season,NYK vs. NJN,1,NJN,125,,,1,2.0
0028700256,1987-12-22,1987,Regular Season,NYK @ MIL,0,MIL,105,,,0,3.0
0028700263,1987-12-23,1987,Regular Season,NYK vs. CHI,1,CHI,90,,,1,1.0
0028700269,1987-12-25,1987,Regular Season,NYK vs. DET,1,DET,87,,,0,2.0
0028700272,1987-12-26,1987,Regular Season,NYK @ ATL,0,ATL,98,,,0,1.0
0028700290,1987-12-29,1987,Regular Season,NYK vs. POR,1,POR,123,,,1,3.0
0028700302,1988-01-01,1987,Regular Season,NYK vs. LAC,1,LAC,115,,,1,3.0
0028700325,1988-01-05,1987,Regular Season,NYK vs. PHX,1,PHX,95,,,0,4.0
0028700329,1988-01-06,1987,Regular Season,NYK @ BOS,0,BOS,108,,,0,1.0
0028700345,1988-01-08,1987,Regular Season,NYK @ NJN,0,NJN,111,,,0,2.0
0028700347,1988-01-09,1987,Regular Season,NYK vs. BOS,1,BOS,106,,,1,1.0
0028700360,1988-01-12,1987,Regular Season,NYK @ CLE,0,CLE,111,,,0,3.0
0028700376,1988-01-15,1987,Regular Season,NYK @ PHL,0,PHL,104,,,0,3.0
0028700384,1988-01-16,1987,Regular Season,NYK vs. PHL,1,PHL,110,,,1,1.0
0028700399,1988-01-18,1987,Regular Season,NYK vs. ATL,1,ATL,110,,,1,2.0
0028700405,1988-01-20,1987,Regular Season,NYK @ SEA,0,SEA,96,,,0,2.0
0028700417,1988-01-22,1987,Regular Season,NYK @ LAL,0,LAL,112,,,0,2.0
0028700423,1988-01-23,1987,Regular Season,NYK @ SAC,0,SAC,94,,,0,1.0
0028700441,1988-01-26,1987,Regular Season,NYK vs. NJN,1,NJN,122,,,1,3.0
0028700450,1988-01-28,1987,Regular Season,NYK @ WAS,0,WAS,90,,,0,2.0
0028700463,1988-01-30,1987,Regular Season,NYK @ CHI,0,CHI,95,,,0,2.0
0028700477,1988-02-02,1987,Regular Season,NYK vs. WAS,1,WAS,110,,,1,3.0
0028700495,1988-02-04,1987,Regular Season,NYK vs. DET,1,DET,100,,,1,2.0
0028700508,1988-02-10,1987,Regular Season,NYK @ DET,0,DET,87,,,0,6.0
0028700530,1988-02-13,1987,Regular Season,NYK vs. CLE,1,CLE,120,,,1,3.0
0028700541,1988-02-15,1987,Regular Season,NYK vs. NJN,1,NJN,97,,,1,2.0
0028700549,1988-02-16,1987,Regular Season,NYK @ IND,0,IND,104,,,0,1.0
0028700556,1988-02-18,1987,Regular Season,NYK vs. SAC,1,SAC,108,,,1,2.0
0028700579,1988-02-22,1987,Regular Season,NYK @ BOS,0,BOS,93,,,0,4.0
0028700584,1988-02-23,1987,Regular Season,NYK vs. MIL,1,MIL,89,,,1,1.0
0028700597,1988-02-25,1987,Regular Season,NYK @ LAC,0,LAC,106,,,1,2.0
0028700604,1988-02-26,1987,Regular Season,NYK @ GOS,0,GOS,125,,,1,1.0
0028700619,1988-02-28,1987,Regular Season,NYK @ DEN,0,DEN,100,,,0,2.0
0028700630,1988-03-01,1987,Regular Season,NYK vs. IND,1,IND,98,,,1,2.0
0028700647,1988-03-04,1987,Regular Season,NYK vs. PHL,1,PHL,110,,,1,3.0
0028700651,1988-03-05,1987,Regular Season,NYK @ NJN,0,NJN,85,,,0,1.0
0028700662,1988-03-07,1987,Regular Season,NYK vs. CHI,1,CHI,110,,,1,2.0
0028700672,1988-03-09,1987,Regular Season,NYK vs. LAL,1,LAL,99,,,0,2.0
0028700685,1988-03-11,1987,Regular Season,NYK @ ATL,0,ATL,115,,,0,2.0
0028700691,1988-03-12,1987,Regular Season,NYK vs. UTH,1,UTH,108,,,1,1.0
0028700704,1988-03-14,1987,Regular Season,NYK vs. CLE,1,CLE,104,,,1,2.0
0028700714,1988-03-16,1987,Regular Season,NYK @ PHL,0,PHL,108,,,0,2.0
0028700732,1988-03-19,1987,Regular Season,NYK vs. ATL,1,ATL,116,,,1,3.0
0028700742,1988-03-21,1987,Regular Season,NYK @ SAN,0,SAN,133,,,1,2.0
0028700747,1988-03-22,1987,Regular Season,NYK @ DAL,0,DAL,105,,,0,1.0
0028700758,1988-03-24,1987,Regular Season,NYK @ HOU,0,HOU,117,,,0,2.0
0028700770,1988-03-26,1987,Regular Season,NYK vs. BOS,1,BOS,106,,,0,2.0
0028700781,1988-03-28,1987,Regular Season,NYK vs. DAL,1,DAL,114,,,1,2.0
0028700788,1988-03-29,1987,Regular Season,NYK @ CLE,0,CLE,103,,,0,1.0
0028700796,1988-03-31,1987,Regular Season,NYK @ MIL,0,MIL,113,,,1,2.0
0028700807,1988-04-02,1987,Regular Season,NYK vs. HOU,1,HOU,104,,,1,2.0
0028700826,1988-04-05,1987,Regular Season,NYK @ PHL,0,PHL,136,,,1,3.0
0028700844,1988-04-08,1987,Regular Season,NYK @ CHI,0,CHI,122,,,0,3.0
0028700855,1988-04-10,1987,Regular Season,NYK @ WAS,0,WAS,118,,,1,2.0
0028700859,1988-04-11,1987,Regular Season,NYK vs. DET,1,DET,114,,,1,1.0
0028700869,1988-04-13,1987,Regular Season,NYK vs. IND,1,IND,127,,,1,2.0
0028700885,1988-04-15,1987,Regular Season,NYK vs. WAS,1,WAS,97,,,0,2.0
0028700890,1988-04-16,1987,Regular Season,NYK @ ATL,0,ATL,95,,,1,1.0
0028700910,1988-04-19,1987,Regular Season,NYK vs. CHI,1,CHI,118,,,0,3.0
0028700926,1988-04-22,1987,Regular Season,NYK @ MIL,0,MIL,109,,,0,3.0
0028700935,1988-04-23,1987,Regular Season,NYK @ IND,0,IND,88,,,1,1.0
0048700008,1988-04-29,1987,Playoffs,NYK @ BOS,0,BOS,92,,,0,
0048700013,1988-05-01,1987,Playoffs,NYK @ BOS,0,BOS,102,,,0,2.0
0048700025,1988-05-04,1987,Playoffs,NYK vs. BOS,1,BOS,109,,,1,3.0
0048700030,1988-05-06,1987,Playoffs,NYK vs. BOS,1,BOS,94,,,0,2.0
0028800007,1988-11-04,1988,Regular Season,NYK @ BOS,0,BOS,115,,,0,
0028800011,1988-11-05,1988,Regular Season,NYK @ NJN,0,NJN,102,,,0,1.0
0028800030,1988-11-08,1988,Regular Season,NYK vs. CHI,1,CHI,126,,,1,3.0
0028800035,1988-11-09,1988,Regular Season,NYK @ WAS,0,WAS,117,,,1,1.0
0028800048,1988-11-11,1988,Regular Season,NYK @ IND,0,IND,121,,,1,2.0
0028800061,1988-11-12,1988,Regular Season,NYK vs. WAS,1,WAS,111,,,1,1.0
0028800073,1988-11-15,1988,Regular Season,NYK @ HOU,0,HOU,126,,,1,3.0
0028800087,1988-11-18,1988,Regular Season,NYK @ PHL,0,PHL,135,,,0,3.0
0028800101,1988-11-19,1988,Regular Season,NYK vs. PHL,1,PHL,141,,,1,1.0
0028800112,1988-11-22,1988,Regular Season,NYK vs. LAL,1,LAL,98,,,0,3.0
0028800126,1988-11-23,1988,Regular Season,NYK @ DET,0,DET,133,,,1,1.0
0028800143,1988-11-26,1988,Regular Season,NYK vs. CLE,1,CLE,127,,,1,3.0
0028800153,1988-11-29,1988,Regular Season,NYK @ DEN,0,DEN,119,,,0,3.0
0028800161,1988-11-30,1988,Regular Season,NYK @ LAC,0,LAC,135,,,1,1.0
0028800177,1988-12-02,1988,Regular Season,NYK @ DAL,0,DAL,104,,,1,2.0
0028800185,1988-12-03,1988,Regular Season,NYK @ SAN,0,SAN,109,,,0,1.0
0028800192,1988-12-06,1988,Regular Season,NYK vs. DEN,1,DEN,124,,,1,3.0
0028800209,1988-12-08,1988,Regular Season,NYK vs. MIL,1,MIL,113,,,1,2.0
0028800225,1988-12-10,1988,Regular Season,NYK vs. SAC,1,SAC,124,,,1,2.0
0028800243,1988-12-13,1988,Regular Season,NYK vs. NJN,1,NJN,121,,,1,3.0
0028800254,1988-12-15,1988,Regular Season,NYK vs. UTH,1,UTH,117,,,1,2.0
0028800271,1988-12-17,1988,Regular Season,NYK vs. WAS,1,WAS,117,,,1,2.0
0028800274,1988-12-18,1988,Regular Season,NYK @ BOS,0,BOS,104,,,0,1.0
0028800287,1988-12-20,1988,Regular Season,NYK vs. IND,1,IND,141,,,1,2.0
0028800297,1988-12-22,1988,Regular Season,NYK vs. DET,1,DET,88,,,1,2.0
0028800321,1988-12-27,1988,Regular Season,NYK @ ATL,0,ATL,126,,,0,5.0
0028800327,1988-12-29,1988,Regular Season,NYK @ CHI,0,CHI,106,,,0,2.0
0028800335,1988-12-30,1988,Regular Season,NYK @ CHH,0,CHH,111,,,0,1.0
0028800347,1989-01-03,1988,Regular Season,NYK vs. BOS,1,BOS,109,,,1,4.0
0028800354,1989-01-04,1988,Regular Season,NYK @ NJN,0,NJN,105,,,1,1.0
0028800378,1989-01-07,1988,Regular Season,NYK @ CLE,0,CLE,96,,,0,3.0
0028800381,1989-01-08,1988,Regular Season,NYK vs. LAC,1,LAC,134,,,1,1.0
0028800394,1989-01-11,1988,Regular Season,NYK @ DET,0,DET,100,,,1,3.0
0028800405,1989-01-12,1988,Regular Season,NYK vs. CHH,1,CHH,106,,,1,1.0
0028800418,1989-01-14,1988,Regular Season,NYK vs. ATL,1,ATL,132,,,1,2.0
0028800430,1989-01-16,1988,Regular Season,NYK vs. SAN,1,SAN,116,,,1,2.0
0028800443,1989-01-18,1988,Regular Season,NYK @ GOS,0,GOS,119,,,0,2.0
0028800450,1989-01-19,1988,Regular Season,NYK @ SAC,0,SAC,106,,,0,1.0
0028800462,1989-01-21,1988,Regular Season,NYK @ SEA,0,SEA,119,,,0,2.0
0028800468,1989-01-22,1988,Regular Season,NYK @ POR,0,POR,120,,,1,1.0
0028800479,1989-01-24,1988,Regular Season,NYK @ LAL,0,LAL,122,,,1,2.0
0028800494,1989-01-27,1988,Regular Season,NYK @ PHX,0,PHX,130,,,0,3.0
0028800500,1989-01-28,1988,Regular Season,NYK @ UTH,0,UTH,104,,,0,1.0
0028800521,1989-01-31,1988,Regular Season,NYK vs. IND,1,IND,120,,,1,3.0
0028800531,1989-02-02,1988,Regular Season,NYK vs. CLE,1,CLE,125,,,1,2.0
0028800548,1989-02-04,1988,Regular Season,NYK @ IND,0,IND,113,,,1,2.0
0028800558,1989-02-07,1988,Regular Season,NYK vs. WAS,1,WAS,117,,,1,3.0
0028800568,1989-02-08,1988,Regular Season,NYK @ ATL,0,ATL,113,,,1,1.0
0028800587,1989-02-14,1988,Regular Season,NYK @ CHH,0,CHH,129,,,1,6.0
0028800594,1989-02-15,1988,Regular Season,NYK @ CLE,0,CLE,107,,,0,1.0
0028800616,1989-02-18,1988,Regular Season,NYK vs. NJN,1,NJN,125,,,1,3.0
0028800629,1989-02-21,1988,Regular Season,NYK vs. HOU,1,HOU,120,,,1,3.0
0028800642,1989-02-23,1988,Regular Season,NYK vs. CHH,1,CHH,139,,,1,2.0
0028800645,1989-02-24,1988,Regular Season,NYK @ WAS,0,WAS,127,,,0,1.0
0028800661,1989-02-26,1988,Regular Season,NYK vs. BOS,1,BOS,122,,,1,2.0
0028800683,1989-03-01,1988,Regular Season,NYK @ MIL,0,MIL,111,,,0,3.0
0028800689,1989-03-02,1988,Regular Season,NYK vs. MIA,1,MIA,132,,,1,1.0
0028800707,1989-03-04,1988,Regular Season,NYK vs. CHI,1,CHI,122,,,1,2.0
0028800722,1989-03-07,1988,Regular Season,NYK vs. PHX,1,PHX,124,,,1,3.0
0028800744,1989-03-11,1988,Regular Season,NYK vs. IND,1,IND,114,,,1,4.0
0028800769,1989-03-14,1988,Regular Season,NYK vs. SEA,1,SEA,116,,,1,3.0
0028800780,1989-03-16,1988,Regular Season,NYK vs. PHL,1,PHL,112,,,0,2.0
0028800782,1989-03-17,1988,Regular Season,NYK @ CHI,0,CHI,124,,,0,1.0
0028800799,1989-03-19,1988,Regular Season,NYK vs. MIL,1,MIL,128,,,1,2.0
0028800802,1989-03-20,1988,Regular Season,NYK @ PHL,0,PHL,129,,,1,1.0
0028800815,1989-03-22,1988,Regular Season,NYK @ MIA,0,MIA,103,,,0,2.0
0028800829,1989-03-24,1988,Regular Season,NYK @ BOS,0,BOS,111,,,0,2.0
0028800838,1989-03-25,1988,Regular Season,NYK vs. ATL,1,ATL,108,,,0,1.0
0028800850,1989-03-27,1988,Regular Season,NYK @ CHH,0,CHH,121,,,1,2.0
0028800858,1989-03-28,1988,Regular Season,NYK vs. POR,1,POR,128,,,1,1.0
0028800868,1989-03-30,1988,Regular Season,NYK vs. DAL,1,DAL,99,,,1,2.0
0028800874,1989-03-31,1988,Regular Season,NYK vs. GOS,1,GOS,114,,,0,1.0
0028800900,1989-04-04,1988,Regular Season,NYK vs. PHL,1,PHL,113,,,0,4.0
0028800913,1989-04-06,1988,Regular Season,NYK @ MIL,0,MIL,112,,,1,2.0
0028800921,1989-04-07,1988,Regular Season,NYK @ NJN,0,NJN,105,,,0,1.0
0028800930,1989-04-09,1988,Regular Season,NYK @ WAS,0,WAS,94,,,1,2.0
0028800948,1989-04-12,1988,Regular Season,NYK vs. CHH,1,CHH,99,,,0,3.0
0028800962,1989-04-14,1988,Regular Season,NYK vs. DET,1,DET,104,,,1,2.0
0028800977,1989-04-16,1988,Regular Season,NYK @ PHL,0,PHL,112,,,0,2.0
0028800983,1989-04-17,1988,Regular Season,NYK @ CHI,0,CHI,100,,,0,1.0
0028801000,1989-04-20,1988,Regular Season,NYK vs. BOS,1,BOS,137,,,1,3.0
0028801014,1989-04-22,1988,Regular Season,NYK vs. NJN,1,NJN,109,,,1,2.0
0048800003,1989-04-27,1988,Playoffs,NYK vs. PHL,1,PHL,102,,,1,
0048800011,1989-04-29,1988,Playoffs,NYK vs. PHL,1,PHL,107,,,1,2.0
0048800018,1989-05-02,1988,Playoffs,NYK @ PHL,0,PHL,116,,,1,3.0
0048800032,1989-05-09,1988,Playoffs,NYK vs. CHI,1,CHI,109,,,0,7.0
0048800037,1989-05-11,1988,Playoffs,NYK vs. CHI,1,CHI,114,,,1,2.0
0048800041,1989-05-13,1988,Playoffs,NYK @ CHI,0,CHI,88,,,0,2.0
0048800044,1989-05-14,1988,Playoffs,NYK @ CHI,0,CHI,93,,,0,1.0
0048800046,1989-05-16,1988,Playoffs,NYK vs. CHI,1,CHI,121,,,1,2.0
0048800048,1989-05-19,1988,Playoffs,NYK @ CHI,0,CHI,111,,,0,3.0
0028900005,1989-11-03,1989,Regular Season,NYK @ DET,0,DET,103,,,0,
0028900013,1989-11-04,1989,Regular Season,NYK vs. MIA,1,MIA,119,,,1,1.0
0028900024,1989-11-06,1989,Regular Season,NYK @ ORL,0,ORL,110,,,0,2.0
0028900046,1989-11-09,1989,Regular Season,NYK vs. NJN,1,NJN,107,,,1,3.0
0028900065,1989-11-11,1989,Regular Season,NYK @ LAC,0,LAC,112,,,1,2.0
0028900080,1989-11-14,1989,Regular Season,NYK @ POR,0,POR,117,,,0,3.0
0028900090,1989-11-16,1989,Regular Season,NYK @ SAC,0,SAC,121,,,1,2.0
0028900108,1989-11-18,1989,Regular Season,NYK vs. MIN,1,MIN,111,,,1,2.0
0028900120,1989-11-21,1989,Regular Season,NYK vs. HOU,1,HOU,114,,,1,3.0
0028900129,1989-11-22,1989,Regular Season,NYK @ CLE,0,CLE,85,,,0,1.0
0028900152,1989-11-25,1989,Regular Season,NYK vs. MIL,1,MIL,125,,,1,3.0
0028900159,1989-11-27,1989,Regular Season,NYK vs. CHH,1,CHH,119,,,1,2.0
0028900170,1989-11-29,1989,Regular Season,NYK @ GOS,0,GOS,129,,,1,2.0
0028900183,1989-11-30,1989,Regular Season,NYK @ SEA,0,SEA,122,,,0,1.0
0028900200,1989-12-02,1989,Regular Season,NYK @ PHX,0,PHX,122,,,1,2.0
0028900204,1989-12-03,1989,Regular Season,NYK @ LAL,0,LAL,104,,,0,1.0
0028900213,1989-12-05,1989,Regular Season,NYK vs. PHL,1,PHL,110,,,1,2.0
0028900221,1989-12-06,1989,Regular Season,NYK @ BOS,0,BOS,98,,,0,1.0
0028900238,1989-12-09,1989,Regular Season,NYK vs. BOS,1,BOS,124,,,1,3.0
0028900272,1989-12-15,1989,Regular Season,NYK @ ATL,0,ATL,113,,,1,6.0
0028900286,1989-12-16,1989,Regular Season,NYK vs. SEA,1,SEA,118,,,1,1.0
0028900293,1989-12-19,1989,Regular Season,NYK vs. UTH,1,UTH,115,,,1,3.0
0028900319,1989-12-22,1989,Regular Season,NYK @ WAS,0,WAS,122,,,1,3.0
0028900324,1989-12-23,1989,Regular Season,NYK vs. NJN,1,NJN,94,,,1,1.0
0028900344,1989-12-26,1989,Regular Season,NYK @ MIA,0,MIA,100,,,1,3.0
0028900352,1989-12-28,1989,Regular Season,NYK @ NJN,0,NJN,106,,,1,2.0
0028900368,1989-12-30,1989,Regular Season,NYK vs. ORL,1,ORL,113,,,1,2.0
0028900379,1990-01-02,1989,Regular Season,NYK vs. PHX,1,PHX,99,,,0,3.0
0028900393,1990-01-04,1989,Regular Season,NYK vs. ATL,1,ATL,100,,,1,2.0
0028900412,1990-01-06,1989,Regular Season,NYK @ DET,0,DET,106,,,0,2.0
0028900417,1990-01-07,1989,Regular Season,NYK vs. LAC,1,LAC,110,,,1,1.0
0028900427,1990-01-09,1989,Regular Season,NYK vs. WAS,1,WAS,131,,,1,2.0
0028900438,1990-01-10,1989,Regular Season,NYK @ PHL,0,PHL,111,,,0,1.0
0028900453,1990-01-12,1989,Regular Season,NYK @ IND,0,IND,101,,,1,2.0
0028900454,1990-01-13,1989,Regular Season,NYK vs. SAN,1,SAN,107,,,1,1.0
0028900471,1990-01-15,1989,Regular Season,NYK vs. CHI,1,CHI,109,,,1,2.0
0028900485,1990-01-17,1989,Regular Season,NYK @ SAN,0,SAN,97,,,0,2.0
0028900496,1990-01-19,1989,Regular Season,NYK @ DAL,0,DAL,103,,,0,2.0
0028900510,1990-01-21,1989,Regular Season,NYK @ CHI,0,CHI,109,,,0,2.0
0028900517,1990-01-23,1989,Regular Season,NYK vs. LAL,1,LAL,97,,,0,2.0
0028900535,1990-01-25,1989,Regular Season,NYK @ UTH,0,UTH,89,,,0,2.0
0028900555,1990-01-27,1989,Regular Season,NYK @ DEN,0,DEN,110,,,1,2.0
0028900569,1990-01-31,1989,Regular Season,NYK @ BOS,0,BOS,91,,,0,4.0
0028900577,1990-02-01,1989,Regular Season,NYK vs. SAC,1,SAC,96,,,1,1.0
0028900597,1990-02-03,1989,Regular Season,NYK vs. IND,1,IND,112,,,1,2.0
0028900605,1990-02-05,1989,Regular Season,NYK vs. MIA,1,MIA,116,,,1,2.0
0028900614,1990-02-06,1989,Regular Season,NYK @ ORL,0,ORL,117,,,1,1.0
0028900624,1990-02-08,1989,Regular Season,NYK vs. GOS,1,GOS,122,,,1,2.0
0028900634,1990-02-13,1989,Regular Season,NYK @ ATL,0,ATL,114,,,1,5.0
0028900653,1990-02-15,1989,Regular Season,NYK @ HOU,0,HOU,105,,,0,2.0
0028900671,1990-02-17,1989,Regular Season,NYK vs. CLE,1,CLE,119,,,1,2.0
0028900702,1990-02-22,1989,Regular Season,NYK @ WAS,0,WAS,119,,,1,5.0
0028900709,1990-02-23,1989,Regular Season,NYK @ MIA,0,MIA,121,,,0,1.0
0028900723,1990-02-25,1989,Regular Season,NYK vs. DET,1,DET,87,,,0,2.0
0028900736,1990-02-27,1989,Regular Season,NYK vs. DAL,1,DAL,110,,,1,2.0
0028900753,1990-03-01,1989,Regular Season,NYK vs. PHL,1,PHL,100,,,0,2.0
0028900763,1990-03-03,1989,Regular Season,NYK @ MIL,0,MIL,106,,,1,2.0
0028900781,1990-03-06,1989,Regular Season,NYK vs. POR,1,POR,100,,,0,3.0
0028900795,1990-03-07,1989,Regular Season,NYK @ PHL,0,PHL,93,,,0,1.0
0028900808,1990-03-10,1989,Regular Season,NYK vs. NJN,1,NJN,110,,,1,3.0
0028900816,1990-03-11,1989,Regular Season,NYK @ MIA,0,MIA,106,,,1,1.0
0028900833,1990-03-13,1989,Regular Season,NYK vs. CHI,1,CHI,108,,,0,2.0
0028900840,1990-03-15,1989,Regular Season,NYK @ MIN,0,MIN,82,,,0,2.0
0028900856,1990-03-17,1989,Regular Season,NYK vs. MIL,1,MIL,111,,,0,2.0
0028900877,1990-03-20,1989,Regular Season,NYK vs. ORL,1,ORL,118,,,0,3.0
0028900897,1990-03-23,1989,Regular Season,NYK @ CHH,0,CHH,93,,,0,3.0
0028900908,1990-03-24,1989,Regular Season,NYK vs. BOS,1,BOS,110,,,0,1.0
0028900925,1990-03-27,1989,Regular Season,NYK vs. WAS,1,WAS,119,,,1,3.0
0028900936,1990-03-28,1989,Regular Season,NYK @ NJN,0,NJN,101,,,0,1.0
0028900946,1990-03-30,1989,Regular Season,NYK @ CHI,0,CHI,106,,,0,2.0
0028900954,1990-03-31,1989,Regular Season,NYK vs. DEN,1,DEN,115,,,0,1.0
0028900967,1990-04-03,1989,Regular Season,NYK vs. CLE,1,CLE,106,,,1,3.0
0028900982,1990-04-04,1989,Regular Season,NYK @ WAS,0,WAS,118,,,1,1.0
0028900995,1990-04-06,1989,Regular Season,NYK vs. PHL,1,PHL,114,,,1,2.0
0028901004,1990-04-08,1989,Regular Season,NYK @ IND,0,IND,97,,,0,2.0
0028901020,1990-04-10,1989,Regular Season,NYK vs. DET,1,DET,98,,,0,2.0
0028901035,1990-04-12,1989,Regular Season,NYK vs. IND,1,IND,108,,,1,2.0
0028901053,1990-04-15,1989,Regular Season,NYK @ BOS,0,BOS,94,,,0,3.0
0028901058,1990-04-16,1989,Regular Season,NYK vs. MIA,1,MIA,119,,,1,1.0
0028901076,1990-04-19,1989,Regular Season,NYK @ MIL,0,MIL,95,,,0,3.0
0028901083,1990-04-20,1989,Regular Season,NYK vs. ATL,1,ATL,112,,,0,1.0
0028901106,1990-04-22,1989,Regular Season,NYK @ CLE,0,CLE,99,,,0,2.0
0048900005,1990-04-26,1989,Playoffs,NYK @ BOS,0,BOS,105,,,0,
0048900011,1990-04-28,1989,Playoffs,NYK @ BOS,0,BOS,128,,,0,2.0
0048900024,1990-05-02,1989,Playoffs,NYK vs. BOS,1,BOS,102,,,1,4.0
0048900029,1990-05-04,1989,Playoffs,NYK vs. BOS,1,BOS,135,,,1,2.0
0048900032,1990-05-06,1989,Playoffs,NYK @ BOS,0,BOS,121,,,1,2.0
0048900036,1990-05-08,1989,Playoffs,NYK @ DET,0,DET,77,,,0,2.0
0048900040,1990-05-10,1989,Playoffs,NYK @ DET,0,DET,97,,,0,2.0
0048900044,1990-05-12,1989,Playoffs,NYK vs. DET,1,DET,111,,,1,2.0
0048900046,1990-05-13,1989,Playoffs,NYK vs. DET,1,DET,90,,,0,1.0
0048900051,1990-05-15,1989,Playoffs,NYK @ DET,0,DET,84,,,0,2.0
0029000003,1990-11-02,1990,Regular Season,NYK @ CHH,0,CHH,134,,,1,
0029000020,1990-11-03,1990,Regular Season,NYK vs. BOS,1,BOS,103,,,0,1.0
0029000032,1990-11-06,1990,Regular Season,NYK vs. DAL,1,DAL,91,,,0,3.0
0029000047,1990-11-08,1990,Regular Season,NYK vs. WAS,1,WAS,114,,,1,2.0
0029000058,1990-11-10,1990,Regular Season,NYK @ SAC,0,SAC,93,,,1,2.0
0029000068,1990-11-11,1990,Regular Season,NYK @ LAL,0,LAL,109,,,1,1.0
0029000080,1990-11-13,1990,Regular Season,NYK @ SEA,0,SEA,116,,,1,2.0
0029000092,1990-11-15,1990,Regular Season,NYK @ POR,0,POR,125,,,0,2.0
0029000105,1990-11-17,1990,Regular Season,NYK vs. PHL,1,PHL,106,,,1,2.0
0029000127,1990-11-20,1990,Regular Season,NYK vs. HOU,1,HOU,88,,,0,3.0
0029000151,1990-11-24,1990,Regular Season,NYK vs. MIL,1,MIL,97,,,0,4.0
0029000166,1990-11-27,1990,Regular Season,NYK vs. CLE,1,CLE,102,,,0,3.0
0029000175,1990-11-28,1990,Regular Season,NYK @ DET,0,DET,83,,,0,1.0
0029000191,1990-11-30,1990,Regular Season,NYK @ MIL,0,MIL,97,,,0,2.0
0029000199,1990-12-01,1990,Regular Season,NYK vs. CHH,1,CHH,113,,,1,1.0
0029000214,1990-12-04,1990,Regular Season,NYK vs. ORL,1,ORL,102,,,0,3.0
0029000235,1990-12-07,1990,Regular Season,NYK @ CHI,0,CHI,98,,,0,3.0
0029000241,1990-12-08,1990,Regular Season,NYK @ ATL,0,ATL,86,,,0,1.0
0029000260,1990-12-11,1990,Regular Season,NYK vs. MIA,1,MIA,109,,,1,3.0
0029000272,1990-12-13,1990,Regular Season,NYK @ MIN,0,MIN,87,,,1,2.0
0029000283,1990-12-15,1990,Regular Season,NYK @ NJN,0,NJN,125,,,1,2.0
0029000300,1990-12-18,1990,Regular Season,NYK vs. LAL,1,LAL,97,,,0,3.0
0029000313,1990-12-19,1990,Regular Season,NYK @ MIA,0,MIA,104,,,1,1.0
0029000325,1990-12-21,1990,Regular Season,NYK @ WAS,0,WAS,85,,,0,2.0
0029000334,1990-12-22,1990,Regular Season,NYK vs. NJN,1,NJN,106,,,1,1.0
0029000345,1990-12-26,1990,Regular Season,NYK vs. POR,1,POR,92,,,0,4.0
0029000372,1990-12-29,1990,Regular Season,NYK vs. MIL,1,MIL,100,,,0,3.0
0029000389,1991-01-02,1990,Regular Season,NYK @ BOS,0,BOS,86,,,0,4.0
0029000393,1991-01-03,1990,Regular Season,NYK vs. DEN,1,DEN,135,,,1,1.0
0029000418,1991-01-06,1990,Regular Season,NYK vs. LAC,1,LAC,99,,,1,3.0
0029000423,1991-01-08,1990,Regular Season,NYK vs. BOS,1,BOS,87,,,0,2.0
0029000442,1991-01-10,1990,Regular Season,NYK vs. IND,1,IND,122,,,0,2.0
0029000461,1991-01-12,1990,Regular Season,NYK vs. ATL,1,ATL,99,,,1,2.0
0029000468,1991-01-14,1990,Regular Season,NYK @ ATL,0,ATL,82,,,0,2.0
0029000481,1991-01-16,1990,Regular Season,NYK vs. MIN,1,MIN,89,,,0,2.0
0029000497,1991-01-18,1990,Regular Season,NYK @ MIA,0,MIA,86,,,0,2.0
0029000500,1991-01-19,1990,Regular Season,NYK @ PHL,0,PHL,112,,,1,1.0
0029000514,1991-01-21,1990,Regular Season,NYK vs. PHL,1,PHL,117,,,1,2.0
0029000528,1991-01-23,1990,Regular Season,NYK @ UTH,0,UTH,109,,,1,2.0
0029000533,1991-01-24,1990,Regular Season,NYK @ DEN,0,DEN,117,,,0,1.0
0029000551,1991-01-26,1990,Regular Season,NYK @ PHX,0,PHX,94,,,0,2.0
0029000559,1991-01-28,1990,Regular Season,NYK @ GOS,0,GOS,106,,,0,2.0
0029000566,1991-01-29,1990,Regular Season,NYK @ LAC,0,LAC,108,,,1,1.0
0029000576,1991-01-31,1990,Regular Season,NYK vs. WAS,1,WAS,98,,,0,2.0
0029000590,1991-02-02,1990,Regular Season,NYK vs. SAC,1,SAC,92,,,1,2.0
0029000610,1991-02-05,1990,Regular Season,NYK @ ORL,0,ORL,116,,,0,3.0
0029000625,1991-02-07,1990,Regular Season,NYK vs. BOS,1,BOS,101,,,0,2.0
0029000639,1991-02-12,1990,Regular Season,NYK @ IND,0,IND,114,,,1,5.0
0029000648,1991-02-14,1990,Regular Season,NYK vs. CHI,1,CHI,92,,,0,2.0
0029000659,1991-02-15,1990,Regular Season,NYK @ CLE,0,CLE,85,,,0,1.0
0029000668,1991-02-17,1990,Regular Season,NYK vs. DET,1,DET,116,,,1,2.0
0029000680,1991-02-19,1990,Regular Season,NYK vs. ATL,1,ATL,102,,,0,2.0
0029000698,1991-02-21,1990,Regular Season,NYK vs. SEA,1,SEA,101,,,0,2.0
0029000709,1991-02-23,1990,Regular Season,NYK @ WAS,0,WAS,104,,,1,2.0
0029000721,1991-02-24,1990,Regular Season,NYK @ MIA,0,MIA,108,,,1,1.0
0029000727,1991-02-26,1990,Regular Season,NYK vs. WAS,1,WAS,112,,,1,2.0
0029000747,1991-02-28,1990,Regular Season,NYK vs. SAN,1,SAN,100,,,1,2.0
0029000760,1991-03-02,1990,Regular Season,NYK @ NJN,0,NJN,115,,,1,2.0
0029000779,1991-03-05,1990,Regular Season,NYK vs. PHX,1,PHX,102,,,0,3.0
0029000788,1991-03-06,1990,Regular Season,NYK @ DET,0,DET,102,,,1,1.0
0029000807,1991-03-09,1990,Regular Season,NYK vs. UTH,1,UTH,101,,,1,3.0
0029000821,1991-03-11,1990,Regular Season,NYK vs. NJN,1,NJN,90,,,1,2.0
0029000832,1991-03-13,1990,Regular Season,NYK @ PHL,0,PHL,102,,,1,2.0
0029000838,1991-03-14,1990,Regular Season,NYK vs. MIA,1,MIA,125,,,1,1.0
0029000866,1991-03-17,1990,Regular Season,NYK @ MIL,0,MIL,101,,,0,3.0
0029000873,1991-03-19,1990,Regular Season,NYK @ CHH,0,CHH,97,,,1,2.0
0029000880,1991-03-20,1990,Regular Season,NYK vs. CLE,1,CLE,102,,,1,1.0
0029000894,1991-03-22,1990,Regular Season,NYK @ DAL,0,DAL,102,,,0,2.0
0029000912,1991-03-23,1990,Regular Season,NYK @ HOU,0,HOU,98,,,0,1.0
0029000923,1991-03-26,1990,Regular Season,NYK @ SAN,0,SAN,119,,,0,3.0
0029000938,1991-03-28,1990,Regular Season,NYK vs. GOS,1,GOS,104,,,0,2.0
0029000951,1991-03-30,1990,Regular Season,NYK @ NJN,0,NJN,130,,,1,2.0
0029000976,1991-04-03,1990,Regular Season,NYK @ CLE,0,CLE,84,,,0,4.0
0029000984,1991-04-04,1990,Regular Season,NYK vs. CHI,1,CHI,91,,,0,1.0
0029000998,1991-04-06,1990,Regular Season,NYK vs. DET,1,DET,101,,,1,2.0
0029001021,1991-04-09,1990,Regular Season,NYK @ CHI,0,CHI,106,,,0,3.0
0029001024,1991-04-10,1990,Regular Season,NYK @ PHL,0,PHL,84,,,0,1.0
0029001037,1991-04-12,1990,Regular Season,NYK vs. IND,1,IND,112,,,1,2.0
0029001052,1991-04-14,1990,Regular Season,NYK @ BOS,0,BOS,102,,,0,2.0
0029001060,1991-04-16,1990,Regular Season,NYK vs. PHL,1,PHL,108,,,1,2.0
0029001085,1991-04-19,1990,Regular Season,NYK @ IND,0,IND,118,,,0,3.0
0029001093,1991-04-20,1990,Regular Season,NYK vs. CHH,1,CHH,108,,,1,1.0
0049000003,1991-04-25,1990,Playoffs,NYK @ CHI,0,CHI,85,,,0,
0049000015,1991-04-28,1990,Playoffs,NYK @ CHI,0,CHI,79,,,0,3.0
0049000020,1991-04-30,1990,Playoffs,NYK vs. CHI,1,CHI,94,,,0,2.0
0029100003,1991-11-01,1991,Regular Season,NYK @ ORL,0,ORL,96,,,0,
0029100018,1991-11-02,1991,Regular Season,NYK @ MIA,0,MIA,93,,,0,1.0
0029100034,1991-11-05,1991,Regular Season,NYK vs. MIL,1,MIL,113,,,1,3.0
0029100050,1991-11-07,1991,Regular Season,NYK vs. ORL,1,ORL,128,,,1,2.0
0029100066,1991-11-09,1991,Regular Season,NYK vs. CHH,1,CHH,118,,,1,2.0
0029100080,1991-11-12,1991,Regular Season,NYK vs. NJN,1,NJN,98,,,1,3.0
0029100091,1991-11-13,1991,Regular Season,NYK @ IND,0,IND,107,,,0,1.0
0029100108,1991-11-16,1991,Regular Season,NYK @ SAN,0,SAN,89,,,0,3.0
0029100122,1991-11-19,1991,Regular Season,NYK @ HOU,0,HOU,79,,,0,3.0
0029100130,1991-11-20,1991,Regular Season,NYK @ DAL,0,DAL,92,,,1,1.0
0029100150,1991-11-22,1991,Regular Season,NYK @ DET,0,DET,99,,,1,2.0
0029100151,1991-11-23,1991,Regular Season,NYK vs. PHL,1,PHL,100,,,1,1.0
0029100166,1991-11-26,1991,Regular Season,NYK vs. MIA,1,MIA,98,,,1,3.0
0029100196,1991-11-30,1991,Regular Season,NYK vs. DET,1,DET,103,,,1,4.0
0029100208,1991-12-02,1991,Regular Season,NYK @ CHH,0,CHH,99,,,1,2.0
0029100239,1991-12-06,1991,Regular Season,NYK @ BOS,0,BOS,92,,,0,4.0
0029100242,1991-12-07,1991,Regular Season,NYK @ ATL,0,ATL,137,,,1,1.0
0029100256,1991-12-10,1991,Regular Season,NYK @ NJN,0,NJN,114,,,1,3.0
0029100266,1991-12-11,1991,Regular Season,NYK vs. SEA,1,SEA,96,,,1,1.0
0029100277,1991-12-13,1991,Regular Season,NYK @ CHI,0,CHI,89,,,0,2.0
0029100290,1991-12-14,1991,Regular Season,NYK vs. BOS,1,BOS,111,,,1,1.0
0029100308,1991-12-17,1991,Regular Season,NYK vs. NJN,1,NJN,102,,,1,3.0
0029100337,1991-12-21,1991,Regular Season,NYK vs. UTH,1,UTH,106,,,1,4.0
0029100345,1991-12-23,1991,Regular Season,NYK @ MIN,0,MIN,97,,,1,2.0
0029100358,1991-12-26,1991,Regular Season,NYK vs. SAN,1,SAN,89,,,0,3.0
0029100374,1991-12-28,1991,Regular Season,NYK vs. IND,1,IND,115,,,1,2.0
0029100390,1992-01-02,1991,Regular Season,NYK vs. CLE,1,CLE,103,,,0,5.0
0029100404,1992-01-04,1991,Regular Season,NYK @ WAS,0,WAS,113,,,1,2.0
0029100415,1992-01-05,1991,Regular Season,NYK vs. PHX,1,PHX,108,,,1,1.0
0029100423,1992-01-07,1991,Regular Season,NYK vs. ATL,1,ATL,94,,,0,2.0
0029100437,1992-01-08,1991,Regular Season,NYK @ BOS,0,BOS,95,,,0,1.0
0029100462,1992-01-11,1991,Regular Season,NYK vs. BOS,1,BOS,100,,,1,3.0
0029100472,1992-01-14,1991,Regular Season,NYK @ ORL,0,ORL,115,,,1,3.0
0029100484,1992-01-15,1991,Regular Season,NYK vs. POR,1,POR,91,,,0,1.0
0029100494,1992-01-17,1991,Regular Season,NYK @ MIL,0,MIL,85,,,0,2.0
0029100500,1992-01-18,1991,Regular Season,NYK @ CLE,0,CLE,106,,,0,1.0
0029100516,1992-01-20,1991,Regular Season,NYK vs. IND,1,IND,105,,,1,2.0
0029100533,1992-01-22,1991,Regular Season,NYK @ PHL,0,PHL,109,,,0,2.0
0029100547,1992-01-24,1991,Regular Season,NYK @ GOS,0,GOS,114,,,1,2.0
0029100554,1992-01-25,1991,Regular Season,NYK @ LAC,0,LAC,100,,,1,1.0
0029100559,1992-01-27,1991,Regular Season,NYK @ UTH,0,UTH,97,,,1,2.0
0029100572,1992-01-29,1991,Regular Season,NYK vs. WAS,1,WAS,101,,,1,2.0
0029100584,1992-01-31,1991,Regular Season,NYK @ WAS,0,WAS,125,,,1,2.0
0029100598,1992-02-02,1991,Regular Season,NYK vs. GOS,1,GOS,113,,,0,2.0
0029100614,1992-02-04,1991,Regular Season,NYK vs. MIA,1,MIA,122,,,1,2.0
0029100626,1992-02-06,1991,Regular Season,NYK vs. HOU,1,HOU,102,,,1,2.0
0029100647,1992-02-12,1991,Regular Season,NYK @ IND,0,IND,111,,,1,6.0
0029100652,1992-02-13,1991,Regular Season,NYK vs. CHI,1,CHI,85,,,0,1.0
0029100669,1992-02-15,1991,Regular Season,NYK @ CHI,0,CHI,98,,,0,2.0
0029100681,1992-02-17,1991,Regular Season,NYK @ MIA,0,MIA,104,,,1,2.0
0029100691,1992-02-18,1991,Regular Season,NYK vs. SAC,1,SAC,110,,,1,1.0
0029100702,1992-02-20,1991,Regular Season,NYK vs. CLE,1,CLE,89,,,0,2.0
0029100722,1992-02-22,1991,Regular Season,NYK vs. DEN,1,DEN,98,,,1,2.0
0029100734,1992-02-24,1991,Regular Season,NYK @ PHX,0,PHX,95,,,0,2.0
0029100740,1992-02-26,1991,Regular Season,NYK @ LAL,0,LAL,68,,,0,2.0
0029100753,1992-02-27,1991,Regular Season,NYK @ SAC,0,SAC,109,,,0,1.0
0029100762,1992-02-29,1991,Regular Season,NYK vs. MIN,1,MIN,103,,,1,2.0
0029100773,1992-03-01,1991,Regular Season,NYK @ NJN,0,NJN,75,,,0,1.0
0029100781,1992-03-03,1991,Regular Season,NYK vs. DAL,1,DAL,102,,,1,2.0
0029100796,1992-03-05,1991,Regular Season,NYK vs. LAC,1,LAC,101,,,1,2.0
0029100815,1992-03-07,1991,Regular Season,NYK vs. CHH,1,CHH,107,,,1,2.0
0029100826,1992-03-09,1991,Regular Season,NYK @ PHL,0,PHL,111,,,1,2.0
0029100828,1992-03-10,1991,Regular Season,NYK vs. LAL,1,LAL,104,,,0,1.0
0029100864,1992-03-14,1991,Regular Season,NYK vs. NJN,1,NJN,94,,,0,4.0
0029100879,1992-03-17,1991,Regular Season,NYK @ ORL,0,ORL,99,,,1,3.0
0029100894,1992-03-19,1991,Regular Season,NYK vs. MIL,1,MIL,96,,,1,2.0
0029100907,1992-03-21,1991,Regular Season,NYK vs. MIA,1,MIA,105,,,1,2.0
0029100926,1992-03-24,1991,Regular Season,NYK vs. ORL,1,ORL,126,,,1,3.0
0029100939,1992-03-26,1991,Regular Season,NYK @ DEN,0,DEN,106,,,1,2.0
0029100951,1992-03-28,1991,Regular Season,NYK @ SEA,0,SEA,92,,,1,2.0
0029100960,1992-03-29,1991,Regular Season,NYK @ POR,0,POR,107,,,1,1.0
0029100969,1992-03-31,1991,Regular Season,NYK vs. CHI,1,CHI,90,,,0,2.0
0029100986,1992-04-02,1991,Regular Season,NYK @ CHH,0,CHH,117,,,1,2.0
0029100991,1992-04-03,1991,Regular Season,NYK vs. ATL,1,ATL,115,,,1,1.0
0029101004,1992-04-05,1991,Regular Season,NYK @ CLE,0,CLE,93,,,0,2.0
0029101013,1992-04-07,1991,Regular Season,NYK vs. DET,1,DET,94,,,0,2.0
0029101029,1992-04-08,1991,Regular Season,NYK @ BOS,0,BOS,89,,,0,1.0
0029101040,1992-04-10,1991,Regular Season,NYK vs. PHL,1,PHL,115,,,1,2.0
0029101057,1992-04-12,1991,Regular Season,NYK @ DET,0,DET,61,,,0,2.0
0029101066,1992-04-14,1991,Regular Season,NYK vs. WAS,1,WAS,93,,,1,2.0
0029101079,1992-04-15,1991,Regular Season,NYK @ ATL,0,ATL,94,,,0,1.0
0029101095,1992-04-18,1991,Regular Season,NYK @ MIL,0,MIL,114,,,1,3.0
0049100008,1992-04-24,1991,Playoffs,NYK vs. DET,1,DET,109,,,1,
0049100015,1992-04-26,1991,Playoffs,NYK vs. DET,1,DET,88,,,0,2.0
0049100020,1992-04-28,1991,Playoffs,NYK @ DET,0,DET,90,,,1,2.0
0049100028,1992-05-01,1991,Playoffs,NYK @ DET,0,DET,82,,,0,3.0
0049100031,1992-05-03,1991,Playoffs,NYK vs. DET,1,DET,94,,,1,2.0
0049100035,1992-05-05,1991,Playoffs,NYK @ CHI,0,CHI,94,,,1,2.0
0049100037,1992-05-07,1991,Playoffs,NYK @ CHI,0,CHI,78,,,0,2.0
0049100042,1992-05-09,1991,Playoffs,NYK vs. CHI,1,CHI,86,,,0,2.0
0049100045,1992-05-10,1991,Playoffs,NYK vs. CHI,1,CHI,93,,,1,1.0
0049100048,1992-05-12,1991,Playoffs,NYK @ CHI,0,CHI,88,,,0,2.0
0049100050,1992-05-14,1991,Playoffs,NYK vs. CHI,1,CHI,100,,,1,2.0
0049100056,1992-05-17,1991,Playoffs,NYK @ CHI,0,CHI,81,,,0,3.0
0029200005,1992-11-06,1992,Regular Season,NYK @ ATL,0,ATL,106,,,1,
0029200016,1992-11-07,1992,Regular Season,NYK vs. PHL,1,PHL,89,,,1,1.0
0029200036,1992-11-10,1992,Regular Season,NYK vs. NJN,1,NJN,99,,,1,3.0
0029200050,1992-11-13,1992,Regular Season,NYK @ WAS,0,WAS,104,,,0,3.0
0029200059,1992-11-14,1992,Regular Season,NYK vs. BOS,1,BOS,85,,,1,1.0
0029200071,1992-11-16,1992,Regular Season,NYK @ POR,0,POR,94,,,0,2.0
0029200075,1992-11-17,1992,Regular Season,NYK @ SEA,0,SEA,90,,,0,1.0
0029200090,1992-11-19,1992,Regular Season,NYK @ LAC,0,LAC,91,,,0,2.0
0029200110,1992-11-21,1992,Regular Season,NYK vs. ORL,1,ORL,92,,,1,2.0
0029200122,1992-11-24,1992,Regular Season,NYK vs. WAS,1,WAS,98,,,1,3.0
0029200126,1992-11-25,1992,Regular Season,NYK @ MIN,0,MIN,99,,,1,1.0
0029200158,1992-11-28,1992,Regular Season,NYK vs. CHI,1,CHI,112,,,1,3.0
0029200162,1992-11-29,1992,Regular Season,NYK @ DET,0,DET,76,,,0,1.0
0029200165,1992-12-01,1992,Regular Season,NYK vs. POR,1,POR,101,,,1,2.0
0029200178,1992-12-03,1992,Regular Season,NYK @ CLE,0,CLE,90,,,0,2.0
0029200202,1992-12-05,1992,Regular Season,NYK vs. MIL,1,MIL,111,,,1,2.0
0029200214,1992-12-08,1992,Regular Season,NYK vs. SEA,1,SEA,100,,,1,3.0
0029200227,1992-12-10,1992,Regular Season,NYK vs. CHH,1,CHH,103,,,0,2.0
0029200246,1992-12-12,1992,Regular Season,NYK vs. DET,1,DET,95,,,1,2.0
0029200251,1992-12-14,1992,Regular Season,NYK vs. DEN,1,DEN,106,,,1,2.0
0029200258,1992-12-15,1992,Regular Season,NYK @ NJN,0,NJN,108,,,1,1.0
0029200278,1992-12-18,1992,Regular Season,NYK @ BOS,0,BOS,113,,,1,3.0
0029200289,1992-12-19,1992,Regular Season,NYK vs. MIA,1,MIA,91,,,1,1.0
0029200318,1992-12-25,1992,Regular Season,NYK @ CHI,0,CHI,77,,,0,6.0
0029200326,1992-12-26,1992,Regular Season,NYK @ MIL,0,MIL,100,,,0,1.0
0029200343,1992-12-29,1992,Regular Season,NYK vs. IND,1,IND,97,,,1,3.0
0029200349,1992-12-30,1992,Regular Season,NYK @ IND,0,IND,94,,,1,1.0
0029200358,1993-01-02,1992,Regular Season,NYK vs. LAC,1,LAC,97,,,0,3.0
0029200379,1993-01-05,1992,Regular Season,NYK vs. CLE,1,CLE,95,,,1,3.0
0029200399,1993-01-08,1992,Regular Season,NYK @ ORL,0,ORL,94,,,0,3.0
0029200417,1993-01-10,1992,Regular Season,NYK vs. BOS,1,BOS,97,,,0,2.0
0029200424,1993-01-12,1992,Regular Season,NYK @ SAC,0,SAC,104,,,1,2.0
0029200434,1993-01-13,1992,Regular Season,NYK @ DEN,0,DEN,92,,,0,1.0
0029200451,1993-01-15,1992,Regular Season,NYK @ DAL,0,DAL,107,,,1,2.0
0029200457,1993-01-16,1992,Regular Season,NYK @ HOU,0,HOU,102,,,0,1.0
0029200463,1993-01-18,1992,Regular Season,NYK vs. PHX,1,PHX,106,,,1,2.0
0029200483,1993-01-20,1992,Regular Season,NYK vs. CHH,1,CHH,114,,,1,2.0
0029200497,1993-01-22,1992,Regular Season,NYK @ PHL,0,PHL,109,,,1,2.0
0029200519,1993-01-26,1992,Regular Season,NYK vs. PHL,1,PHL,98,,,1,4.0
0029200530,1993-01-28,1992,Regular Season,NYK vs. ATL,1,ATL,105,,,0,2.0
0029200563,1993-02-02,1992,Regular Season,NYK vs. WAS,1,WAS,105,,,1,5.0
0029200578,1993-02-04,1992,Regular Season,NYK vs. GOS,1,GOS,105,,,1,2.0
0029200582,1993-02-05,1992,Regular Season,NYK @ MIA,0,MIA,108,,,1,1.0
0029200594,1993-02-07,1992,Regular Season,NYK vs. MIA,1,MIA,104,,,1,2.0
0029200600,1993-02-08,1992,Regular Season,NYK @ PHL,0,PHL,120,,,1,1.0
0029200619,1993-02-11,1992,Regular Season,NYK vs. HOU,1,HOU,125,,,1,3.0
0029200628,1993-02-12,1992,Regular Season,NYK @ CHI,0,CHI,104,,,1,1.0
0029200644,1993-02-14,1992,Regular Season,NYK @ ORL,0,ORL,100,,,0,2.0
0029200655,1993-02-16,1992,Regular Season,NYK vs. DAL,1,DAL,117,,,1,2.0
0029200667,1993-02-17,1992,Regular Season,NYK @ CHH,0,CHH,124,,,1,1.0
0029200685,1993-02-23,1992,Regular Season,NYK vs. MIN,1,MIN,95,,,1,6.0
0029200690,1993-02-24,1992,Regular Season,NYK @ MIL,0,MIL,91,,,1,1.0
0029200709,1993-02-26,1992,Regular Season,NYK @ DET,0,DET,80,,,0,2.0
0029200719,1993-02-28,1992,Regular Season,NYK @ NJN,0,NJN,76,,,0,2.0
0029200731,1993-03-02,1992,Regular Season,NYK vs. ATL,1,ATL,107,,,1,2.0
0029200748,1993-03-04,1992,Regular Season,NYK vs. UTH,1,UTH,125,,,1,2.0
0029200774,1993-03-08,1992,Regular Season,NYK vs. ORL,1,ORL,109,,,1,4.0
0029200790,1993-03-10,1992,Regular Season,NYK vs. LAL,1,LAL,110,,,1,2.0
0029200804,1993-03-12,1992,Regular Season,NYK @ WAS,0,WAS,109,,,1,2.0
0029200810,1993-03-14,1992,Regular Season,NYK vs. IND,1,IND,121,,,1,2.0
0029200822,1993-03-16,1992,Regular Season,NYK vs. MIL,1,MIL,102,,,1,2.0
0029200837,1993-03-18,1992,Regular Season,NYK @ CLE,0,CLE,115,,,1,2.0
0029200864,1993-03-21,1992,Regular Season,NYK vs. SAN,1,SAN,115,,,1,3.0
0029200872,1993-03-23,1992,Regular Season,NYK @ PHX,0,PHX,92,,,0,2.0
0029200890,1993-03-25,1992,Regular Season,NYK @ UTH,0,UTH,87,,,0,2.0
0029200891,1993-03-26,1992,Regular Season,NYK @ LAL,0,LAL,105,,,1,1.0
0029200910,1993-03-28,1992,Regular Season,NYK @ GOS,0,GOS,94,,,1,2.0
0029200924,1993-03-30,1992,Regular Season,NYK vs. SAC,1,SAC,109,,,1,2.0
0029200938,1993-04-01,1992,Regular Season,NYK vs. CLE,1,CLE,91,,,1,2.0
0029200943,1993-04-02,1992,Regular Season,NYK @ MIA,0,MIA,123,,,1,1.0
0029200959,1993-04-04,1992,Regular Season,NYK @ SAN,0,SAN,108,,,1,2.0
0029200973,1993-04-06,1992,Regular Season,NYK @ ATL,0,ATL,104,,,0,2.0
0029200980,1993-04-08,1992,Regular Season,NYK vs. BOS,1,BOS,110,,,1,2.0
0029201004,1993-04-11,1992,Regular Season,NYK @ BOS,0,BOS,102,,,1,3.0
0029201014,1993-04-13,1992,Regular Season,NYK vs. WAS,1,WAS,93,,,1,2.0
0029201026,1993-04-14,1992,Regular Season,NYK @ CHH,0,CHH,111,,,1,1.0
0029201038,1993-04-16,1992,Regular Season,NYK @ IND,0,IND,94,,,0,2.0
0029201045,1993-04-17,1992,Regular Season,NYK vs. DET,1,DET,95,,,1,1.0
0029201067,1993-04-20,1992,Regular Season,NYK @ MIA,0,MIA,109,,,1,3.0
0029201068,1993-04-21,1992,Regular Season,NYK vs. NJN,1,NJN,105,,,1,1.0
0029201090,1993-04-23,1992,Regular Season,NYK @ PHL,0,PHL,99,,,1,2.0
0029201105,1993-04-25,1992,Regular Season,NYK vs. CHI,1,CHI,89,,,1,2.0
0049200008,1993-04-30,1992,Playoffs,NYK vs. IND,1,IND,107,,,1,
0049200015,1993-05-02,1992,Playoffs,NYK vs. IND,1,IND,101,,,1,2.0
0049200021,1993-05-04,1992,Playoffs,NYK @ IND,0,IND,93,,,0,2.0
0049200027,1993-05-06,1992,Playoffs,NYK @ IND,0,IND,109,,,1,2.0
0049200036,1993-05-09,1992,Playoffs,NYK vs. CHH,1,CHH,111,,,1,3.0
0049200041,1993-05-12,1992,Playoffs,NYK vs. CHH,1,CHH,105,,,1,3.0
0049200044,1993-05-14,1992,Playoffs,NYK @ CHH,0,CHH,106,,,0,2.0
0049200050,1993-05-16,1992,Playoffs,NYK @ CHH,0,CHH,94,,,1,2.0
0049200053,1993-05-18,1992,Playoffs,NYK vs. CHH,1,CHH,105,,,1,2.0
0049200058,1993-05-23,1992,Playoffs,NYK vs. CHI,1,CHI,98,,,1,5.0
0049200060,1993-05-25,1992,Playoffs,NYK vs. CHI,1,CHI,96,,,1,2.0
0049200063,1993-05-29,1992,Playoffs,NYK @ CHI,0,CHI,83,,,0,4.0
0049200065,1993-05-31,1992,Playoffs,NYK @ CHI,0,CHI,95,,,0,2.0
0049200067,1993-06-02,1992,Playoffs,NYK vs. CHI,1,CHI,94,,,0,2.0
0049200069,1993-06-04,1992,Playoffs,NYK @ CHI,0,CHI,88,,,0,2.0
0029300005,1993-11-05,1993,Regular Season,NYK @ BOS,0,BOS,111,,,1,
0029300025,1993-11-07,1993,Regular Season,NYK @ CLE,0,CLE,115,,,1,2.0
0029300032,1993-11-09,1993,Regular Season,NYK vs. PHL,1,PHL,95,,,1,2.0
0029300045,1993-11-10,1993,Regular Season,NYK @ WAS,0,WAS,92,,,1,1.0
0029300054,1993-11-12,1993,Regular Season,NYK @ IND,0,IND,103,,,1,2.0
0029300066,1993-11-13,1993,Regular Season,NYK vs. MIL,1,MIL,99,,,1,1.0
0029300084,1993-11-16,1993,Regular Season,NYK @ DAL,0,DAL,103,,,1,3.0
0029300090,1993-11-17,1993,Regular Season,NYK @ SAN,0,SAN,90,,,0,1.0
0029300113,1993-11-20,1993,Regular Season,NYK vs. UTH,1,UTH,72,,,0,3.0
0029300122,1993-11-22,1993,Regular Season,NYK vs. MIA,1,MIA,119,,,1,2.0
0029300157,1993-11-27,1993,Regular Season,NYK vs. DET,1,DET,112,,,1,5.0
0029300185,1993-12-02,1993,Regular Season,NYK vs. HOU,1,HOU,85,,,0,5.0
0029300193,1993-12-04,1993,Regular Season,NYK vs. SAC,1,SAC,123,,,1,2.0
0029300206,1993-12-06,1993,Regular Season,NYK @ UTH,0,UTH,96,,,0,2.0
0029300209,1993-12-07,1993,Regular Season,NYK @ LAL,0,LAL,92,,,1,1.0
0029300223,1993-12-09,1993,Regular Season,NYK @ GOS,0,GOS,94,,,1,2.0
0029300247,1993-12-11,1993,Regular Season,NYK vs. IND,1,IND,98,,,1,2.0
0029300258,1993-12-14,1993,Regular Season,NYK vs. DEN,1,DEN,93,,,1,3.0
0029300270,1993-12-16,1993,Regular Season,NYK vs. LAL,1,LAL,108,,,1,2.0
0029300279,1993-12-17,1993,Regular Season,NYK @ CHI,0,CHI,86,,,0,1.0
0029300298,1993-12-20,1993,Regular Season,NYK vs. DAL,1,DAL,101,,,1,3.0
0029300310,1993-12-21,1993,Regular Season,NYK @ NJN,0,NJN,81,,,0,1.0
0029300320,1993-12-23,1993,Regular Season,NYK vs. ATL,1,ATL,84,,,1,2.0
0029300344,1993-12-28,1993,Regular Season,NYK vs. NJN,1,NJN,95,,,0,5.0
0029300357,1993-12-30,1993,Regular Season,NYK vs. WAS,1,WAS,102,,,1,2.0
0029300371,1994-01-02,1993,Regular Season,NYK vs. CHH,1,CHH,123,,,0,3.0
0029300383,1994-01-04,1993,Regular Season,NYK vs. ORL,1,ORL,100,,,1,2.0
0029300396,1994-01-06,1993,Regular Season,NYK @ MIL,0,MIL,92,,,1,2.0
0029300416,1994-01-08,1993,Regular Season,NYK @ CHH,0,CHH,99,,,0,2.0
0029300419,1994-01-09,1993,Regular Season,NYK vs. POR,1,POR,99,,,1,1.0
0029300425,1994-01-11,1993,Regular Season,NYK vs. LAC,1,LAC,98,,,1,2.0
0029300441,1994-01-13,1993,Regular Season,NYK @ DET,0,DET,94,,,1,2.0
0029300457,1994-01-15,1993,Regular Season,NYK vs. DET,1,DET,97,,,1,2.0
0029300465,1994-01-17,1993,Regular Season,NYK vs. MIN,1,MIN,106,,,1,2.0
0029300485,1994-01-19,1993,Regular Season,NYK vs. SAN,1,SAN,120,,,1,2.0
0029300494,1994-01-21,1993,Regular Season,NYK @ ORL,0,ORL,103,,,0,2.0
0029300512,1994-01-23,1993,Regular Season,NYK vs. PHL,1,PHL,92,,,0,2.0
0029300523,1994-01-25,1993,Regular Season,NYK vs. PHX,1,PHX,98,,,1,2.0
0029300536,1994-01-27,1993,Regular Season,NYK @ LAC,0,LAC,103,,,1,2.0
0029300546,1994-01-29,1993,Regular Season,NYK @ SEA,0,SEA,106,,,1,2.0
0029300556,1994-01-30,1993,Regular Season,NYK @ POR,0,POR,103,,,1,1.0
0029300561,1994-02-01,1993,Regular Season,NYK vs. BOS,1,BOS,114,,,1,2.0
0029300576,1994-02-02,1993,Regular Season,NYK @ WAS,0,WAS,85,,,1,1.0
0029300582,1994-02-04,1993,Regular Season,NYK @ ATL,0,ATL,102,,,0,2.0
0029300601,1994-02-06,1993,Regular Season,NYK vs. ORL,1,ORL,95,,,1,2.0
0029300606,1994-02-07,1993,Regular Season,NYK @ MIA,0,MIA,85,,,0,1.0
0029300618,1994-02-09,1993,Regular Season,NYK @ PHL,0,PHL,114,,,1,2.0
0029300629,1994-02-10,1993,Regular Season,NYK vs. GOS,1,GOS,105,,,0,1.0
0029300636,1994-02-15,1993,Regular Season,NYK @ NJN,0,NJN,83,,,0,5.0
0029300652,1994-02-17,1993,Regular Season,NYK @ CLE,0,CLE,102,,,1,2.0
0029300676,1994-02-20,1993,Regular Season,NYK vs. CHI,1,CHI,86,,,1,3.0
0029300688,1994-02-22,1993,Regular Season,NYK vs. SEA,1,SEA,82,,,0,2.0
0029300705,1994-02-24,1993,Regular Season,NYK @ HOU,0,HOU,73,,,0,2.0
0029300715,1994-02-25,1993,Regular Season,NYK @ DEN,0,DEN,94,,,0,1.0
0029300729,1994-02-27,1993,Regular Season,NYK @ PHX,0,PHX,78,,,0,2.0
0029300738,1994-03-01,1993,Regular Season,NYK @ SAC,0,SAC,100,,,1,2.0
0029300750,1994-03-03,1993,Regular Season,NYK vs. NJN,1,NJN,97,,,1,2.0
0029300776,1994-03-07,1993,Regular Season,NYK @ DET,0,DET,99,,,1,4.0
0029300793,1994-03-09,1993,Regular Season,NYK @ ATL,0,ATL,90,,,1,2.0
0029300807,1994-03-11,1993,Regular Season,NYK @ BOS,0,BOS,90,,,1,2.0
0029300809,1994-03-12,1993,Regular Season,NYK vs. CLE,1,CLE,96,,,1,1.0
0029300832,1994-03-15,1993,Regular Season,NYK vs. IND,1,IND,88,,,1,3.0
0029300843,1994-03-17,1993,Regular Season,NYK vs. MIL,1,MIL,105,,,1,2.0
0029300857,1994-03-19,1993,Regular Season,NYK vs. BOS,1,BOS,105,,,1,2.0
0029300874,1994-03-22,1993,Regular Season,NYK vs. CHI,1,CHI,87,,,1,3.0
0029300890,1994-03-24,1993,Regular Season,NYK @ MIN,0,MIN,123,,,1,2.0
0029300898,1994-03-25,1993,Regular Season,NYK @ IND,0,IND,85,,,1,1.0
0029300911,1994-03-27,1993,Regular Season,NYK @ ORL,0,ORL,111,,,1,2.0
0029300922,1994-03-29,1993,Regular Season,NYK vs. CHH,1,CHH,106,,,1,2.0
0029300951,1994-04-02,1993,Regular Season,NYK vs. MIA,1,MIA,110,,,1,4.0
0029300969,1994-04-05,1993,Regular Season,NYK @ MIA,0,MIA,86,,,0,3.0
0029300981,1994-04-07,1993,Regular Season,NYK vs. CLE,1,CLE,97,,,1,2.0
0029300992,1994-04-08,1993,Regular Season,NYK @ PHL,0,PHL,97,,,0,1.0
0029301005,1994-04-10,1993,Regular Season,NYK @ NJN,0,NJN,88,,,0,2.0
0029301011,1994-04-11,1993,Regular Season,NYK vs. ORL,1,ORL,100,,,0,1.0
0029301030,1994-04-14,1993,Regular Season,NYK @ WAS,0,WAS,111,,,1,3.0
0029301036,1994-04-15,1993,Regular Season,NYK vs. WAS,1,WAS,103,,,1,1.0
0029301055,1994-04-17,1993,Regular Season,NYK @ CHH,0,CHH,91,,,0,2.0
0029301063,1994-04-19,1993,Regular Season,NYK vs. ATL,1,ATL,84,,,0,2.0
0029301079,1994-04-21,1993,Regular Season,NYK vs. PHL,1,PHL,130,,,1,2.0
0029301087,1994-04-22,1993,Regular Season,NYK @ MIL,0,MIL,125,,,1,1.0
0029301100,1994-04-24,1993,Regular Season,NYK @ CHI,0,CHI,92,,,1,2.0
0049300008,1994-04-29,1993,Playoffs,NYK vs. NJN,1,NJN,91,,,1,
0049300013,1994-05-01,1993,Playoffs,NYK vs. NJN,1,NJN,90,,,1,2.0
0049300023,1994-05-04,1993,Playoffs,NYK @ NJN,0,NJN,92,,,0,3.0
0049300028,1994-05-06,1993,Playoffs,NYK @ NJN,0,NJN,102,,,1,2.0
0049300032,1994-05-08,1993,Playoffs,NYK vs. CHI,1,CHI,90,,,1,2.0
0049300037,1994-05-11,1993,Playoffs,NYK vs. CHI,1,CHI,96,,,1,3.0
0049300041,1994-05-13,1993,Playoffs,NYK @ CHI,0,CHI,102,,,0,2.0
0049300045,1994-05-15,1993,Playoffs,NYK @ CHI,0,CHI,83,,,0,2.0
0049300051,1994-05-18,1993,Playoffs,NYK vs. CHI,1,CHI,87,,,1,3.0
0049300055,1994-05-20,1993,Playoffs,NYK @ CHI,0,CHI,79,,,0,2.0
0049300058,1994-05-22,1993,Playoffs,NYK vs. CHI,1,CHI,87,,,1,2.0
0049300060,1994-05-24,1993,Playoffs,NYK vs. IND,1,IND,100,,,1,2.0
0049300062,1994-05-26,1993,Playoffs,NYK vs. IND,1,IND,89,,,1,2.0
0049300064,1994-05-28,1993,Playoffs,NYK @ IND,0,IND,68,,,0,2.0
0049300066,1994-05-30,1993,Playoffs,NYK @ IND,0,IND,77,,,0,2.0
0049300068,1994-06-01,1993,Playoffs,NYK vs. IND,1,IND,86,,,0,2.0
0049300069,1994-06-03,1993,Playoffs,NYK @ IND,0,IND,98,,,1,2.0
0049300070,1994-06-05,1993,Playoffs,NYK vs. IND,1,IND,94,,,1,2.0
0049300071,1994-06-08,1993,Playoffs,NYK @ HOU,0,HOU,78,,,0,3.0
0049300072,1994-06-10,1993,Playoffs,NYK @ HOU,0,HOU,91,,,1,2.0
0049300073,1994-06-12,1993,Playoffs,NYK vs. HOU,1,HOU,89,,,0,2.0
0049300074,1994-06-15,1993,Playoffs,NYK vs. HOU,1,HOU,91,,,1,3.0
0049300075,1994-06-17,1993,Playoffs,NYK vs. HOU,1,HOU,91,,,1,2.0
0049300076,1994-06-19,1993,Playoffs,NYK @ HOU,0,HOU,84,,,0,2.0
0049300077,1994-06-22,1993,Playoffs,NYK @ HOU,0,HOU,84,,,0,3.0
0029400011,1994-11-04,1994,Regular Season,NYK @ BOS,0,BOS,120,,,1,
0029400032,1994-11-08,1994,Regular Season,NYK vs. LAL,1,LAL,117,,,1,4.0
0029400045,1994-11-10,1994,Regular Season,NYK vs. ORL,1,ORL,101,,,1,2.0
0029400063,1994-11-12,1994,Regular Season,NYK @ SAN,0,SAN,82,,,0,2.0
0029400067,1994-11-14,1994,Regular Season,NYK @ UTH,0,UTH,97,,,0,2.0
0029400084,1994-11-16,1994,Regular Season,NYK @ LAL,0,LAL,110,,,1,2.0
0029400091,1994-11-17,1994,Regular Season,NYK @ GOS,0,GOS,100,,,0,1.0
0029400100,1994-11-19,1994,Regular Season,NYK vs. ATL,1,ATL,92,,,1,2.0
0029400112,1994-11-21,1994,Regular Season,NYK vs. SAN,1,SAN,92,,,1,2.0
0029400150,1994-11-26,1994,Regular Season,NYK vs. CHH,1,CHH,95,,,0,5.0
0029400160,1994-11-29,1994,Regular Season,NYK @ WAS,0,WAS,99,,,1,3.0
0029400179,1994-12-02,1994,Regular Season,NYK @ ORL,0,ORL,100,,,0,3.0
0029400193,1994-12-03,1994,Regular Season,NYK vs. WAS,1,WAS,111,,,1,1.0
0029400200,1994-12-05,1994,Regular Season,NYK @ PHL,0,PHL,101,,,1,2.0
0029400210,1994-12-06,1994,Regular Season,NYK vs. BOS,1,BOS,104,,,1,1.0
0029400222,1994-12-09,1994,Regular Season,NYK @ ATL,0,ATL,85,,,0,3.0
0029400238,1994-12-10,1994,Regular Season,NYK vs. PHL,1,PHL,107,,,1,1.0
0029400242,1994-12-12,1994,Regular Season,NYK vs. MIA,1,MIA,111,,,0,2.0
0029400267,1994-12-15,1994,Regular Season,NYK @ SAC,0,SAC,94,,,1,3.0
0029400273,1994-12-16,1994,Regular Season,NYK @ PHX,0,PHX,85,,,0,1.0
0029400287,1994-12-18,1994,Regular Season,NYK @ POR,0,POR,87,,,0,2.0
0029400293,1994-12-20,1994,Regular Season,NYK vs. NJN,1,NJN,83,,,0,2.0
0029400313,1994-12-22,1994,Regular Season,NYK vs. CLE,1,CLE,90,,,0,2.0
0029400325,1994-12-25,1994,Regular Season,NYK @ CHI,0,CHI,104,,,0,3.0
0029400341,1994-12-27,1994,Regular Season,NYK @ NJN,0,NJN,99,,,1,2.0
0029400345,1994-12-28,1994,Regular Season,NYK vs. DET,1,DET,101,,,1,1.0
0029400362,1994-12-30,1994,Regular Season,NYK @ MIN,0,MIN,90,,,1,2.0
0029400381,1995-01-04,1994,Regular Season,NYK vs. ATL,1,ATL,89,,,1,5.0
0029400392,1995-01-06,1994,Regular Season,NYK @ CLE,0,CLE,103,,,1,2.0
0029400409,1995-01-08,1994,Regular Season,NYK vs. MIN,1,MIN,102,,,1,2.0
0029400423,1995-01-10,1994,Regular Season,NYK vs. IND,1,IND,117,,,1,2.0
0029400442,1995-01-13,1994,Regular Season,NYK @ MIL,0,MIL,91,,,1,3.0
0029400451,1995-01-14,1994,Regular Season,NYK vs. UTH,1,UTH,81,,,0,1.0
0029400465,1995-01-16,1994,Regular Season,NYK vs. NJN,1,NJN,107,,,1,2.0
0029400481,1995-01-19,1994,Regular Season,NYK @ HOU,0,HOU,93,,,1,3.0
0029400493,1995-01-20,1994,Regular Season,NYK @ DAL,0,DAL,106,,,1,1.0
0029400509,1995-01-22,1994,Regular Season,NYK @ MIA,0,MIA,104,,,1,2.0
0029400522,1995-01-24,1994,Regular Season,NYK vs. POR,1,POR,105,,,1,2.0
0029400531,1995-01-26,1994,Regular Season,NYK vs. LAC,1,LAC,87,,,1,2.0
0029400539,1995-01-27,1994,Regular Season,NYK @ CHH,0,CHH,90,,,0,1.0
0029400554,1995-01-29,1994,Regular Season,NYK vs. PHX,1,PHX,107,,,1,2.0
0029400561,1995-01-31,1994,Regular Season,NYK vs. GOS,1,GOS,90,,,1,2.0
0029400583,1995-02-03,1994,Regular Season,NYK @ PHL,0,PHL,106,,,1,3.0
0029400599,1995-02-05,1994,Regular Season,NYK @ ORL,0,ORL,100,,,0,2.0
0029400609,1995-02-07,1994,Regular Season,NYK vs. MIL,1,MIL,87,,,0,2.0
0029400619,1995-02-08,1994,Regular Season,NYK @ IND,0,IND,96,,,1,1.0
0029400634,1995-02-14,1994,Regular Season,NYK @ DET,0,DET,94,,,0,6.0
0029400650,1995-02-16,1994,Regular Season,NYK @ MIA,0,MIA,96,,,1,2.0
0029400660,1995-02-17,1994,Regular Season,NYK vs. MIA,1,MIA,100,,,1,1.0
0029400674,1995-02-19,1994,Regular Season,NYK vs. HOU,1,HOU,122,,,1,2.0
0029400685,1995-02-21,1994,Regular Season,NYK vs. CLE,1,CLE,91,,,0,2.0
0029400701,1995-02-23,1994,Regular Season,NYK vs. SAC,1,SAC,103,,,1,2.0
0029400720,1995-02-26,1994,Regular Season,NYK vs. PHL,1,PHL,104,,,1,3.0
0029400734,1995-02-28,1994,Regular Season,NYK @ ORL,0,ORL,106,,,0,2.0
0029400747,1995-03-02,1994,Regular Season,NYK vs. CHI,1,CHI,93,,,1,2.0
0029400761,1995-03-04,1994,Regular Season,NYK @ CLE,0,CLE,89,,,1,2.0
0029400783,1995-03-07,1994,Regular Season,NYK vs. BOS,1,BOS,115,,,1,3.0
0029400788,1995-03-08,1994,Regular Season,NYK @ BOS,0,BOS,108,,,1,1.0
0029400799,1995-03-10,1994,Regular Season,NYK @ ATL,0,ATL,81,,,0,2.0
0029400809,1995-03-11,1994,Regular Season,NYK vs. SEA,1,SEA,84,,,0,1.0
0029400835,1995-03-14,1994,Regular Season,NYK vs. DEN,1,DEN,94,,,1,3.0
0029400849,1995-03-17,1994,Regular Season,NYK @ WAS,0,WAS,89,,,1,3.0
0029400860,1995-03-18,1994,Regular Season,NYK vs. NJN,1,NJN,92,,,1,1.0
0029400875,1995-03-21,1994,Regular Season,NYK vs. CHH,1,CHH,69,,,0,3.0
0029400892,1995-03-23,1994,Regular Season,NYK @ DEN,0,DEN,104,,,1,2.0
0029400906,1995-03-25,1994,Regular Season,NYK @ LAC,0,LAC,94,,,1,2.0
0029400917,1995-03-26,1994,Regular Season,NYK @ SEA,0,SEA,82,,,0,1.0
0029400926,1995-03-28,1994,Regular Season,NYK vs. CHI,1,CHI,111,,,0,2.0
0029400935,1995-03-29,1994,Regular Season,NYK @ DET,0,DET,107,,,1,1.0
0029400949,1995-03-31,1994,Regular Season,NYK vs. DAL,1,DAL,101,,,1,2.0
0029400963,1995-04-02,1994,Regular Season,NYK @ NJN,0,NJN,94,,,1,2.0
0029400973,1995-04-04,1994,Regular Season,NYK vs. IND,1,IND,90,,,0,2.0
0029400981,1995-04-05,1994,Regular Season,NYK @ MIL,0,MIL,114,,,1,1.0
0029400996,1995-04-08,1994,Regular Season,NYK vs. DET,1,DET,113,,,1,3.0
0029401014,1995-04-11,1994,Regular Season,NYK vs. MIA,1,MIA,112,,,1,3.0
0029401029,1995-04-13,1994,Regular Season,NYK vs. WAS,1,WAS,110,,,1,2.0
0029401038,1995-04-14,1994,Regular Season,NYK @ IND,0,IND,88,,,1,1.0
0029401053,1995-04-16,1994,Regular Season,NYK @ CHI,0,CHI,90,,,0,2.0
0029401060,1995-04-17,1994,Regular Season,NYK vs. MIL,1,MIL,93,,,0,1.0
0029401078,1995-04-20,1994,Regular Season,NYK @ CHH,0,CHH,91,,,1,3.0
0029401082,1995-04-21,1994,Regular Season,NYK @ BOS,0,BOS,99,,,1,1.0
0029401103,1995-04-23,1994,Regular Season,NYK vs. ORL,1,ORL,113,,,1,2.0
0049400001,1995-04-27,1994,Playoffs,NYK vs. CLE,1,CLE,103,,,1,
0049400012,1995-04-29,1994,Playoffs,NYK vs. CLE,1,CLE,84,,,0,2.0
0049400018,1995-05-01,1994,Playoffs,NYK @ CLE,0,CLE,83,,,1,2.0
0049400025,1995-05-04,1994,Playoffs,NYK @ CLE,0,CLE,93,,,1,3.0
0049400031,1995-05-07,1994,Playoffs,NYK vs. IND,1,IND,105,,,0,3.0
0049400035,1995-05-09,1994,Playoffs,NYK vs. IND,1,IND,96,,,1,2.0
0049400039,1995-05-11,1994,Playoffs,NYK @ IND,0,IND,95,,,0,2.0
0049400042,1995-05-13,1994,Playoffs,NYK @ IND,0,IND,84,,,0,2.0
0049400050,1995-05-17,1994,Playoffs,NYK vs. IND,1,IND,96,,,1,4.0
0049400054,1995-05-19,1994,Playoffs,NYK @ IND,0,IND,92,,,1,2.0
0049400056,1995-05-21,1994,Playoffs,NYK vs. IND,1,IND,95,,,0,2.0
0029500004,1995-11-03,1995,Regular Season,NYK @ DET,0,DET,106,,,1,
0029500023,1995-11-04,1995,Regular Season,NYK @ MIL,0,MIL,84,,,1,1.0
0029500036,1995-11-07,1995,Regular Season,NYK vs. PHX,1,PHX,94,,,0,3.0
0029500052,1995-11-09,1995,Regular Season,NYK vs. IND,1,IND,103,,,1,2.0
0029500062,1995-11-10,1995,Regular Season,NYK @ WAS,0,WAS,110,,,1,1.0
0029500077,1995-11-12,1995,Regular Season,NYK vs. UTH,1,UTH,120,,,1,2.0
0029500084,1995-11-14,1995,Regular Season,NYK @ POR,0,POR,99,,,0,2.0
0029500100,1995-11-16,1995,Regular Season,NYK @ GOS,0,GOS,120,,,1,2.0
0029500104,1995-11-17,1995,Regular Season,NYK @ DEN,0,DEN,103,,,1,1.0
0029500127,1995-11-19,1995,Regular Season,NYK vs. VAN,1,VAN,98,,,1,2.0
0029500140,1995-11-22,1995,Regular Season,NYK @ CLE,0,CLE,94,,,1,3.0
0029500169,1995-11-25,1995,Regular Season,NYK vs. HOU,1,HOU,103,,,1,3.0
0029500180,1995-11-28,1995,Regular Season,NYK vs. ATL,1,ATL,97,,,0,3.0
0029500190,1995-11-29,1995,Regular Season,NYK @ CHH,0,CHH,105,,,0,1.0
0029500214,1995-12-02,1995,Regular Season,NYK @ PHL,0,PHL,94,,,1,3.0
0029500222,1995-12-03,1995,Regular Season,NYK vs. WAS,1,WAS,107,,,1,1.0
0029500229,1995-12-05,1995,Regular Season,NYK vs. DAL,1,DAL,92,,,1,2.0
0029500236,1995-12-06,1995,Regular Season,NYK @ CHI,0,CHI,94,,,0,1.0
0029500264,1995-12-09,1995,Regular Season,NYK @ ATL,0,ATL,101,,,1,3.0
0029500270,1995-12-10,1995,Regular Season,NYK vs. SAN,1,SAN,118,,,1,1.0
0029500279,1995-12-12,1995,Regular Season,NYK vs. LAL,1,LAL,97,,,1,2.0
0029500294,1995-12-14,1995,Regular Season,NYK vs. DEN,1,DEN,94,,,0,2.0
0029500310,1995-12-16,1995,Regular Season,NYK vs. DET,1,DET,86,,,1,2.0
0029500323,1995-12-19,1995,Regular Season,NYK vs. MIA,1,MIA,89,,,1,3.0
0029500351,1995-12-22,1995,Regular Season,NYK @ ORL,0,ORL,90,,,0,3.0
0029500365,1995-12-23,1995,Regular Season,NYK vs. TOR,1,TOR,103,,,1,1.0
0029500390,1995-12-28,1995,Regular Season,NYK vs. CLE,1,CLE,76,,,0,5.0
0029500396,1995-12-29,1995,Regular Season,NYK @ WAS,0,WAS,120,,,0,1.0
0029500413,1996-01-02,1995,Regular Season,NYK vs. POR,1,POR,92,,,0,4.0
0029500432,1996-01-04,1995,Regular Season,NYK vs. NJN,1,NJN,105,,,1,2.0
0029500462,1996-01-09,1995,Regular Season,NYK vs. BOS,1,BOS,98,,,1,5.0
0029500467,1996-01-10,1995,Regular Season,NYK @ NJN,0,NJN,79,,,0,1.0
0029500485,1996-01-12,1995,Regular Season,NYK @ BOS,0,BOS,105,,,1,2.0
0029500487,1996-01-13,1995,Regular Season,NYK vs. SAC,1,SAC,111,,,0,1.0
0029500502,1996-01-15,1995,Regular Season,NYK vs. MIL,1,MIL,92,,,0,2.0
0029500513,1996-01-17,1995,Regular Season,NYK @ LAC,0,LAC,92,,,1,2.0
0029500533,1996-01-19,1995,Regular Season,NYK @ SEA,0,SEA,100,,,1,2.0
0029500538,1996-01-20,1995,Regular Season,NYK @ VAN,0,VAN,80,,,0,1.0
0029500557,1996-01-23,1995,Regular Season,NYK vs. CHI,1,CHI,79,,,0,3.0
0029500563,1996-01-24,1995,Regular Season,NYK @ MIA,0,MIA,88,,,1,1.0
0029500595,1996-01-27,1995,Regular Season,NYK vs. MIN,1,MIN,104,,,1,3.0
0029500598,1996-01-29,1995,Regular Season,NYK vs. MIA,1,MIA,94,,,1,2.0
0029500621,1996-02-01,1995,Regular Season,NYK vs. ORL,1,ORL,110,,,1,3.0
0029500641,1996-02-04,1995,Regular Season,NYK @ IND,0,IND,83,,,0,3.0
0029500647,1996-02-05,1995,Regular Season,NYK vs. DET,1,DET,97,,,1,1.0
0029500664,1996-02-07,1995,Regular Season,NYK vs. WAS,1,WAS,87,,,1,2.0
0029500693,1996-02-14,1995,Regular Season,NYK @ CHH,0,CHH,100,,,0,7.0
0029500709,1996-02-16,1995,Regular Season,NYK vs. PHL,1,PHL,116,,,1,2.0
0029500715,1996-02-17,1995,Regular Season,NYK @ NJN,0,NJN,77,,,0,1.0
0029500735,1996-02-20,1995,Regular Season,NYK vs. MIL,1,MIL,87,,,0,3.0
0029500744,1996-02-21,1995,Regular Season,NYK @ DET,0,DET,113,,,1,1.0
0029500757,1996-02-23,1995,Regular Season,NYK vs. ATL,1,ATL,97,,,0,2.0
0029500773,1996-02-25,1995,Regular Season,NYK @ PHX,0,PHX,105,,,0,2.0
0029500777,1996-02-26,1995,Regular Season,NYK @ LAL,0,LAL,96,,,0,1.0
0029500796,1996-02-28,1995,Regular Season,NYK @ SAC,0,SAC,85,,,0,2.0
0029500807,1996-03-01,1995,Regular Season,NYK @ UTH,0,UTH,88,,,0,2.0
0029500826,1996-03-03,1995,Regular Season,NYK vs. GOS,1,GOS,109,,,1,2.0
0029500841,1996-03-05,1995,Regular Season,NYK vs. LAC,1,LAC,88,,,0,2.0
0029500847,1996-03-06,1995,Regular Season,NYK @ TOR,0,TOR,89,,,1,1.0
0029500857,1996-03-08,1995,Regular Season,NYK @ PHL,0,PHL,92,,,0,2.0
0029500878,1996-03-10,1995,Regular Season,NYK vs. CHI,1,CHI,104,,,1,2.0
0029500896,1996-03-13,1995,Regular Season,NYK @ MIN,0,MIN,106,,,1,3.0
0029500918,1996-03-16,1995,Regular Season,NYK vs. PHL,1,PHL,94,,,1,3.0
0029500947,1996-03-20,1995,Regular Season,NYK vs. IND,1,IND,102,,,1,4.0
0029500953,1996-03-21,1995,Regular Season,NYK @ CHI,0,CHI,86,,,0,1.0
0029500978,1996-03-24,1995,Regular Season,NYK @ DAL,0,DAL,85,,,1,3.0
0029500987,1996-03-26,1995,Regular Season,NYK @ HOU,0,HOU,83,,,1,2.0
0029500999,1996-03-27,1995,Regular Season,NYK @ SAN,0,SAN,84,,,0,1.0
0029501008,1996-03-29,1995,Regular Season,NYK vs. NJN,1,NJN,94,,,1,2.0
0029501023,1996-03-31,1995,Regular Season,NYK @ ORL,0,ORL,79,,,0,2.0
0029501034,1996-04-02,1995,Regular Season,NYK @ IND,0,IND,90,,,1,2.0
0029501044,1996-04-03,1995,Regular Season,NYK vs. ORL,1,ORL,85,,,0,1.0
0029501060,1996-04-05,1995,Regular Season,NYK @ MIL,0,MIL,86,,,1,2.0
0029501068,1996-04-06,1995,Regular Season,NYK @ TOR,0,TOR,139,,,1,1.0
0029501082,1996-04-08,1995,Regular Season,NYK vs. SEA,1,SEA,98,,,0,2.0
0029501092,1996-04-09,1995,Regular Season,NYK vs. BOS,1,BOS,97,,,1,1.0
0029501109,1996-04-11,1995,Regular Season,NYK vs. CLE,1,CLE,97,,,0,2.0
0029501122,1996-04-13,1995,Regular Season,NYK @ MIA,0,MIA,95,,,0,2.0
0029501136,1996-04-15,1995,Regular Season,NYK vs. TOR,1,TOR,125,,,1,2.0
0029501160,1996-04-18,1995,Regular Season,NYK @ CLE,0,CLE,77,,,0,3.0
0029501164,1996-04-19,1995,Regular Season,NYK vs. CHH,1,CHH,108,,,0,1.0
0029501186,1996-04-21,1995,Regular Season,NYK @ BOS,0,BOS,122,,,1,2.0
0049500003,1996-04-25,1995,Playoffs,NYK @ CLE,0,CLE,106,,,1,
0049500012,1996-04-27,1995,Playoffs,NYK @ CLE,0,CLE,84,,,1,2.0
0049500022,1996-05-01,1995,Playoffs,NYK vs. CLE,1,CLE,81,,,1,4.0
0049500031,1996-05-05,1995,Playoffs,NYK @ CHI,0,CHI,84,,,0,4.0
0049500035,1996-05-07,1995,Playoffs,NYK @ CHI,0,CHI,80,,,0,2.0
0049500041,1996-05-11,1995,Playoffs,NYK vs. CHI,1,CHI,102,,,1,4.0
0049500044,1996-05-12,1995,Playoffs,NYK vs. CHI,1,CHI,91,,,0,1.0
0049500048,1996-05-14,1995,Playoffs,NYK @ CHI,0,CHI,81,,,0,2.0
0029600006,1996-11-01,1996,Regular Season,NYK @ TOR,0,TOR,107,99.0,8.0,1,
0029600025,1996-11-03,1996,Regular Season,NYK vs. CHH,1,CHH,113,86.0,27.0,1,2.0
0029600031,1996-11-05,1996,Regular Season,NYK vs. LAL,1,LAL,92,98.0,-6.0,0,2.0
0029600050,1996-11-07,1996,Regular Season,NYK @ GSW,0,GSW,105,100.0,5.0,1,2.0
0029600062,1996-11-08,1996,Regular Season,NYK @ LAC,0,LAC,88,81.0,7.0,1,1.0
0029600074,1996-11-10,1996,Regular Season,NYK @ VAN,0,VAN,101,82.0,19.0,1,2.0
0029600079,1996-11-12,1996,Regular Season,NYK vs. PHI,1,PHI,97,101.0,-4.0,0,2.0
0029600097,1996-11-14,1996,Regular Season,NYK vs. TOR,1,TOR,99,96.0,3.0,1,2.0
0029600114,1996-11-16,1996,Regular Season,NYK vs. MIN,1,MIN,82,79.0,3.0,1,2.0
0029600130,1996-11-19,1996,Regular Season,NYK @ ORL,0,ORL,92,90.0,2.0,1,3.0
0029600141,1996-11-20,1996,Regular Season,NYK @ CHH,0,CHH,86,93.0,-7.0,0,1.0
0029600160,1996-11-23,1996,Regular Season,NYK @ PHI,0,PHI,92,109.0,-17.0,0,3.0
0029600170,1996-11-24,1996,Regular Season,NYK vs. SEA,1,SEA,92,102.0,-10.0,0,1.0
0029600209,1996-11-30,1996,Regular Season,NYK vs. SAC,1,SAC,115,101.0,14.0,1,6.0
0029600225,1996-12-03,1996,Regular Season,NYK vs. MIA,1,MIA,75,99.0,-24.0,0,3.0
0029600234,1996-12-04,1996,Regular Season,NYK @ NJN,0,NJN,109,102.0,7.0,1,1.0
0029600249,1996-12-06,1996,Regular Season,NYK @ MIA,0,MIA,103,85.0,18.0,1,2.0
0029600257,1996-12-07,1996,Regular Season,NYK vs. LAC,1,LAC,89,80.0,9.0,1,1.0
0029600275,1996-12-10,1996,Regular Season,NYK vs. WAS,1,WAS,85,73.0,12.0,1,3.0
0029600293,1996-12-12,1996,Regular Season,NYK vs. GSW,1,GSW,90,79.0,11.0,1,2.0
0029600308,1996-12-14,1996,Regular Season,NYK vs. DEN,1,DEN,89,82.0,7.0,1,2.0
0029600326,1996-12-17,1996,Regular Season,NYK vs. UTA,1,UTA,99,94.0,5.0,1,3.0
0029600336,1996-12-18,1996,Regular Season,NYK @ DET,0,DET,78,112.0,-34.0,0,1.0
0029600349,1996-12-20,1996,Regular Season,NYK @ PHI,0,PHI,110,103.0,7.0,1,2.0
0029600357,1996-12-21,1996,Regular Season,NYK vs. DET,1,DET,95,92.0,3.0,1,1.0
0029600372,1996-12-23,1996,Regular Season,NYK vs. ATL,1,ATL,82,76.0,6.0,1,2.0
0029600388,1996-12-26,1996,Regular Season,NYK @ MIN,0,MIN,80,88.0,-8.0,0,3.0
0029600400,1996-12-28,1996,Regular Season,NYK vs. ORL,1,ORL,96,85.0,11.0,1,2.0
0029600414,1996-12-30,1996,Regular Season,NYK vs. NJN,1,NJN,98,86.0,12.0,1,2.0
0029600424,1997-01-02,1996,Regular Season,NYK @ WAS,0,WAS,92,80.0,12.0,1,3.0
0029600443,1997-01-04,1996,Regular Season,NYK @ ATL,0,ATL,71,88.0,-17.0,0,2.0
0029600451,1997-01-05,1996,Regular Season,NYK vs. MIL,1,MIL,97,92.0,5.0,1,1.0
0029600458,1997-01-07,1996,Regular Season,NYK vs. DAL,1,DAL,102,72.0,30.0,1,2.0
0029600481,1997-01-10,1996,Regular Season,NYK @ BOS,0,BOS,111,98.0,13.0,1,3.0
0029600489,1997-01-11,1996,Regular Season,NYK vs. BOS,1,BOS,112,99.0,13.0,1,1.0
0029600511,1997-01-14,1996,Regular Season,NYK @ HOU,0,HOU,86,106.0,-20.0,0,3.0
0029600520,1997-01-15,1996,Regular Season,NYK @ SAS,0,SAS,94,77.0,17.0,1,1.0
0029600544,1997-01-18,1996,Regular Season,NYK @ PHX,0,PHX,98,105.0,-7.0,0,3.0
0029600552,1997-01-20,1996,Regular Season,NYK vs. WAS,1,WAS,95,79.0,16.0,1,2.0
0029600565,1997-01-21,1996,Regular Season,NYK @ CHI,0,CHI,87,88.0,-1.0,0,1.0
0029600578,1997-01-23,1996,Regular Season,NYK @ IND,0,IND,92,90.0,2.0,1,2.0
0029600585,1997-01-24,1996,Regular Season,NYK @ CHH,0,CHH,104,113.0,-9.0,0,1.0
0029600601,1997-01-26,1996,Regular Season,NYK vs. MIA,1,MIA,95,89.0,6.0,1,2.0
0029600606,1997-01-28,1996,Regular Season,NYK vs. BOS,1,BOS,109,107.0,2.0,1,2.0
0029600621,1997-01-29,1996,Regular Season,NYK @ CLE,0,CLE,75,65.0,10.0,1,1.0
0029600647,1997-02-02,1996,Regular Season,NYK vs. CHH,1,CHH,93,99.0,-6.0,0,4.0
0029600659,1997-02-04,1996,Regular Season,NYK vs. HOU,1,HOU,99,95.0,4.0,1,2.0
0029600675,1997-02-06,1996,Regular Season,NYK vs. SAS,1,SAS,96,84.0,12.0,1,2.0
0029600682,1997-02-11,1996,Regular Season,NYK @ WAS,0,WAS,97,91.0,6.0,1,5.0
0029600701,1997-02-13,1996,Regular Season,NYK vs. PHI,1,PHI,107,92.0,15.0,1,2.0
0029600722,1997-02-16,1996,Regular Season,NYK vs. IND,1,IND,89,80.0,9.0,1,3.0
0029600737,1997-02-18,1996,Regular Season,NYK vs. PHX,1,PHX,95,94.0,1.0,1,2.0
0029600757,1997-02-20,1996,Regular Season,NYK @ SAC,0,SAC,109,87.0,22.0,1,2.0
0029600768,1997-02-21,1996,Regular Season,NYK @ SEA,0,SEA,64,84.0,-20.0,0,1.0
0029600781,1997-02-23,1996,Regular Season,NYK @ LAL,0,LAL,127,121.0,6.0,1,2.0
0029600793,1997-02-25,1996,Regular Season,NYK @ UTA,0,UTA,99,110.0,-11.0,0,2.0
0029600802,1997-02-26,1996,Regular Season,NYK @ POR,0,POR,96,95.0,1.0,1,1.0
0029600816,1997-02-28,1996,Regular Season,NYK @ DEN,0,DEN,112,108.0,4.0,1,2.0
0029600824,1997-03-02,1996,Regular Season,NYK vs. CLE,1,CLE,90,82.0,8.0,1,2.0
0029600838,1997-03-04,1996,Regular Season,NYK vs. MIL,1,MIL,93,86.0,7.0,1,2.0
0029600848,1997-03-05,1996,Regular Season,NYK @ TOR,0,TOR,100,94.0,6.0,1,1.0
0029600861,1997-03-07,1996,Regular Season,NYK @ BOS,0,BOS,113,102.0,11.0,1,2.0
0029600877,1997-03-09,1996,Regular Season,NYK vs. CHI,1,CHI,97,93.0,4.0,1,2.0
0029600893,1997-03-11,1996,Regular Season,NYK @ DAL,0,DAL,83,91.0,-8.0,0,2.0
0029600928,1997-03-16,1996,Regular Season,NYK vs. NJN,1,NJN,74,89.0,-15.0,0,5.0
0029600944,1997-03-18,1996,Regular Season,NYK vs. VAN,1,VAN,98,73.0,25.0,1,2.0
0029600953,1997-03-19,1996,Regular Season,NYK @ PHI,0,PHI,111,100.0,11.0,1,1.0
0029600978,1997-03-22,1996,Regular Season,NYK @ MIL,0,MIL,79,80.0,-1.0,0,3.0
0029600984,1997-03-23,1996,Regular Season,NYK vs. POR,1,POR,88,94.0,-6.0,0,1.0
0029601001,1997-03-26,1996,Regular Season,NYK vs. DET,1,DET,105,94.0,11.0,1,3.0
0029601015,1997-03-28,1996,Regular Season,NYK @ NJN,0,NJN,86,92.0,-6.0,0,2.0
0029601030,1997-03-30,1996,Regular Season,NYK @ ORL,0,ORL,101,86.0,15.0,1,2.0
0029601040,1997-04-01,1996,Regular Season,NYK @ CLE,0,CLE,94,88.0,6.0,1,2.0
0029601063,1997-04-04,1996,Regular Season,NYK vs. ORL,1,ORL,84,93.0,-9.0,0,3.0
0029601075,1997-04-05,1996,Regular Season,NYK @ ATL,0,ATL,102,97.0,5.0,1,1.0
0029601091,1997-04-08,1996,Regular Season,NYK vs. CLE,1,CLE,73,93.0,-20.0,0,3.0
0029601105,1997-04-10,1996,Regular Season,NYK vs. CHI,1,CHI,103,105.0,-2.0,0,2.0
0029601124,1997-04-12,1996,Regular Season,NYK @ MIA,0,MIA,100,99.0,1.0,1,2.0
0029601141,1997-04-14,1996,Regular Season,NYK @ IND,0,IND,107,110.0,-3.0,0,2.0
0029601152,1997-04-16,1996,Regular Season,NYK vs. ATL,1,ATL,96,92.0,4.0,1,2.0
0029601164,1997-04-18,1996,Regular Season,NYK vs. IND,1,IND,97,89.0,8.0,1,2.0
0029601176,1997-04-19,1996,Regular Season,NYK @ CHI,0,CHI,103,101.0,2.0,1,1.0
0049600001,1997-04-24,1996,Playoffs,NYK vs. CHH,1,CHH,109,99.0,10.0,1,
0049600010,1997-04-26,1996,Playoffs,NYK vs. CHH,1,CHH,100,94.0,5.8,1,2.0
0049600017,1997-04-28,1996,Playoffs,NYK @ CHH,0,CHH,104,96.0,8.0,1,2.0
0049600045,1997-05-07,1996,Playoffs,NYK @ MIA,0,MIA,88,81.0,6.6,1,9.0
0049600049,1997-05-09,1996,Playoffs,NYK @ MIA,0,MIA,84,89.0,-5.2,0,2.0
0049600054,1997-05-11,1996,Playoffs,NYK vs. MIA,1,MIA,77,74.0,3.2,1,2.0
0049600056,1997-05-12,1996,Playoffs,NYK vs. MIA,1,MIA,89,76.0,13.0,1,1.0
0049600060,1997-05-14,1996,Playoffs,NYK @ MIA,0,MIA,81,92.0,-11.4,0,2.0
0049600064,1997-05-16,1996,Playoffs,NYK vs. MIA,1,MIA,90,94.0,-3.8,0,2.0
0049600068,1997-05-18,1996,Playoffs,NYK @ MIA,0,MIA,90,99.0,-9.0,0,2.0
0029700006,1997-10-31,1997,Regular Season,NYK @ CHH,0,CHH,97,85.0,12.0,1,
0029700027,1997-11-02,1997,Regular Season,NYK vs. DET,1,DET,86,94.0,-8.0,0,2.0
0029700032,1997-11-04,1997,Regular Season,NYK vs. BOS,1,BOS,102,70.0,32.0,1,2.0
0029700053,1997-11-06,1997,Regular Season,NYK @ PHX,0,PHX,105,75.0,30.0,1,2.0
0029700062,1997-11-07,1997,Regular Season,NYK @ LAL,0,LAL,94,99.0,-5.0,0,1.0
0029700077,1997-11-09,1997,Regular Season,NYK @ SAC,0,SAC,78,86.0,-8.0,0,2.0
0029700081,1997-11-11,1997,Regular Season,NYK vs. DEN,1,DEN,93,90.0,3.0,1,2.0
0029700090,1997-11-12,1997,Regular Season,NYK @ TOR,0,TOR,93,70.0,23.0,1,1.0
0029700111,1997-11-15,1997,Regular Season,NYK vs. SAC,1,SAC,114,87.0,27.0,1,3.0
0029700133,1997-11-18,1997,Regular Season,NYK @ HOU,0,HOU,84,95.0,-11.0,0,3.0
0029700146,1997-11-20,1997,Regular Season,NYK @ ATL,0,ATL,100,79.0,21.0,1,2.0
0029700154,1997-11-21,1997,Regular Season,NYK @ WAS,0,WAS,104,82.0,22.0,1,1.0
0029700171,1997-11-23,1997,Regular Season,NYK vs. VAN,1,VAN,104,84.0,20.0,1,2.0
0029700197,1997-11-28,1997,Regular Season,NYK @ DET,0,DET,78,86.0,-8.0,0,5.0
0029700205,1997-11-29,1997,Regular Season,NYK vs. PHX,1,PHX,102,80.0,22.0,1,1.0
0029700226,1997-12-02,1997,Regular Season,NYK @ SAS,0,SAS,84,90.0,-6.0,0,3.0
0029700239,1997-12-04,1997,Regular Season,NYK @ DAL,0,DAL,91,105.0,-14.0,0,2.0
0029700253,1997-12-06,1997,Regular Season,NYK vs. CHH,1,CHH,90,79.0,11.0,1,2.0
0029700257,1997-12-07,1997,Regular Season,NYK @ PHI,0,PHI,78,93.0,-15.0,0,1.0
0029700272,1997-12-09,1997,Regular Season,NYK @ CHI,0,CHI,82,100.0,-18.0,0,2.0
0029700286,1997-12-11,1997,Regular Season,NYK vs. MIN,1,MIN,107,103.0,4.0,1,2.0
0029700300,1997-12-13,1997,Regular Season,NYK vs. PHI,1,PHI,95,83.0,12.0,1,2.0
0029700319,1997-12-16,1997,Regular Season,NYK vs. DET,1,DET,83,78.0,5.0,1,3.0
0029700334,1997-12-17,1997,Regular Season,NYK @ IND,0,IND,80,87.0,-7.0,0,1.0
0029700345,1997-12-19,1997,Regular Season,NYK @ CLE,0,CLE,104,77.0,27.0,1,2.0
0029700355,1997-12-20,1997,Regular Season,NYK @ MIL,0,MIL,78,98.0,-20.0,0,1.0
0029700364,1997-12-22,1997,Regular Season,NYK vs. DAL,1,DAL,79,67.0,12.0,1,2.0
0029700393,1997-12-27,1997,Regular Season,NYK vs. TOR,1,TOR,94,97.0,-3.0,0,5.0
0029700411,1997-12-30,1997,Regular Season,NYK @ ORL,0,ORL,84,79.0,5.0,1,3.0
0029700426,1998-01-02,1997,Regular Season,NYK @ NJN,0,NJN,98,103.0,-5.0,0,3.0
0029700439,1998-01-03,1997,Regular Season,NYK vs. ORL,1,ORL,88,84.0,4.0,1,1.0
0029700453,1998-01-05,1997,Regular Season,NYK vs. WAS,1,WAS,106,113.0,-7.0,0,2.0
0029700465,1998-01-07,1997,Regular Season,NYK vs. NJN,1,NJN,89,88.0,1.0,1,2.0
0029700481,1998-01-09,1997,Regular Season,NYK vs. CHI,1,CHI,89,91.0,-2.0,0,2.0
0029700497,1998-01-11,1997,Regular Season,NYK vs. SEA,1,SEA,92,91.0,1.0,1,2.0
0029700508,1998-01-13,1997,Regular Season,NYK vs. ATL,1,ATL,89,91.0,-2.0,0,2.0
0029700540,1998-01-17,1997,Regular Season,NYK @ TOR,0,TOR,93,81.0,12.0,1,4.0
0029700550,1998-01-19,1997,Regular Season,NYK vs. BOS,1,BOS,98,82.0,16.0,1,2.0
0029700563,1998-01-21,1997,Regular Season,NYK vs. IND,1,IND,97,89.0,8.0,1,2.0
0029700590,1998-01-24,1997,Regular Season,NYK @ DET,0,DET,99,92.0,7.0,1,3.0
0029700599,1998-01-26,1997,Regular Season,NYK @ BOS,0,BOS,85,94.0,-9.0,0,2.0
0029700616,1998-01-28,1997,Regular Season,NYK @ MIA,0,MIA,82,86.0,-4.0,0,2.0
0029700621,1998-01-29,1997,Regular Season,NYK vs. MIL,1,MIL,112,115.0,-3.0,0,1.0
0029700644,1998-02-01,1997,Regular Season,NYK vs. MIA,1,MIA,89,83.0,6.0,1,3.0
0029700661,1998-02-03,1997,Regular Season,NYK @ MIL,0,MIL,78,82.0,-4.0,0,2.0
0029700670,1998-02-04,1997,Regular Season,NYK @ MIN,0,MIN,88,95.0,-7.0,0,1.0
0029700682,1998-02-10,1997,Regular Season,NYK vs. CHH,1,CHH,99,91.0,8.0,1,6.0
0029700708,1998-02-13,1997,Regular Season,NYK @ ORL,0,ORL,99,83.0,16.0,1,3.0
0029700724,1998-02-15,1997,Regular Season,NYK vs. CLE,1,CLE,102,91.0,11.0,1,2.0
0029700741,1998-02-17,1997,Regular Season,NYK @ DEN,0,DEN,91,77.0,14.0,1,2.0
0029700747,1998-02-18,1997,Regular Season,NYK @ UTA,0,UTA,78,94.0,-16.0,0,1.0
0029700766,1998-02-20,1997,Regular Season,NYK @ POR,0,POR,98,89.0,9.0,1,2.0
0029700773,1998-02-22,1997,Regular Season,NYK vs. HOU,1,HOU,92,74.0,18.0,1,2.0
0029700787,1998-02-24,1997,Regular Season,NYK vs. GSW,1,GSW,82,87.0,-5.0,0,2.0
0029700802,1998-02-26,1997,Regular Season,NYK vs. MIL,1,MIL,102,90.0,12.0,1,2.0
0029700823,1998-03-01,1997,Regular Season,NYK vs. LAL,1,LAL,101,89.0,12.0,1,3.0
0029700835,1998-03-03,1997,Regular Season,NYK vs. NJN,1,NJN,94,91.0,3.0,1,2.0
0029700851,1998-03-05,1997,Regular Season,NYK @ WAS,0,WAS,90,103.0,-13.0,0,2.0
0029700858,1998-03-06,1997,Regular Season,NYK @ PHI,0,PHI,71,80.0,-9.0,0,1.0
0029700869,1998-03-08,1997,Regular Season,NYK vs. CHI,1,CHI,89,102.0,-13.0,0,2.0
0029700883,1998-03-10,1997,Regular Season,NYK vs. ORL,1,ORL,85,78.0,7.0,1,2.0
0029700892,1998-03-11,1997,Regular Season,NYK @ CHH,0,CHH,78,85.0,-7.0,0,1.0
0029700913,1998-03-14,1997,Regular Season,NYK @ CLE,0,CLE,85,88.0,-3.0,0,3.0
0029700920,1998-03-15,1997,Regular Season,NYK vs. IND,1,IND,86,91.0,-5.0,0,1.0
0029700934,1998-03-17,1997,Regular Season,NYK vs. PHI,1,PHI,100,96.0,4.0,1,2.0
0029700950,1998-03-19,1997,Regular Season,NYK vs. POR,1,POR,77,82.0,-5.0,0,2.0
0029700958,1998-03-20,1997,Regular Season,NYK vs. ATL,1,ATL,109,108.0,1.0,1,1.0
0029700973,1998-03-22,1997,Regular Season,NYK vs. UTA,1,UTA,119,124.0,-5.0,0,2.0
0029700993,1998-03-24,1997,Regular Season,NYK @ GSW,0,GSW,88,75.0,13.0,1,2.0
0029701002,1998-03-25,1997,Regular Season,NYK @ LAC,0,LAC,77,76.0,1.0,1,1.0
0029701021,1998-03-27,1997,Regular Season,NYK @ VAN,0,VAN,97,89.0,8.0,1,2.0
0029701023,1998-03-28,1997,Regular Season,NYK @ SEA,0,SEA,78,104.0,-26.0,0,1.0
0029701036,1998-03-31,1997,Regular Season,NYK vs. SAS,1,SAS,78,95.0,-17.0,0,3.0
0029701054,1998-04-02,1997,Regular Season,NYK vs. LAC,1,LAC,81,70.0,11.0,1,2.0
0029701071,1998-04-04,1997,Regular Season,NYK @ NJN,0,NJN,94,97.0,-3.0,0,2.0
0029701075,1998-04-05,1997,Regular Season,NYK @ BOS,0,BOS,92,102.0,-10.0,0,1.0
0029701090,1998-04-07,1997,Regular Season,NYK @ ATL,0,ATL,79,92.0,-13.0,0,2.0
0029701101,1998-04-08,1997,Regular Season,NYK vs. MIA,1,MIA,83,80.0,3.0,1,1.0
0029701131,1998-04-12,1997,Regular Season,NYK @ MIA,0,MIA,81,82.0,-1.0,0,4.0
0029701140,1998-04-14,1997,Regular Season,NYK vs. WAS,1,WAS,102,104.0,-2.0,0,2.0
0029701158,1998-04-16,1997,Regular Season,NYK vs. TOR,1,TOR,108,79.0,29.0,1,2.0
0029701177,1998-04-18,1997,Regular Season,NYK @ CHI,0,CHI,109,111.0,-2.0,0,2.0
0049700005,1998-04-24,1997,Playoffs,NYK @ MIA,0,MIA,79,91.0,-12.2,0,
0049700013,1998-04-26,1997,Playoffs,NYK @ MIA,0,MIA,96,84.0,11.8,1,2.0
0049700019,1998-04-28,1997,Playoffs,NYK vs. MIA,1,MIA,85,90.0,-4.8,0,2.0
0049700026,1998-04-30,1997,Playoffs,NYK vs. MIA,1,MIA,90,86.0,4.4,1,2.0
0049700036,1998-05-03,1997,Playoffs,NYK @ MIA,0,MIA,98,84.0,13.6,1,3.0
0049700043,1998-05-05,1997,Playoffs,NYK @ IND,0,IND,83,94.0,-11.0,0,2.0
0049700047,1998-05-07,1997,Playoffs,NYK @ IND,0,IND,77,84.0,-7.2,0,2.0
0049700051,1998-05-09,1997,Playoffs,NYK vs. IND,1,IND,83,72.0,11.4,1,2.0
0049700053,1998-05-10,1997,Playoffs,NYK vs. IND,1,IND,107,116.0,-8.8,0,1.0
0049700060,1998-05-13,1997,Playoffs,NYK @ IND,0,IND,88,98.0,-10.4,0,3.0
0029800002,1999-02-05,1998,Regular Season,NYK @ ORL,0,ORL,85,93.0,-8.0,0,
0029800020,1999-02-07,1998,Regular Season,NYK vs. MIA,1,MIA,79,83.0,-4.0,0,2.0
0029800044,1999-02-10,1998,Regular Season,NYK vs. WAS,1,WAS,101,88.0,13.0,1,3.0
0029800056,1999-02-11,1998,Regular Season,NYK @ CHI,0,CHI,73,68.0,5.0,1,1.0
0029800074,1999-02-15,1998,Regular Season,NYK vs. DET,1,DET,78,69.0,9.0,1,4.0
0029800080,1999-02-16,1998,Regular Season,NYK vs. TOR,1,TOR,95,85.0,10.0,1,1.0
0029800103,1999-02-18,1998,Regular Season,NYK @ CLE,0,CLE,74,98.0,-24.0,0,2.0
0029800106,1999-02-19,1998,Regular Season,NYK @ PHI,0,PHI,78,67.0,11.0,1,1.0
0029800123,1999-02-21,1998,Regular Season,NYK vs. CHI,1,CHI,79,63.0,16.0,1,2.0
0029800138,1999-02-23,1998,Regular Season,NYK vs. NJN,1,NJN,82,74.0,8.0,1,2.0
0029800154,1999-02-25,1998,Regular Season,NYK vs. MIN,1,MIN,115,113.0,2.0,1,2.0
0029800162,1999-02-26,1998,Regular Season,NYK @ BOS,0,BOS,80,94.0,-14.0,0,1.0
0029800180,1999-02-28,1998,Regular Season,NYK @ DET,0,DET,68,89.0,-21.0,0,2.0
0029800188,1999-03-01,1998,Regular Season,NYK vs. CLE,1,CLE,85,78.0,7.0,1,1.0
0029800195,1999-03-02,1998,Regular Season,NYK @ MIA,0,MIA,84,85.0,-1.0,0,1.0
0029800225,1999-03-05,1998,Regular Season,NYK @ MIL,0,MIL,87,88.0,-1.0,0,3.0
0029800234,1999-03-07,1998,Regular Season,NYK vs. NJN,1,NJN,97,86.0,11.0,1,2.0
0029800248,1999-03-09,1998,Regular Season,NYK vs. MIL,1,MIL,86,87.0,-1.0,0,2.0
0029800266,1999-03-11,1998,Regular Season,NYK vs. WAS,1,WAS,98,86.0,12.0,1,2.0
0029800279,1999-03-12,1998,Regular Season,NYK @ CHI,0,CHI,63,76.0,-13.0,0,1.0
0029800291,1999-03-14,1998,Regular Season,NYK vs. CHH,1,CHH,94,86.0,8.0,1,2.0
0029800302,1999-03-15,1998,Regular Season,NYK @ MIL,0,MIL,108,102.0,6.0,1,1.0
0029800307,1999-03-16,1998,Regular Season,NYK vs. LAC,1,LAC,113,89.0,24.0,1,1.0
0029800326,1999-03-18,1998,Regular Season,NYK vs. ORL,1,ORL,78,86.0,-8.0,0,2.0
0029800342,1999-03-20,1998,Regular Season,NYK vs. BOS,1,BOS,96,78.0,18.0,1,2.0
0029800351,1999-03-21,1998,Regular Season,NYK @ TOR,0,TOR,81,85.0,-4.0,0,1.0
0029800358,1999-03-22,1998,Regular Season,NYK vs. ATL,1,ATL,71,80.0,-9.0,0,1.0
0029800380,1999-03-24,1998,Regular Season,NYK @ SAC,0,SAC,91,92.0,-1.0,0,2.0
0029800395,1999-03-26,1998,Regular Season,NYK @ PHX,0,PHX,94,87.0,7.0,1,2.0
0029800413,1999-03-28,1998,Regular Season,NYK @ LAL,0,LAL,91,99.0,-8.0,0,2.0
0029800419,1999-03-30,1998,Regular Season,NYK vs. IND,1,IND,94,93.0,1.0,1,2.0
0029800437,1999-04-01,1998,Regular Season,NYK vs. CLE,1,CLE,78,74.0,4.0,1,2.0
0029800467,1999-04-04,1998,Regular Season,NYK @ IND,0,IND,95,108.0,-13.0,0,3.0
0029800477,1999-04-06,1998,Regular Season,NYK vs. ORL,1,ORL,72,81.0,-9.0,0,2.0
0029800490,1999-04-07,1998,Regular Season,NYK @ CHH,0,CHH,82,106.0,-24.0,0,1.0
0029800507,1999-04-09,1998,Regular Season,NYK @ ATL,0,ATL,86,78.0,8.0,1,2.0
0029800520,1999-04-11,1998,Regular Season,NYK @ NJN,0,NJN,93,78.0,15.0,1,2.0
0029800535,1999-04-13,1998,Regular Season,NYK vs. PHI,1,PHI,91,72.0,19.0,1,2.0
0029800545,1999-04-14,1998,Regular Season,NYK @ WAS,0,WAS,89,95.0,-6.0,0,1.0
0029800564,1999-04-16,1998,Regular Season,NYK @ DET,0,DET,71,80.0,-9.0,0,2.0
0029800571,1999-04-17,1998,Regular Season,NYK vs. TOR,1,TOR,90,93.0,-3.0,0,1.0
0029800588,1999-04-19,1998,Regular Season,NYK @ PHI,0,PHI,67,72.0,-5.0,0,2.0
0029800617,1999-04-23,1998,Regular Season,NYK vs. CHH,1,CHH,110,105.0,5.0,1,4.0
0029800636,1999-04-25,1998,Regular Season,NYK @ MIA,0,MIA,82,80.0,2.0,1,2.0
0029800642,1999-04-26,1998,Regular Season,NYK @ CHH,0,CHH,91,84.0,7.0,1,1.0
0029800660,1999-04-28,1998,Regular Season,NYK @ ATL,0,ATL,73,76.0,-3.0,0,2.0
0029800665,1999-04-29,1998,Regular Season,NYK vs. PHI,1,PHI,85,70.0,15.0,1,1.0
0029800694,1999-05-02,1998,Regular Season,NYK @ IND,0,IND,71,94.0,-23.0,0,3.0
0029800699,1999-05-03,1998,Regular Season,NYK vs. BOS,1,BOS,95,88.0,7.0,1,1.0
0029800714,1999-05-05,1998,Regular Season,NYK vs. MIA,1,MIA,101,88.0,13.0,1,2.0
0049800001,1999-05-08,1998,Playoffs,NYK @ MIA,0,MIA,95,75.0,20.0,1,
0049800009,1999-05-10,1998,Playoffs,NYK @ MIA,0,MIA,73,83.0,-10.0,0,2.0
0049800018,1999-05-12,1998,Playoffs,NYK vs. MIA,1,MIA,97,73.0,24.0,1,2.0
0049800025,1999-05-14,1998,Playoffs,NYK vs. MIA,1,MIA,72,87.0,-15.0,0,2.0
0049800033,1999-05-16,1998,Playoffs,NYK @ MIA,0,MIA,78,77.0,1.0,1,2.0
0049800043,1999-05-18,1998,Playoffs,NYK @ ATL,0,ATL,100,92.0,8.0,1,2.0
0049800047,1999-05-20,1998,Playoffs,NYK @ ATL,0,ATL,77,70.0,7.0,1,2.0
0049800053,1999-05-23,1998,Playoffs,NYK vs. ATL,1,ATL,90,78.0,12.0,1,3.0
0049800056,1999-05-24,1998,Playoffs,NYK vs. ATL,1,ATL,79,66.0,13.0,1,1.0
0049800069,1999-05-30,1998,Playoffs,NYK @ IND,0,IND,93,90.0,3.0,1,6.0
0049800070,1999-06-01,1998,Playoffs,NYK @ IND,0,IND,86,88.0,-2.0,0,2.0
0049800071,1999-06-05,1998,Playoffs,NYK vs. IND,1,IND,92,91.0,1.0,1,4.0
0049800072,1999-06-07,1998,Playoffs,NYK vs. IND,1,IND,78,90.0,-12.0,0,2.0
0049800073,1999-06-09,1998,Playoffs,NYK @ IND,0,IND,101,94.0,7.0,1,2.0
0049800074,1999-06-11,1998,Playoffs,NYK vs. IND,1,IND,90,82.0,8.0,1,2.0
0049800083,1999-06-16,1998,Playoffs,NYK @ SAS,0,SAS,77,89.0,-12.0,0,5.0
0049800084,1999-06-18,1998,Playoffs,NYK @ SAS,0,SAS,67,80.0,-13.0,0,2.0
0049800085,1999-06-21,1998,Playoffs,NYK vs. SAS,1,SAS,89,81.0,8.0,1,3.0
0049800086,1999-06-23,1998,Playoffs,NYK vs. SAS,1,SAS,89,96.0,-7.0,0,2.0
0049800087,1999-06-25,1998,Playoffs,NYK vs. SAS,1,SAS,77,78.0,-1.0,0,2.0
0029900001,1999-11-02,1999,Regular Season,NYK vs. CLE,1,CLE,92,84.0,8.0,1,
0029900017,1999-11-03,1999,Regular Season,NYK @ CHI,0,CHI,84,74.0,10.0,1,1.0
0029900030,1999-11-05,1999,Regular Season,NYK @ DET,0,DET,103,91.0,12.0,1,2.0
0029900038,1999-11-06,1999,Regular Season,NYK @ CLE,0,CLE,93,102.0,-9.0,0,1.0
0029900050,1999-11-08,1999,Regular Season,NYK vs. MIL,1,MIL,111,101.0,10.0,1,2.0
0029900072,1999-11-11,1999,Regular Season,NYK @ MIN,0,MIN,90,93.0,-3.0,0,3.0
0029900073,1999-11-12,1999,Regular Season,NYK @ BOS,0,BOS,74,80.0,-6.0,0,1.0
0029900091,1999-11-14,1999,Regular Season,NYK vs. MIA,1,MIA,88,94.0,-6.0,0,2.0
0029900107,1999-11-16,1999,Regular Season,NYK @ DEN,0,DEN,102,95.0,7.0,1,2.0
0029900116,1999-11-17,1999,Regular Season,NYK @ UTA,0,UTA,90,98.0,-8.0,0,1.0
0029900132,1999-11-19,1999,Regular Season,NYK @ PHX,0,PHX,81,96.0,-15.0,0,2.0
0029900143,1999-11-20,1999,Regular Season,NYK @ GSW,0,GSW,86,79.0,7.0,1,1.0
0029900158,1999-11-23,1999,Regular Season,NYK @ LAC,0,LAC,95,100.0,-5.0,0,3.0
0029900183,1999-11-27,1999,Regular Season,NYK vs. ORL,1,ORL,99,96.0,3.0,1,4.0
0029900196,1999-11-29,1999,Regular Season,NYK vs. DAL,1,DAL,107,82.0,25.0,1,2.0
0029900202,1999-11-30,1999,Regular Season,NYK @ PHI,0,PHI,70,74.0,-4.0,0,1.0
0029900220,1999-12-02,1999,Regular Season,NYK @ MIL,0,MIL,84,80.0,4.0,1,2.0
0029900232,1999-12-04,1999,Regular Season,NYK @ NJN,0,NJN,92,82.0,10.0,1,2.0
0029900241,1999-12-05,1999,Regular Season,NYK vs. DEN,1,DEN,78,80.0,-2.0,0,1.0
0029900252,1999-12-07,1999,Regular Season,NYK vs. GSW,1,GSW,89,83.0,6.0,1,2.0
0029900273,1999-12-10,1999,Regular Season,NYK vs. PHI,1,PHI,85,78.0,7.0,1,3.0
0029900294,1999-12-12,1999,Regular Season,NYK vs. BOS,1,BOS,99,97.0,2.0,1,2.0
0029900303,1999-12-14,1999,Regular Season,NYK @ HOU,0,HOU,101,90.0,11.0,1,2.0
0029900319,1999-12-16,1999,Regular Season,NYK @ DAL,0,DAL,100,93.0,7.0,1,2.0
0029900331,1999-12-18,1999,Regular Season,NYK vs. WAS,1,WAS,83,95.0,-12.0,0,2.0
0029900347,1999-12-20,1999,Regular Season,NYK vs. CHH,1,CHH,112,109.0,3.0,1,2.0
0029900363,1999-12-22,1999,Regular Season,NYK vs. TOR,1,TOR,91,90.0,1.0,1,2.0
0029900378,1999-12-25,1999,Regular Season,NYK @ IND,0,IND,90,101.0,-11.0,0,3.0
0029900397,1999-12-28,1999,Regular Season,NYK @ NJN,0,NJN,83,89.0,-6.0,0,3.0
0029900413,1999-12-30,1999,Regular Season,NYK @ WAS,0,WAS,89,86.0,3.0,1,2.0
0029900430,2000-01-04,1999,Regular Season,NYK vs. BOS,1,BOS,96,88.0,8.0,1,5.0
0029900458,2000-01-07,1999,Regular Season,NYK @ ORL,0,ORL,94,86.0,8.0,1,3.0
0029900462,2000-01-08,1999,Regular Season,NYK vs. CLE,1,CLE,86,89.0,-3.0,0,1.0
0029900485,2000-01-11,1999,Regular Season,NYK vs. CHI,1,CHI,95,88.0,7.0,1,3.0
0029900494,2000-01-12,1999,Regular Season,NYK @ DET,0,DET,108,114.0,-6.0,0,1.0
0029900515,2000-01-15,1999,Regular Season,NYK vs. CHH,1,CHH,91,79.0,12.0,1,3.0
0029900529,2000-01-17,1999,Regular Season,NYK vs. DET,1,DET,105,94.0,11.0,1,2.0
0029900544,2000-01-19,1999,Regular Season,NYK vs. NJN,1,NJN,90,89.0,1.0,1,2.0
0029900569,2000-01-22,1999,Regular Season,NYK @ SAS,0,SAS,83,96.0,-13.0,0,3.0
0029900579,2000-01-24,1999,Regular Season,NYK vs. SEA,1,SEA,112,106.0,6.0,1,2.0
0029900607,2000-01-28,1999,Regular Season,NYK @ ATL,0,ATL,96,98.0,-2.0,0,4.0
0029900623,2000-01-30,1999,Regular Season,NYK vs. SAC,1,SAC,120,111.0,9.0,1,2.0
0029900630,2000-02-01,1999,Regular Season,NYK vs. ORL,1,ORL,77,98.0,-21.0,0,2.0
0029900647,2000-02-03,1999,Regular Season,NYK vs. POR,1,POR,98,88.0,10.0,1,2.0
0029900669,2000-02-06,1999,Regular Season,NYK vs. MIA,1,MIA,94,80.0,14.0,1,3.0
0029900506,2000-02-07,1999,Regular Season,NYK @ CHH,0,CHH,85,95.0,-10.0,0,1.0
0029900694,2000-02-09,1999,Regular Season,NYK @ MIL,0,MIL,109,103.0,6.0,1,2.0
0029900706,2000-02-15,1999,Regular Season,NYK @ TOR,0,TOR,70,91.0,-21.0,0,6.0
0029900716,2000-02-16,1999,Regular Season,NYK vs. MIN,1,MIN,93,89.0,4.0,1,1.0
0029900738,2000-02-19,1999,Regular Season,NYK vs. IND,1,IND,87,73.0,14.0,1,3.0
0029900750,2000-02-21,1999,Regular Season,NYK vs. LAC,1,LAC,87,76.0,11.0,1,2.0
0029900765,2000-02-23,1999,Regular Season,NYK vs. TOR,1,TOR,88,99.0,-11.0,0,2.0
0029900780,2000-02-25,1999,Regular Season,NYK vs. PHX,1,PHX,84,79.0,5.0,1,2.0
0029900795,2000-02-27,1999,Regular Season,NYK vs. PHI,1,PHI,89,88.0,1.0,1,2.0
0029900803,2000-02-28,1999,Regular Season,NYK @ MIA,0,MIA,76,85.0,-9.0,0,1.0
0029900822,2000-03-02,1999,Regular Season,NYK vs. MIL,1,MIL,109,94.0,15.0,1,3.0
0029900832,2000-03-03,1999,Regular Season,NYK @ ATL,0,ATL,70,83.0,-13.0,0,1.0
0029900846,2000-03-05,1999,Regular Season,NYK vs. UTA,1,UTA,79,88.0,-9.0,0,2.0
0029900859,2000-03-07,1999,Regular Season,NYK vs. VAN,1,VAN,111,86.0,25.0,1,2.0
0029900584,2000-03-08,1999,Regular Season,NYK @ WAS,0,WAS,113,118.0,-5.0,0,1.0
0029900880,2000-03-10,1999,Regular Season,NYK @ PHI,0,PHI,82,77.0,5.0,1,2.0
0029900896,2000-03-12,1999,Regular Season,NYK vs. SAS,1,SAS,93,80.0,13.0,1,2.0
0029900908,2000-03-14,1999,Regular Season,NYK vs. HOU,1,HOU,91,85.0,6.0,1,2.0
0029900931,2000-03-17,1999,Regular Season,NYK @ CHH,0,CHH,118,99.0,19.0,1,3.0
0029900947,2000-03-19,1999,Regular Season,NYK vs. LAL,1,LAL,85,92.0,-7.0,0,2.0
0029900963,2000-03-21,1999,Regular Season,NYK @ IND,0,IND,91,95.0,-4.0,0,2.0
0029900971,2000-03-22,1999,Regular Season,NYK vs. CHI,1,CHI,78,67.0,11.0,1,1.0
0029900983,2000-03-24,1999,Regular Season,NYK vs. ATL,1,ATL,95,83.0,12.0,1,2.0
0029901007,2000-03-26,1999,Regular Season,NYK @ POR,0,POR,93,89.0,4.0,1,2.0
0029901018,2000-03-28,1999,Regular Season,NYK @ SAC,0,SAC,95,103.0,-8.0,0,2.0
0029901024,2000-03-29,1999,Regular Season,NYK @ SEA,0,SEA,110,95.0,15.0,1,1.0
0029901041,2000-03-31,1999,Regular Season,NYK @ VAN,0,VAN,89,83.0,6.0,1,2.0
0029901052,2000-04-02,1999,Regular Season,NYK @ LAL,0,LAL,82,106.0,-24.0,0,2.0
0029901075,2000-04-06,1999,Regular Season,NYK vs. WAS,1,WAS,101,92.0,9.0,1,4.0
0029901084,2000-04-07,1999,Regular Season,NYK @ ORL,0,ORL,96,89.0,7.0,1,1.0
0029901100,2000-04-09,1999,Regular Season,NYK @ MIA,0,MIA,94,95.0,-1.0,0,2.0
0029901107,2000-04-10,1999,Regular Season,NYK vs. IND,1,IND,83,81.0,2.0,1,1.0
0029901122,2000-04-12,1999,Regular Season,NYK vs. NJN,1,NJN,91,89.0,2.0,1,2.0
0029901139,2000-04-14,1999,Regular Season,NYK @ TOR,0,TOR,71,86.0,-15.0,0,2.0
0029901148,2000-04-15,1999,Regular Season,NYK @ CLE,0,CLE,96,106.0,-10.0,0,1.0
0029901165,2000-04-18,1999,Regular Season,NYK vs. DET,1,DET,100,88.0,12.0,1,3.0
0029901176,2000-04-19,1999,Regular Season,NYK @ BOS,0,BOS,85,112.0,-27.0,0,1.0
0049900005,2000-04-23,1999,Playoffs,NYK vs. TOR,1,TOR,92,88.0,4.0,1,
0049900013,2000-04-26,1999,Playoffs,NYK vs. TOR,1,TOR,84,83.0,1.0,1,3.0
0049900022,2000-04-30,1999,Playoffs,NYK @ TOR,0,TOR,87,80.0,7.0,1,4.0
0049900041,2000-05-07,1999,Playoffs,NYK @ MIA,0,MIA,83,87.0,-4.0,0,7.0
0049900042,2000-05-09,1999,Playoffs,NYK @ MIA,0,MIA,82,76.0,6.0,1,2.0
0049900043,2000-05-12,1999,Playoffs,NYK vs. MIA,1,MIA,76,77.0,-1.0,0,3.0
0049900044,2000-05-14,1999,Playoffs,NYK vs. MIA,1,MIA,91,84.0,7.0,1,2.0
0049900045,2000-05-17,1999,Playoffs,NYK @ MIA,0,MIA,81,87.0,-6.0,0,3.0
0049900046,2000-05-19,1999,Playoffs,NYK vs. MIA,1,MIA,72,70.0,2.0,1,2.0
0049900047,2000-05-21,1999,Playoffs,NYK @ MIA,0,MIA,83,82.0,1.0,1,2.0
0049900076,2000-05-23,1999,Playoffs,NYK @ IND,0,IND,88,102.0,-14.0,0,2.0
0049900077,2000-05-25,1999,Playoffs,NYK @ IND,0,IND,84,88.0,-4.0,0,2.0
0049900078,2000-05-27,1999,Playoffs,NYK vs. IND,1,IND,98,95.0,3.0,1,2.0
0049900079,2000-05-29,1999,Playoffs,NYK vs. IND,1,IND,91,89.0,2.0,1,2.0
0049900080,2000-05-31,1999,Playoffs,NYK @ IND,0,IND,79,88.0,-9.0,0,2.0
0049900081,2000-06-02,1999,Playoffs,NYK vs. IND,1,IND,80,93.0,-13.0,0,2.0
0020000001,2000-10-31,2000,Regular Season,NYK vs. PHI,1,PHI,72,101.0,-29.0,0,
0020000021,2000-11-02,2000,Regular Season,NYK vs. ATL,1,ATL,94,69.0,25.0,1,2.0
0020000029,2000-11-03,2000,Regular Season,NYK @ WAS,0,WAS,80,76.0,4.0,1,1.0
0020000057,2000-11-07,2000,Regular Season,NYK @ MIL,0,MIL,103,89.0,14.0,1,4.0
0020000061,2000-11-08,2000,Regular Season,NYK vs. CLE,1,CLE,97,99.0,-2.0,0,1.0
0020000079,2000-11-10,2000,Regular Season,NYK @ BOS,0,BOS,103,101.0,2.0,1,2.0
0020000086,2000-11-11,2000,Regular Season,NYK vs. CHH,1,CHH,81,67.0,14.0,1,1.0
0020000110,2000-11-14,2000,Regular Season,NYK @ SEA,0,SEA,75,96.0,-21.0,0,3.0
0020000118,2000-11-15,2000,Regular Season,NYK @ LAC,0,LAC,74,78.0,-4.0,0,1.0
0020000132,2000-11-17,2000,Regular Season,NYK @ PHX,0,PHX,90,85.0,5.0,1,2.0
0020000144,2000-11-19,2000,Regular Season,NYK vs. GSW,1,GSW,88,71.0,17.0,1,2.0
0020000154,2000-11-21,2000,Regular Season,NYK @ ORL,0,ORL,85,84.0,1.0,1,2.0
0020000162,2000-11-22,2000,Regular Season,NYK @ ATL,0,ATL,74,78.0,-4.0,0,1.0
0020000182,2000-11-25,2000,Regular Season,NYK vs. TOR,1,TOR,75,79.0,-4.0,0,3.0
0020000196,2000-11-27,2000,Regular Season,NYK vs. VAN,1,VAN,97,72.0,25.0,1,2.0
0020000208,2000-11-29,2000,Regular Season,NYK vs. MIA,1,MIA,81,84.0,-3.0,0,2.0
0020000229,2000-12-01,2000,Regular Season,NYK @ CHI,0,CHI,91,86.0,5.0,1,2.0
0020000233,2000-12-02,2000,Regular Season,NYK vs. MIN,1,MIN,100,90.0,10.0,1,1.0
0020000249,2000-12-04,2000,Regular Season,NYK vs. LAC,1,LAC,106,78.0,28.0,1,2.0
0020000266,2000-12-06,2000,Regular Season,NYK @ DAL,0,DAL,85,94.0,-9.0,0,2.0
0020000273,2000-12-07,2000,Regular Season,NYK @ SAS,0,SAS,86,83.0,3.0,1,1.0
0020000284,2000-12-09,2000,Regular Season,NYK vs. DEN,1,DEN,96,88.0,8.0,1,2.0
0020000322,2000-12-14,2000,Regular Season,NYK @ TOR,0,TOR,68,70.0,-2.0,0,5.0
0020000326,2000-12-15,2000,Regular Season,NYK vs. UTA,1,UTA,58,89.0,-31.0,0,1.0
0020000345,2000-12-17,2000,Regular Season,NYK vs. MIL,1,MIL,100,97.0,3.0,1,2.0
0020000353,2000-12-19,2000,Regular Season,NYK @ ATL,0,ATL,77,87.0,-10.0,0,2.0
0020000370,2000-12-21,2000,Regular Season,NYK vs. BOS,1,BOS,86,92.0,-6.0,0,2.0
0020000374,2000-12-22,2000,Regular Season,NYK @ PHI,0,PHI,91,71.0,20.0,1,1.0
0020000408,2000-12-27,2000,Regular Season,NYK @ WAS,0,WAS,89,82.0,7.0,1,5.0
0020000422,2000-12-29,2000,Regular Season,NYK vs. CHI,1,CHI,95,68.0,27.0,1,2.0
0020000430,2000-12-30,2000,Regular Season,NYK @ MIN,0,MIN,88,79.0,9.0,1,1.0
0020000451,2001-01-03,2000,Regular Season,NYK @ BOS,0,BOS,100,91.0,9.0,1,4.0
0020000460,2001-01-04,2000,Regular Season,NYK vs. ORL,1,ORL,95,92.0,3.0,1,1.0
0020000480,2001-01-07,2000,Regular Season,NYK vs. WAS,1,WAS,103,87.0,16.0,1,3.0
0020000507,2001-01-11,2000,Regular Season,NYK vs. HOU,1,HOU,75,76.0,-1.0,0,4.0
0020000521,2001-01-13,2000,Regular Season,NYK vs. POR,1,POR,91,78.0,13.0,1,2.0
0020000535,2001-01-15,2000,Regular Season,NYK vs. SAS,1,SAS,104,82.0,22.0,1,2.0
0020000568,2001-01-19,2000,Regular Season,NYK @ DET,0,DET,97,91.0,6.0,1,4.0
0020000578,2001-01-21,2000,Regular Season,NYK vs. IND,1,IND,74,87.0,-13.0,0,2.0
0020000592,2001-01-23,2000,Regular Season,NYK @ MIL,0,MIL,91,105.0,-14.0,0,2.0
0020000601,2001-01-24,2000,Regular Season,NYK @ CHH,0,CHH,67,81.0,-14.0,0,1.0
0020000629,2001-01-28,2000,Regular Season,NYK vs. LAL,1,LAL,91,81.0,10.0,1,4.0
0020000654,2001-02-01,2000,Regular Season,NYK vs. PHI,1,PHI,80,87.0,-7.0,0,4.0
0020000661,2001-02-02,2000,Regular Season,NYK @ NJN,0,NJN,95,71.0,24.0,1,1.0
0020000680,2001-02-04,2000,Regular Season,NYK @ MIA,0,MIA,103,100.0,3.0,1,2.0
0020000686,2001-02-05,2000,Regular Season,NYK @ HOU,0,HOU,86,100.0,-14.0,0,1.0
0020000697,2001-02-07,2000,Regular Season,NYK vs. DAL,1,DAL,96,93.0,3.0,1,2.0
0020000718,2001-02-13,2000,Regular Season,NYK @ DEN,0,DEN,77,96.0,-19.0,0,6.0
0020000727,2001-02-14,2000,Regular Season,NYK @ UTA,0,UTA,90,106.0,-16.0,0,1.0
0020000736,2001-02-16,2000,Regular Season,NYK vs. NJN,1,NJN,114,104.0,10.0,1,2.0
0020000751,2001-02-18,2000,Regular Season,NYK @ ORL,0,ORL,88,96.0,-8.0,0,2.0
0020000762,2001-02-20,2000,Regular Season,NYK vs. MIA,1,MIA,76,74.0,2.0,1,2.0
0020000775,2001-02-21,2000,Regular Season,NYK @ DET,0,DET,85,90.0,-5.0,0,1.0
0020000784,2001-02-23,2000,Regular Season,NYK vs. PHX,1,PHX,84,88.0,-4.0,0,2.0
0020000801,2001-02-25,2000,Regular Season,NYK vs. SAC,1,SAC,88,86.0,2.0,1,2.0
0020000816,2001-02-27,2000,Regular Season,NYK vs. SEA,1,SEA,101,92.0,9.0,1,2.0
0020000832,2001-03-01,2000,Regular Season,NYK vs. BOS,1,BOS,95,88.0,7.0,1,2.0
0020000844,2001-03-02,2000,Regular Season,NYK @ CHI,0,CHI,72,81.0,-9.0,0,1.0
0020000855,2001-03-04,2000,Regular Season,NYK @ TOR,0,TOR,88,98.0,-10.0,0,2.0
0020000867,2001-03-06,2000,Regular Season,NYK vs. IND,1,IND,97,83.0,14.0,1,2.0
0020000881,2001-03-07,2000,Regular Season,NYK @ IND,0,IND,79,75.0,4.0,1,1.0
0020000889,2001-03-09,2000,Regular Season,NYK @ NJN,0,NJN,83,96.0,-13.0,0,2.0
0020000906,2001-03-11,2000,Regular Season,NYK vs. MIA,1,MIA,86,83.0,3.0,1,2.0
0020000918,2001-03-13,2000,Regular Season,NYK vs. CLE,1,CLE,98,79.0,19.0,1,2.0
0020000935,2001-03-15,2000,Regular Season,NYK vs. TOR,1,TOR,88,72.0,16.0,1,2.0
0020000951,2001-03-17,2000,Regular Season,NYK vs. CHI,1,CHI,101,80.0,21.0,1,2.0
0020000970,2001-03-20,2000,Regular Season,NYK @ CLE,0,CLE,110,75.0,35.0,1,3.0
0020000991,2001-03-23,2000,Regular Season,NYK vs. NJN,1,NJN,86,95.0,-9.0,0,3.0
0020001015,2001-03-26,2000,Regular Season,NYK @ GSW,0,GSW,89,87.0,2.0,1,3.0
0020001024,2001-03-27,2000,Regular Season,NYK @ SAC,0,SAC,117,124.0,-7.0,0,1.0
0020001037,2001-03-29,2000,Regular Season,NYK @ VAN,0,VAN,68,89.0,-21.0,0,2.0
0020001046,2001-03-30,2000,Regular Season,NYK @ POR,0,POR,79,96.0,-17.0,0,1.0
0020001059,2001-04-01,2000,Regular Season,NYK @ LAL,0,LAL,79,78.0,1.0,1,2.0
0020001063,2001-04-03,2000,Regular Season,NYK vs. ORL,1,ORL,94,82.0,12.0,1,2.0
0020001082,2001-04-05,2000,Regular Season,NYK vs. WAS,1,WAS,93,80.0,13.0,1,2.0
0020001105,2001-04-08,2000,Regular Season,NYK @ MIA,0,MIA,76,81.0,-5.0,0,3.0
0020001111,2001-04-09,2000,Regular Season,NYK vs. CHH,1,CHH,113,98.0,15.0,1,1.0
0020001129,2001-04-11,2000,Regular Season,NYK @ IND,0,IND,93,100.0,-7.0,0,2.0
0020001138,2001-04-13,2000,Regular Season,NYK vs. ATL,1,ATL,101,65.0,36.0,1,2.0
0020001155,2001-04-15,2000,Regular Season,NYK @ PHI,0,PHI,82,89.0,-7.0,0,2.0
0020001166,2001-04-16,2000,Regular Season,NYK @ CLE,0,CLE,78,80.0,-2.0,0,1.0
0020001180,2001-04-18,2000,Regular Season,NYK vs. DET,1,DET,94,88.0,6.0,1,2.0
0040000008,2001-04-22,2000,Playoffs,NYK vs. TOR,1,TOR,92,85.0,7.0,1,
0040000016,2001-04-26,2000,Playoffs,NYK vs. TOR,1,TOR,74,94.0,-20.0,0,4.0
0040000024,2001-04-29,2000,Playoffs,NYK @ TOR,0,TOR,97,89.0,8.0,1,3.0
0040000032,2001-05-02,2000,Playoffs,NYK @ TOR,0,TOR,93,100.0,-7.0,0,3.0
0040000040,2001-05-04,2000,Playoffs,NYK vs. TOR,1,TOR,89,93.0,-4.0,0,2.0
0020100002,2001-10-30,2001,Regular Season,NYK vs. WAS,1,WAS,93,91.0,2.0,1,
0020100030,2001-11-02,2001,Regular Season,NYK @ CHH,0,CHH,93,97.0,-4.0,0,3.0
0020100039,2001-11-03,2001,Regular Season,NYK @ CHI,0,CHI,79,84.0,-5.0,0,1.0
0020100057,2001-11-06,2001,Regular Season,NYK @ MIN,0,MIN,94,104.0,-10.0,0,3.0
0020100065,2001-11-07,2001,Regular Season,NYK vs. CLE,1,CLE,82,64.0,18.0,1,1.0
0020100079,2001-11-09,2001,Regular Season,NYK @ IND,0,IND,95,103.0,-8.0,0,2.0
0020100086,2001-11-10,2001,Regular Season,NYK vs. GSW,1,GSW,71,90.0,-19.0,0,1.0
0020100101,2001-11-13,2001,Regular Season,NYK vs. POR,1,POR,89,82.0,7.0,1,3.0
0020100116,2001-11-15,2001,Regular Season,NYK vs. MIA,1,MIA,83,74.0,9.0,1,2.0
0020100124,2001-11-16,2001,Regular Season,NYK @ NJN,0,NJN,83,109.0,-26.0,0,1.0
0020100141,2001-11-18,2001,Regular Season,NYK @ LAC,0,LAC,86,99.0,-13.0,0,2.0
0020100153,2001-11-20,2001,Regular Season,NYK @ GSW,0,GSW,94,70.0,24.0,1,2.0
0020100163,2001-11-21,2001,Regular Season,NYK @ PHX,0,PHX,72,96.0,-24.0,0,1.0
0020100179,2001-11-24,2001,Regular Season,NYK vs. CHI,1,CHI,78,71.0,7.0,1,3.0
0020100193,2001-11-26,2001,Regular Season,NYK vs. ATL,1,ATL,88,83.0,5.0,1,2.0
0020100205,2001-11-28,2001,Regular Season,NYK @ ATL,0,ATL,105,100.0,5.0,1,2.0
0020100229,2001-12-01,2001,Regular Season,NYK vs. DET,1,DET,97,100.0,-3.0,0,3.0
0020100242,2001-12-03,2001,Regular Season,NYK vs. HOU,1,HOU,89,86.0,3.0,1,2.0
0020100247,2001-12-04,2001,Regular Season,NYK @ MIL,0,MIL,85,71.0,14.0,1,1.0
0020100276,2001-12-08,2001,Regular Season,NYK vs. IND,1,IND,101,99.0,2.0,1,4.0
0020100291,2001-12-11,2001,Regular Season,NYK vs. BOS,1,BOS,93,102.0,-9.0,0,3.0
0020100309,2001-12-13,2001,Regular Season,NYK @ DET,0,DET,97,99.0,-2.0,0,2.0
0020100314,2001-12-14,2001,Regular Season,NYK @ WAS,0,WAS,80,96.0,-16.0,0,1.0
0020100333,2001-12-16,2001,Regular Season,NYK vs. NJN,1,NJN,96,114.0,-18.0,0,2.0
0020100338,2001-12-18,2001,Regular Season,NYK @ CHH,0,CHH,100,95.0,5.0,1,2.0
0020100358,2001-12-20,2001,Regular Season,NYK vs. MEM,1,MEM,88,90.0,-2.0,0,2.0
0020100372,2001-12-22,2001,Regular Season,NYK vs. WAS,1,WAS,86,87.0,-1.0,0,2.0
0020100386,2001-12-25,2001,Regular Season,NYK vs. TOR,1,TOR,102,94.0,8.0,1,3.0
0020100410,2001-12-28,2001,Regular Season,NYK @ CLE,0,CLE,88,98.0,-10.0,0,3.0
0020100425,2001-12-30,2001,Regular Season,NYK vs. ORL,1,ORL,90,94.0,-4.0,0,2.0
0020100445,2002-01-03,2001,Regular Season,NYK vs. DAL,1,DAL,108,101.0,7.0,1,4.0
0020100458,2002-01-05,2001,Regular Season,NYK vs. BOS,1,BOS,81,90.0,-9.0,0,2.0
0020100478,2002-01-07,2001,Regular Season,NYK @ SAS,0,SAS,79,90.0,-11.0,0,2.0
0020100485,2002-01-08,2001,Regular Season,NYK @ HOU,0,HOU,86,88.0,-2.0,0,1.0
0020100496,2002-01-10,2001,Regular Season,NYK @ DAL,0,DAL,89,111.0,-22.0,0,2.0
0020100511,2002-01-12,2001,Regular Season,NYK vs. MIL,1,MIL,97,102.0,-5.0,0,2.0
0020100535,2002-01-16,2001,Regular Season,NYK @ BOS,0,BOS,100,101.0,-1.0,0,4.0
0020100557,2002-01-19,2001,Regular Season,NYK @ PHI,0,PHI,89,97.0,-8.0,0,3.0
0020100570,2002-01-21,2001,Regular Season,NYK vs. CHH,1,CHH,68,111.0,-43.0,0,2.0
0020100593,2002-01-23,2001,Regular Season,NYK @ TOR,0,TOR,96,92.0,4.0,1,2.0
0020100598,2002-01-24,2001,Regular Season,NYK vs. PHX,1,PHX,96,91.0,5.0,1,1.0
0020100611,2002-01-26,2001,Regular Season,NYK @ MIL,0,MIL,129,127.0,2.0,1,2.0
0020100627,2002-01-29,2001,Regular Season,NYK vs. PHI,1,PHI,78,71.0,7.0,1,3.0
0020100649,2002-02-01,2001,Regular Season,NYK @ IND,0,IND,87,92.0,-5.0,0,3.0
0020100663,2002-02-03,2001,Regular Season,NYK vs. MIA,1,MIA,83,94.0,-11.0,0,2.0
0020100678,2002-02-05,2001,Regular Season,NYK vs. LAC,1,LAC,110,112.0,-2.0,0,2.0
0020100694,2002-02-07,2001,Regular Season,NYK vs. ATL,1,ATL,92,89.0,3.0,1,2.0
0020100702,2002-02-12,2001,Regular Season,NYK @ ORL,0,ORL,114,122.0,-8.0,0,5.0
0020100710,2002-02-13,2001,Regular Season,NYK vs. TOR,1,TOR,89,82.0,7.0,1,1.0
0020100723,2002-02-15,2001,Regular Season,NYK vs. DET,1,DET,90,101.0,-11.0,0,2.0
0020100742,2002-02-17,2001,Regular Season,NYK vs. UTA,1,UTA,89,92.0,-3.0,0,2.0
0020100764,2002-02-20,2001,Regular Season,NYK @ CHI,0,CHI,109,113.0,-4.0,0,3.0
0020100777,2002-02-22,2001,Regular Season,NYK @ NJN,0,NJN,93,115.0,-22.0,0,2.0
0020100790,2002-02-24,2001,Regular Season,NYK vs. LAL,1,LAL,91,107.0,-16.0,0,2.0
0020100819,2002-02-28,2001,Regular Season,NYK @ MIA,0,MIA,86,100.0,-14.0,0,4.0
0020100825,2002-03-01,2001,Regular Season,NYK vs. SEA,1,SEA,89,87.0,2.0,1,1.0
0020100838,2002-03-03,2001,Regular Season,NYK vs. SAS,1,SAS,83,99.0,-16.0,0,2.0
0020100854,2002-03-05,2001,Regular Season,NYK vs. MIL,1,MIL,102,89.0,13.0,1,2.0
0020100873,2002-03-07,2001,Regular Season,NYK @ DEN,0,DEN,93,104.0,-11.0,0,2.0
0020100882,2002-03-08,2001,Regular Season,NYK @ UTA,0,UTA,85,79.0,6.0,1,1.0
0020100898,2002-03-10,2001,Regular Season,NYK @ LAL,0,LAL,103,117.0,-14.0,0,2.0
0020100908,2002-03-12,2001,Regular Season,NYK vs. PHI,1,PHI,96,104.0,-8.0,0,2.0
0020100923,2002-03-14,2001,Regular Season,NYK vs. SAC,1,SAC,113,96.0,17.0,1,2.0
0020100935,2002-03-16,2001,Regular Season,NYK vs. CLE,1,CLE,105,95.0,10.0,1,2.0
0020100949,2002-03-17,2001,Regular Season,NYK @ CLE,0,CLE,99,104.0,-5.0,0,1.0
0020100960,2002-03-19,2001,Regular Season,NYK @ MEM,0,MEM,101,92.0,9.0,1,2.0
0020100972,2002-03-21,2001,Regular Season,NYK @ ATL,0,ATL,89,118.0,-29.0,0,2.0
0020100994,2002-03-24,2001,Regular Season,NYK @ PHI,0,PHI,82,90.0,-8.0,0,3.0
0020101002,2002-03-25,2001,Regular Season,NYK vs. DEN,1,DEN,83,84.0,-1.0,0,1.0
0020101020,2002-03-27,2001,Regular Season,NYK @ DET,0,DET,89,82.0,7.0,1,2.0
0020101033,2002-03-29,2001,Regular Season,NYK vs. MIN,1,MIN,77,98.0,-21.0,0,2.0
0020101052,2002-03-31,2001,Regular Season,NYK @ ORL,0,ORL,90,97.0,-7.0,0,2.0
0020101062,2002-04-02,2001,Regular Season,NYK vs. CHH,1,CHH,91,85.0,6.0,1,2.0
0020101081,2002-04-04,2001,Regular Season,NYK @ POR,0,POR,80,88.0,-8.0,0,2.0
0020101091,2002-04-05,2001,Regular Season,NYK @ SEA,0,SEA,86,83.0,3.0,1,1.0
0020101102,2002-04-07,2001,Regular Season,NYK @ SAC,0,SAC,82,116.0,-34.0,0,2.0
0020101114,2002-04-09,2001,Regular Season,NYK vs. ORL,1,ORL,97,108.0,-11.0,0,2.0
0020101131,2002-04-11,2001,Regular Season,NYK vs. CHI,1,CHI,101,104.0,-3.0,0,2.0
0020101139,2002-04-12,2001,Regular Season,NYK @ BOS,0,BOS,92,107.0,-15.0,0,1.0
0020101156,2002-04-14,2001,Regular Season,NYK @ MIA,0,MIA,94,67.0,27.0,1,2.0
0020101165,2002-04-16,2001,Regular Season,NYK @ WAS,0,WAS,112,116.0,-4.0,0,2.0
0020101179,2002-04-17,2001,Regular Season,NYK vs. NJN,1,NJN,94,99.0,-5.0,0,1.0
0020200010,2002-10-30,2002,Regular Season,NYK @ DET,0,DET,77,86.0,-9.0,0,
0020200022,2002-11-01,2002,Regular Season,NYK @ PHI,0,PHI,86,98.0,-12.0,0,2.0
0020200034,2002-11-02,2002,Regular Season,NYK vs. BOS,1,BOS,107,117.0,-10.0,0,1.0
0020200047,2002-11-04,2002,Regular Season,NYK vs. MIL,1,MIL,88,97.0,-9.0,0,2.0
0020200059,2002-11-06,2002,Regular Season,NYK vs. SAC,1,SAC,95,88.0,7.0,1,2.0
0020200074,2002-11-08,2002,Regular Season,NYK @ IND,0,IND,94,107.0,-13.0,0,2.0
0020200092,2002-11-10,2002,Regular Season,NYK vs. NOH,1,NOH,91,97.0,-6.0,0,2.0
0020200102,2002-11-12,2002,Regular Season,NYK vs. UTA,1,UTA,87,108.0,-21.0,0,2.0
0020200128,2002-11-16,2002,Regular Season,NYK vs. PHI,1,PHI,92,93.0,-1.0,0,4.0
0020200143,2002-11-18,2002,Regular Season,NYK vs. DET,1,DET,94,91.0,3.0,1,2.0
0020200173,2002-11-22,2002,Regular Season,NYK @ NOH,0,NOH,97,105.0,-8.0,0,4.0
0020200192,2002-11-24,2002,Regular Season,NYK vs. MIN,1,MIN,88,106.0,-18.0,0,2.0
0020200207,2002-11-27,2002,Regular Season,NYK @ TOR,0,TOR,87,81.0,6.0,1,3.0
0020200229,2002-11-30,2002,Regular Season,NYK vs. NOH,1,NOH,92,86.0,6.0,1,3.0
0020200245,2002-12-02,2002,Regular Season,NYK vs. CLE,1,CLE,125,93.0,32.0,1,2.0
0020200258,2002-12-04,2002,Regular Season,NYK vs. ORL,1,ORL,85,87.0,-2.0,0,2.0
0020200270,2002-12-06,2002,Regular Season,NYK @ BOS,0,BOS,80,91.0,-11.0,0,2.0
0020200281,2002-12-07,2002,Regular Season,NYK @ WAS,0,WAS,97,100.0,-3.0,0,1.0
0020200300,2002-12-10,2002,Regular Season,NYK vs. SEA,1,SEA,97,80.0,17.0,1,3.0
0020200322,2002-12-13,2002,Regular Season,NYK @ MIA,0,MIA,97,92.0,5.0,1,3.0
0020200328,2002-12-14,2002,Regular Season,NYK vs. BOS,1,BOS,90,113.0,-23.0,0,1.0
0020200349,2002-12-17,2002,Regular Season,NYK vs. NJN,1,NJN,101,99.0,2.0,1,3.0
0020200386,2002-12-21,2002,Regular Season,NYK @ MIL,0,MIL,90,94.0,-4.0,0,4.0
0020200393,2002-12-22,2002,Regular Season,NYK vs. MIA,1,MIA,84,92.0,-8.0,0,1.0
0020200414,2002-12-27,2002,Regular Season,NYK @ HOU,0,HOU,99,83.0,16.0,1,5.0
0020200424,2002-12-28,2002,Regular Season,NYK @ DAL,0,DAL,82,107.0,-25.0,0,1.0
0020200433,2002-12-30,2002,Regular Season,NYK vs. SAS,1,SAS,96,95.0,1.0,1,2.0
0020200449,2003-01-01,2002,Regular Season,NYK vs. TOR,1,TOR,95,75.0,20.0,1,2.0
0020200455,2003-01-03,2002,Regular Season,NYK vs. IND,1,IND,98,96.0,2.0,1,2.0
0020200474,2003-01-05,2002,Regular Season,NYK vs. POR,1,POR,89,92.0,-3.0,0,2.0
0020200479,2003-01-06,2002,Regular Season,NYK @ ORL,0,ORL,100,103.0,-3.0,0,1.0
0020200494,2003-01-08,2002,Regular Season,NYK @ IND,0,IND,87,89.0,-2.0,0,2.0
0020200504,2003-01-10,2002,Regular Season,NYK @ PHI,0,PHI,114,112.0,2.0,1,2.0
0020200520,2003-01-11,2002,Regular Season,NYK vs. WAS,1,WAS,84,89.0,-5.0,0,1.0
0020200533,2003-01-13,2002,Regular Season,NYK @ CHI,0,CHI,94,101.0,-7.0,0,2.0
0020200538,2003-01-14,2002,Regular Season,NYK vs. CHI,1,CHI,98,86.0,12.0,1,1.0
0020200558,2003-01-17,2002,Regular Season,NYK @ DET,0,DET,82,99.0,-17.0,0,3.0
0020200567,2003-01-18,2002,Regular Season,NYK @ ATL,0,ATL,95,92.0,3.0,1,1.0
0020200576,2003-01-20,2002,Regular Season,NYK vs. MIA,1,MIA,72,65.0,7.0,1,2.0
0020200594,2003-01-22,2002,Regular Season,NYK vs. DEN,1,DEN,97,88.0,9.0,1,2.0
0020200606,2003-01-24,2002,Regular Season,NYK vs. DAL,1,DAL,90,101.0,-11.0,0,2.0
0020200625,2003-01-26,2002,Regular Season,NYK vs. PHX,1,PHX,106,98.0,8.0,1,2.0
0020200637,2003-01-28,2002,Regular Season,NYK vs. ATL,1,ATL,103,98.0,5.0,1,2.0
0020200647,2003-01-29,2002,Regular Season,NYK @ MIA,0,MIA,80,82.0,-2.0,0,1.0
0020200662,2003-01-31,2002,Regular Season,NYK @ MEM,0,MEM,108,102.0,6.0,1,2.0
0020200672,2003-02-01,2002,Regular Season,NYK @ MIL,0,MIL,100,107.0,-7.0,0,1.0
0020200692,2003-02-04,2002,Regular Season,NYK vs. LAC,1,LAC,105,92.0,13.0,1,3.0
0020200705,2003-02-06,2002,Regular Season,NYK vs. LAL,1,LAL,109,114.0,-5.0,0,2.0
0020200723,2003-02-12,2002,Regular Season,NYK vs. GSW,1,GSW,107,113.0,-6.0,0,6.0
0020200741,2003-02-14,2002,Regular Season,NYK @ PHX,0,PHX,116,115.0,1.0,1,2.0
0020200757,2003-02-16,2002,Regular Season,NYK @ LAL,0,LAL,117,110.0,7.0,1,2.0
0020200761,2003-02-17,2002,Regular Season,NYK @ POR,0,POR,91,99.0,-8.0,0,1.0
0020200778,2003-02-19,2002,Regular Season,NYK @ SEA,0,SEA,94,103.0,-9.0,0,2.0
0020200791,2003-02-21,2002,Regular Season,NYK @ GSW,0,GSW,107,111.0,-4.0,0,2.0
0020200805,2003-02-23,2002,Regular Season,NYK @ SAC,0,SAC,92,99.0,-7.0,0,2.0
0020200816,2003-02-25,2002,Regular Season,NYK vs. HOU,1,HOU,102,95.0,7.0,1,2.0
0020200823,2003-02-26,2002,Regular Season,NYK @ NJN,0,NJN,76,105.0,-29.0,0,1.0
0020200836,2003-02-28,2002,Regular Season,NYK vs. ORL,1,ORL,118,110.0,8.0,1,2.0
0020200854,2003-03-02,2002,Regular Season,NYK @ MIN,0,MIN,90,99.0,-9.0,0,2.0
0020200863,2003-03-04,2002,Regular Season,NYK vs. CLE,1,CLE,89,80.0,9.0,1,2.0
0020200871,2003-03-05,2002,Regular Season,NYK @ BOS,0,BOS,95,97.0,-2.0,0,1.0
0020200885,2003-03-07,2002,Regular Season,NYK @ ORL,0,ORL,111,102.0,9.0,1,2.0
0020200900,2003-03-09,2002,Regular Season,NYK vs. WAS,1,WAS,97,96.0,1.0,1,2.0
0020200915,2003-03-11,2002,Regular Season,NYK vs. MEM,1,MEM,85,87.0,-2.0,0,2.0
0020200935,2003-03-14,2002,Regular Season,NYK @ ATL,0,ATL,104,108.0,-4.0,0,3.0
0020200953,2003-03-16,2002,Regular Season,NYK vs. MIL,1,MIL,120,111.0,9.0,1,2.0
0020200967,2003-03-18,2002,Regular Season,NYK @ SAS,0,SAS,105,97.0,8.0,1,2.0
0020200976,2003-03-19,2002,Regular Season,NYK @ NOH,0,NOH,96,101.0,-5.0,0,1.0
0020200987,2003-03-21,2002,Regular Season,NYK vs. DET,1,DET,97,93.0,4.0,1,2.0
0020200997,2003-03-22,2002,Regular Season,NYK @ CHI,0,CHI,98,100.0,-2.0,0,1.0
0020201011,2003-03-24,2002,Regular Season,NYK vs. TOR,1,TOR,100,90.0,10.0,1,2.0
0020201024,2003-03-26,2002,Regular Season,NYK @ NJN,0,NJN,95,101.0,-6.0,0,2.0
0020201041,2003-03-28,2002,Regular Season,NYK vs. NJN,1,NJN,101,122.0,-21.0,0,2.0
0020201057,2003-03-30,2002,Regular Season,NYK @ TOR,0,TOR,86,95.0,-9.0,0,2.0
0020201084,2003-04-02,2002,Regular Season,NYK @ DEN,0,DEN,83,75.0,8.0,1,3.0
0020201095,2003-04-04,2002,Regular Season,NYK @ UTA,0,UTA,94,92.0,2.0,1,2.0
0020201103,2003-04-05,2002,Regular Season,NYK @ LAC,0,LAC,98,109.0,-11.0,0,1.0
0020201116,2003-04-08,2002,Regular Season,NYK vs. ATL,1,ATL,99,95.0,4.0,1,3.0
0020201139,2003-04-11,2002,Regular Season,NYK vs. PHI,1,PHI,108,103.0,5.0,1,3.0
0020201153,2003-04-12,2002,Regular Season,NYK @ CLE,0,CLE,99,104.0,-5.0,0,1.0
0020201164,2003-04-14,2002,Regular Season,NYK @ WAS,0,WAS,93,79.0,14.0,1,2.0
0020201172,2003-04-15,2002,Regular Season,NYK vs. IND,1,IND,93,109.0,-16.0,0,1.0
0020300005,2003-10-29,2003,Regular Season,NYK vs. ORL,1,ORL,83,85.0,-2.0,0,
0020300035,2003-11-01,2003,Regular Season,NYK @ SAS,0,SAS,74,86.0,-12.0,0,3.0
0020300041,2003-11-03,2003,Regular Season,NYK @ ORL,0,ORL,75,68.0,7.0,1,2.0
0020300055,2003-11-05,2003,Regular Season,NYK vs. MIL,1,MIL,90,106.0,-16.0,0,2.0
0020300067,2003-11-07,2003,Regular Season,NYK vs. SAC,1,SAC,114,111.0,3.0,1,2.0
0020300080,2003-11-08,2003,Regular Season,NYK @ MIL,0,MIL,87,90.0,-3.0,0,1.0
0020300090,2003-11-10,2003,Regular Season,NYK @ CLE,0,CLE,80,94.0,-14.0,0,2.0
0020300116,2003-11-14,2003,Regular Season,NYK @ NJN,0,NJN,80,85.0,-5.0,0,4.0
0020300129,2003-11-15,2003,Regular Season,NYK vs. IND,1,IND,94,95.0,-1.0,0,1.0
0020300140,2003-11-17,2003,Regular Season,NYK vs. BOS,1,BOS,89,86.0,3.0,1,2.0
0020300156,2003-11-19,2003,Regular Season,NYK vs. LAL,1,LAL,83,104.0,-21.0,0,2.0
0020300167,2003-11-21,2003,Regular Season,NYK @ DET,0,DET,85,94.0,-9.0,0,2.0
0020300178,2003-11-22,2003,Regular Season,NYK vs. PHI,1,PHI,99,88.0,11.0,1,1.0
0020300188,2003-11-24,2003,Regular Season,NYK @ BOS,0,BOS,94,88.0,6.0,1,2.0
0020300204,2003-11-26,2003,Regular Season,NYK @ MIN,0,MIN,97,92.0,5.0,1,2.0
0020300209,2003-11-27,2003,Regular Season,NYK @ IND,0,IND,70,93.0,-23.0,0,1.0
0020300223,2003-11-29,2003,Regular Season,NYK vs. NOH,1,NOH,79,74.0,5.0,1,2.0
0020300236,2003-12-01,2003,Regular Season,NYK vs. DET,1,DET,78,79.0,-1.0,0,2.0
0020300254,2003-12-03,2003,Regular Season,NYK @ SEA,0,SEA,87,95.0,-8.0,0,2.0
0020300268,2003-12-05,2003,Regular Season,NYK @ POR,0,POR,81,88.0,-7.0,0,2.0
0020300278,2003-12-06,2003,Regular Season,NYK @ GSW,0,GSW,92,104.0,-12.0,0,1.0
0020300298,2003-12-09,2003,Regular Season,NYK @ LAL,0,LAL,90,98.0,-8.0,0,3.0
0020300304,2003-12-10,2003,Regular Season,NYK @ UTA,0,UTA,73,95.0,-22.0,0,1.0
0020300320,2003-12-13,2003,Regular Season,NYK vs. DEN,1,DEN,95,88.0,7.0,1,3.0
0020300331,2003-12-14,2003,Regular Season,NYK vs. WAS,1,WAS,89,87.0,2.0,1,1.0
0020300339,2003-12-16,2003,Regular Season,NYK vs. GSW,1,GSW,86,104.0,-18.0,0,2.0
0020300362,2003-12-19,2003,Regular Season,NYK @ TOR,0,TOR,99,105.0,-6.0,0,3.0
0020300371,2003-12-20,2003,Regular Season,NYK vs. ATL,1,ATL,103,92.0,11.0,1,1.0
0020300390,2003-12-23,2003,Regular Season,NYK vs. MIN,1,MIN,92,98.0,-6.0,0,3.0
0020300408,2003-12-26,2003,Regular Season,NYK @ MEM,0,MEM,98,94.0,4.0,1,3.0
0020300418,2003-12-27,2003,Regular Season,NYK @ MIA,0,MIA,100,80.0,20.0,1,1.0
0020300430,2003-12-29,2003,Regular Season,NYK @ ORL,0,ORL,114,86.0,28.0,1,2.0
0020300441,2003-12-30,2003,Regular Season,NYK vs. MIA,1,MIA,102,73.0,29.0,1,1.0
0020300454,2004-01-02,2003,Regular Season,NYK vs. CHI,1,CHI,99,104.0,-5.0,0,3.0
0020300474,2004-01-04,2003,Regular Season,NYK vs. NJN,1,NJN,85,95.0,-10.0,0,2.0
0020300485,2004-01-06,2003,Regular Season,NYK @ CLE,0,CLE,96,107.0,-11.0,0,2.0
0020300503,2004-01-08,2003,Regular Season,NYK vs. HOU,1,HOU,79,111.0,-32.0,0,2.0
0020300518,2004-01-10,2003,Regular Season,NYK vs. MIL,1,MIL,94,88.0,6.0,1,2.0
0020300529,2004-01-12,2003,Regular Season,NYK vs. DAL,1,DAL,121,127.0,-6.0,0,2.0
0020300545,2004-01-14,2003,Regular Season,NYK vs. ORL,1,ORL,120,110.0,10.0,1,2.0
0020300559,2004-01-16,2003,Regular Season,NYK vs. SEA,1,SEA,108,88.0,20.0,1,2.0
0020300571,2004-01-17,2003,Regular Season,NYK @ CHI,0,CHI,101,96.0,5.0,1,1.0
0020300579,2004-01-19,2003,Regular Season,NYK vs. TOR,1,TOR,90,79.0,11.0,1,2.0
0020300602,2004-01-21,2003,Regular Season,NYK @ HOU,0,HOU,71,86.0,-15.0,0,2.0
0020300611,2004-01-23,2003,Regular Season,NYK @ ATL,0,ATL,96,94.0,2.0,1,2.0
0020300622,2004-01-24,2003,Regular Season,NYK vs. MIA,1,MIA,77,85.0,-8.0,0,1.0
0020300641,2004-01-27,2003,Regular Season,NYK vs. SAS,1,SAS,67,77.0,-10.0,0,3.0
0020300663,2004-01-30,2003,Regular Season,NYK @ BOS,0,BOS,92,74.0,18.0,1,3.0
0020300673,2004-01-31,2003,Regular Season,NYK vs. PHX,1,PHX,110,105.0,5.0,1,1.0
0020300693,2004-02-03,2003,Regular Season,NYK vs. IND,1,IND,97,90.0,7.0,1,3.0
0020300722,2004-02-07,2003,Regular Season,NYK @ MIA,0,MIA,76,64.0,12.0,1,4.0
0020300732,2004-02-08,2003,Regular Season,NYK vs. LAC,1,LAC,110,104.0,6.0,1,1.0
0020300746,2004-02-10,2003,Regular Season,NYK @ DAL,0,DAL,90,105.0,-15.0,0,2.0
0020300754,2004-02-11,2003,Regular Season,NYK @ NOH,0,NOH,98,105.0,-7.0,0,1.0
0020300763,2004-02-17,2003,Regular Season,NYK vs. DET,1,DET,92,88.0,4.0,1,6.0
0020300786,2004-02-20,2003,Regular Season,NYK vs. UTA,1,UTA,78,92.0,-14.0,0,3.0
0020300802,2004-02-22,2003,Regular Season,NYK vs. CLE,1,CLE,86,92.0,-6.0,0,2.0
0020300823,2004-02-24,2003,Regular Season,NYK @ SAC,0,SAC,99,107.0,-8.0,0,2.0
0020300832,2004-02-25,2003,Regular Season,NYK @ PHX,0,PHX,95,113.0,-18.0,0,1.0
0020300846,2004-02-27,2003,Regular Season,NYK @ LAC,0,LAC,94,96.0,-2.0,0,2.0
0020300860,2004-02-29,2003,Regular Season,NYK @ DEN,0,DEN,96,107.0,-11.0,0,2.0
0020300877,2004-03-03,2003,Regular Season,NYK vs. PHI,1,PHI,88,77.0,11.0,1,3.0
0020300888,2004-03-05,2003,Regular Season,NYK @ TOR,0,TOR,109,103.0,6.0,1,2.0
0020300905,2004-03-07,2003,Regular Season,NYK @ WAS,0,WAS,99,86.0,13.0,1,2.0
0020300919,2004-03-09,2003,Regular Season,NYK vs. BOS,1,BOS,84,87.0,-3.0,0,2.0
0020300938,2004-03-12,2003,Regular Season,NYK @ PHI,0,PHI,94,99.0,-5.0,0,3.0
0020300958,2004-03-14,2003,Regular Season,NYK @ MIL,0,MIL,103,100.0,3.0,1,2.0
0020300968,2004-03-16,2003,Regular Season,NYK vs. WAS,1,WAS,114,110.0,4.0,1,2.0
0020300988,2004-03-19,2003,Regular Season,NYK vs. NJN,1,NJN,79,65.0,14.0,1,3.0
0020301000,2004-03-20,2003,Regular Season,NYK @ CHI,0,CHI,81,87.0,-6.0,0,1.0
0020301015,2004-03-22,2003,Regular Season,NYK vs. ATL,1,ATL,96,84.0,12.0,1,2.0
0020301027,2004-03-24,2003,Regular Season,NYK vs. MEM,1,MEM,97,111.0,-14.0,0,2.0
0020301040,2004-03-26,2003,Regular Season,NYK vs. TOR,1,TOR,108,101.0,7.0,1,2.0
0020301051,2004-03-27,2003,Regular Season,NYK @ DET,0,DET,85,100.0,-15.0,0,1.0
0020301064,2004-03-29,2003,Regular Season,NYK vs. POR,1,POR,92,91.0,1.0,1,2.0
0020301092,2004-04-02,2003,Regular Season,NYK @ NJN,0,NJN,83,108.0,-25.0,0,4.0
0020301101,2004-04-03,2003,Regular Season,NYK @ PHI,0,PHI,86,75.0,11.0,1,1.0
0020301119,2004-04-06,2003,Regular Season,NYK @ IND,0,IND,86,107.0,-21.0,0,3.0
0020301124,2004-04-07,2003,Regular Season,NYK vs. CHI,1,CHI,96,82.0,14.0,1,1.0
0020301148,2004-04-10,2003,Regular Season,NYK @ WAS,0,WAS,102,98.0,4.0,1,3.0
0020301166,2004-04-12,2003,Regular Season,NYK @ NOH,0,NOH,101,97.0,4.0,1,2.0
0020301179,2004-04-14,2003,Regular Season,NYK vs. CLE,1,CLE,90,100.0,-10.0,0,2.0
0040300111,2004-04-17,2003,Playoffs,NYK @ NJN,0,NJN,83,107.0,-24.0,0,
0040300112,2004-04-20,2003,Playoffs,NYK @ NJN,0,NJN,81,99.0,-18.0,0,3.0
0040300113,2004-04-22,2003,Playoffs,NYK vs. NJN,1,NJN,78,81.0,-3.0,0,2.0
0040300114,2004-04-25,2003,Playoffs,NYK vs. NJN,1,NJN,94,100.0,-6.0,0,3.0
0020400011,2004-11-03,2004,Regular Season,NYK @ MIN,0,MIN,93,99.0,-6.0,0,
0020400032,2004-11-06,2004,Regular Season,NYK vs. BOS,1,BOS,73,107.0,-34.0,0,3.0
0020400050,2004-11-09,2004,Regular Season,NYK vs. PHI,1,PHI,96,88.0,8.0,1,3.0
0020400075,2004-11-12,2004,Regular Season,NYK vs. LAC,1,LAC,110,96.0,14.0,1,3.0
0020400084,2004-11-13,2004,Regular Season,NYK @ IND,0,IND,97,103.0,-6.0,0,1.0
0020400103,2004-11-16,2004,Regular Season,NYK @ SAS,0,SAS,81,99.0,-18.0,0,3.0
0020400119,2004-11-18,2004,Regular Season,NYK @ HOU,0,HOU,93,92.0,1.0,1,2.0
0020400124,2004-11-19,2004,Regular Season,NYK @ DAL,0,DAL,101,103.0,-2.0,0,1.0
0020400141,2004-11-21,2004,Regular Season,NYK vs. CLE,1,CLE,98,88.0,10.0,1,2.0
0020400153,2004-11-23,2004,Regular Season,NYK vs. ATL,1,ATL,104,88.0,16.0,1,2.0
0020400160,2004-11-24,2004,Regular Season,NYK @ TOR,0,TOR,91,114.0,-23.0,0,1.0
0020400184,2004-11-27,2004,Regular Season,NYK vs. TOR,1,TOR,108,102.0,6.0,1,3.0
0020400203,2004-11-30,2004,Regular Season,NYK @ ATL,0,ATL,110,109.0,1.0,1,3.0
0020400214,2004-12-01,2004,Regular Season,NYK vs. MEM,1,MEM,90,82.0,8.0,1,1.0
0020400225,2004-12-03,2004,Regular Season,NYK vs. ORL,1,ORL,98,104.0,-6.0,0,2.0
0020400233,2004-12-04,2004,Regular Season,NYK @ CHA,0,CHA,101,107.0,-6.0,0,1.0
0020400258,2004-12-07,2004,Regular Season,NYK @ MEM,0,MEM,88,96.0,-8.0,0,3.0
0020400268,2004-12-08,2004,Regular Season,NYK @ NOH,0,NOH,86,79.0,7.0,1,1.0
0020400277,2004-12-10,2004,Regular Season,NYK @ WAS,0,WAS,104,106.0,-2.0,0,2.0
0020400295,2004-12-12,2004,Regular Season,NYK vs. DEN,1,DEN,107,96.0,11.0,1,2.0
0020400309,2004-12-14,2004,Regular Season,NYK @ NJN,0,NJN,87,79.0,8.0,1,2.0
0020400320,2004-12-15,2004,Regular Season,NYK vs. DET,1,DET,93,94.0,-1.0,0,1.0
0020400329,2004-12-17,2004,Regular Season,NYK @ PHI,0,PHI,113,107.0,6.0,1,2.0
0020400350,2004-12-19,2004,Regular Season,NYK vs. UTA,1,UTA,94,93.0,1.0,1,2.0
0020400362,2004-12-21,2004,Regular Season,NYK vs. DAL,1,DAL,94,123.0,-29.0,0,2.0
0020400366,2004-12-22,2004,Regular Season,NYK @ BOS,0,BOS,109,114.0,-5.0,0,1.0
0020400383,2004-12-26,2004,Regular Season,NYK vs. CHA,1,CHA,91,82.0,9.0,1,4.0
0020400393,2004-12-27,2004,Regular Season,NYK @ ORL,0,ORL,119,111.0,8.0,1,1.0
0020400412,2004-12-29,2004,Regular Season,NYK vs. MIN,1,MIN,100,87.0,13.0,1,2.0
0020400427,2005-01-01,2004,Regular Season,NYK vs. NJN,1,NJN,87,93.0,-6.0,0,3.0
0020400450,2005-01-04,2004,Regular Season,NYK vs. SAC,1,SAC,98,105.0,-7.0,0,3.0
0020400458,2005-01-05,2004,Regular Season,NYK @ MIA,0,MIA,94,102.0,-8.0,0,1.0
0020400478,2005-01-08,2004,Regular Season,NYK @ CLE,0,CLE,79,104.0,-25.0,0,3.0
0020400488,2005-01-09,2004,Regular Season,NYK vs. POR,1,POR,113,105.0,8.0,1,1.0
0020400499,2005-01-11,2004,Regular Season,NYK vs. NOH,1,NOH,82,88.0,-6.0,0,2.0
0020400530,2005-01-15,2004,Regular Season,NYK @ CHI,0,CHI,84,86.0,-2.0,0,4.0
0020400544,2005-01-17,2004,Regular Season,NYK vs. CHI,1,CHI,86,88.0,-2.0,0,2.0
0020400561,2005-01-19,2004,Regular Season,NYK @ TOR,0,TOR,81,98.0,-17.0,0,2.0
0020400576,2005-01-21,2004,Regular Season,NYK vs. HOU,1,HOU,91,92.0,-1.0,0,2.0
0020400594,2005-01-23,2004,Regular Season,NYK vs. MIL,1,MIL,96,101.0,-5.0,0,2.0
0020400607,2005-01-25,2004,Regular Season,NYK vs. PHX,1,PHX,118,133.0,-15.0,0,2.0
0020400627,2005-01-28,2004,Regular Season,NYK vs. CLE,1,CLE,99,96.0,3.0,1,3.0
0020400640,2005-01-29,2004,Regular Season,NYK @ DET,0,DET,61,91.0,-30.0,0,1.0
0020400658,2005-01-31,2004,Regular Season,NYK @ LAC,0,LAC,89,96.0,-7.0,0,2.0
0020400665,2005-02-01,2004,Regular Season,NYK @ DEN,0,DEN,76,96.0,-20.0,0,1.0
0020400686,2005-02-04,2004,Regular Season,NYK @ SAC,0,SAC,115,116.0,-1.0,0,3.0
0020400696,2005-02-05,2004,Regular Season,NYK @ PHX,0,PHX,106,114.0,-8.0,0,1.0
0020400707,2005-02-07,2004,Regular Season,NYK @ UTA,0,UTA,102,99.0,3.0,1,2.0
0020400723,2005-02-09,2004,Regular Season,NYK vs. MIA,1,MIA,110,116.0,-6.0,0,2.0
0020400734,2005-02-11,2004,Regular Season,NYK @ BOS,0,BOS,94,111.0,-17.0,0,2.0
0020400751,2005-02-13,2004,Regular Season,NYK vs. CHA,1,CHA,102,99.0,3.0,1,2.0
0020400757,2005-02-14,2004,Regular Season,NYK @ PHI,0,PHI,105,106.0,-1.0,0,1.0
0020400776,2005-02-16,2004,Regular Season,NYK vs. MIL,1,MIL,108,90.0,18.0,1,2.0
0020400785,2005-02-22,2004,Regular Season,NYK @ DET,0,DET,88,97.0,-9.0,0,6.0
0020400801,2005-02-24,2004,Regular Season,NYK vs. PHI,1,PHI,113,101.0,12.0,1,2.0
0020400815,2005-02-26,2004,Regular Season,NYK vs. IND,1,IND,90,79.0,11.0,1,2.0
0020400831,2005-02-28,2004,Regular Season,NYK vs. LAL,1,LAL,117,115.0,2.0,1,2.0
0020400856,2005-03-04,2004,Regular Season,NYK @ ORL,0,ORL,89,111.0,-22.0,0,4.0
0020400877,2005-03-06,2004,Regular Season,NYK vs. GSW,1,GSW,115,99.0,16.0,1,2.0
0020400888,2005-03-08,2004,Regular Season,NYK vs. WAS,1,WAS,93,83.0,10.0,1,2.0
0020400925,2005-03-13,2004,Regular Season,NYK vs. SEA,1,SEA,80,90.0,-10.0,0,5.0
0020400939,2005-03-15,2004,Regular Season,NYK vs. MIA,1,MIA,96,98.0,-2.0,0,2.0
0020400958,2005-03-18,2004,Regular Season,NYK @ ATL,0,ATL,106,92.0,14.0,1,3.0
0020400972,2005-03-19,2004,Regular Season,NYK @ MIA,0,MIA,82,97.0,-15.0,0,1.0
0020400986,2005-03-21,2004,Regular Season,NYK vs. SAS,1,SAS,88,75.0,13.0,1,2.0
0020401001,2005-03-23,2004,Regular Season,NYK vs. BOS,1,BOS,107,82.0,25.0,1,2.0
0020401021,2005-03-25,2004,Regular Season,NYK @ SEA,0,SEA,101,109.0,-8.0,0,2.0
0020401032,2005-03-26,2004,Regular Season,NYK @ POR,0,POR,96,103.0,-7.0,0,1.0
0020401047,2005-03-28,2004,Regular Season,NYK @ GSW,0,GSW,100,108.0,-8.0,0,2.0
0020401051,2005-03-29,2004,Regular Season,NYK @ LAL,0,LAL,107,117.0,-10.0,0,1.0
0020401070,2005-04-01,2004,Regular Season,NYK vs. NJN,1,NJN,91,93.0,-2.0,0,3.0
0020401086,2005-04-03,2004,Regular Season,NYK @ MIL,0,MIL,102,106.0,-4.0,0,2.0
0020401097,2005-04-05,2004,Regular Season,NYK vs. IND,1,IND,79,97.0,-18.0,0,2.0
0020401116,2005-04-07,2004,Regular Season,NYK @ NJN,0,NJN,98,110.0,-12.0,0,2.0
0020401122,2005-04-08,2004,Regular Season,NYK vs. CHI,1,CHI,94,102.0,-8.0,0,1.0
0020401141,2005-04-10,2004,Regular Season,NYK @ IND,0,IND,113,112.0,1.0,1,2.0
0020401156,2005-04-12,2004,Regular Season,NYK vs. TOR,1,TOR,93,105.0,-12.0,0,2.0
0020401171,2005-04-14,2004,Regular Season,NYK @ CLE,0,CLE,95,89.0,6.0,1,2.0
0020401185,2005-04-16,2004,Regular Season,NYK @ CHA,0,CHA,100,98.0,2.0,1,2.0
0020401199,2005-04-17,2004,Regular Season,NYK vs. ATL,1,ATL,135,139.0,-4.0,0,1.0
0020401214,2005-04-19,2004,Regular Season,NYK @ CHI,0,CHI,91,92.0,-1.0,0,2.0
0020401222,2005-04-20,2004,Regular Season,NYK vs. WAS,1,WAS,113,105.0,8.0,1,1.0
0020500007,2005-11-02,2005,Regular Season,NYK @ BOS,0,BOS,100,114.0,-14.0,0,
0020500024,2005-11-04,2005,Regular Season,NYK vs. WAS,1,WAS,75,86.0,-11.0,0,2.0
0020500043,2005-11-06,2005,Regular Season,NYK vs. GSW,1,GSW,81,83.0,-2.0,0,2.0
0020500066,2005-11-09,2005,Regular Season,NYK @ POR,0,POR,83,95.0,-12.0,0,3.0
0020500079,2005-11-11,2005,Regular Season,NYK @ GSW,0,GSW,84,86.0,-2.0,0,2.0
0020500094,2005-11-13,2005,Regular Season,NYK @ SAC,0,SAC,105,95.0,10.0,1,2.0
0020500096,2005-11-14,2005,Regular Season,NYK @ UTA,0,UTA,73,62.0,11.0,1,1.0
0020500114,2005-11-16,2005,Regular Season,NYK @ LAL,0,LAL,92,97.0,-5.0,0,2.0
0020500125,2005-11-18,2005,Regular Season,NYK @ DEN,0,DEN,86,95.0,-9.0,0,2.0
0020500139,2005-11-20,2005,Regular Season,NYK vs. POR,1,POR,103,92.0,11.0,1,2.0
0020500158,2005-11-23,2005,Regular Season,NYK @ CHA,0,CHA,95,108.0,-13.0,0,3.0
0020500182,2005-11-26,2005,Regular Season,NYK vs. PHI,1,PHI,105,102.0,3.0,1,3.0
0020500195,2005-11-28,2005,Regular Season,NYK @ MIA,0,MIA,94,107.0,-13.0,0,2.0
0020500212,2005-11-30,2005,Regular Season,NYK vs. CHI,1,CHI,109,101.0,8.0,1,2.0
0020500222,2005-12-02,2005,Regular Season,NYK @ DET,0,DET,98,106.0,-8.0,0,2.0
0020500239,2005-12-04,2005,Regular Season,NYK vs. BOS,1,BOS,99,102.0,-3.0,0,2.0
0020500257,2005-12-06,2005,Regular Season,NYK @ SEA,0,SEA,104,101.0,3.0,1,2.0
0020500266,2005-12-07,2005,Regular Season,NYK @ LAC,0,LAC,79,84.0,-5.0,0,1.0
0020500277,2005-12-09,2005,Regular Season,NYK @ PHX,0,PHX,81,85.0,-4.0,0,2.0
0020500296,2005-12-12,2005,Regular Season,NYK vs. MIL,1,MIL,92,112.0,-20.0,0,3.0
0020500311,2005-12-14,2005,Regular Season,NYK vs. ORL,1,ORL,90,105.0,-15.0,0,2.0
0020500324,2005-12-16,2005,Regular Season,NYK @ ATL,0,ATL,111,122.0,-11.0,0,2.0
0020500334,2005-12-17,2005,Regular Season,NYK vs. IND,1,IND,96,102.0,-6.0,0,1.0
0020500364,2005-12-21,2005,Regular Season,NYK vs. SAS,1,SAS,96,109.0,-13.0,0,4.0
0020500373,2005-12-23,2005,Regular Season,NYK vs. UTA,1,UTA,98,90.0,8.0,1,2.0
0020500390,2005-12-26,2005,Regular Season,NYK vs. NJN,1,NJN,101,109.0,-8.0,0,3.0
0020500407,2005-12-28,2005,Regular Season,NYK @ ORL,0,ORL,95,105.0,-10.0,0,2.0
0020500422,2005-12-30,2005,Regular Season,NYK @ MIL,0,MIL,108,113.0,-5.0,0,2.0
0020500438,2006-01-02,2005,Regular Season,NYK vs. PHX,1,PHX,140,133.0,7.0,1,3.0
0020500462,2006-01-06,2005,Regular Season,NYK vs. WAS,1,WAS,113,92.0,21.0,1,4.0
0020500482,2006-01-08,2005,Regular Season,NYK vs. SEA,1,SEA,120,116.0,4.0,1,2.0
0020500492,2006-01-10,2005,Regular Season,NYK @ CLE,0,CLE,92,84.0,8.0,1,2.0
0020500503,2006-01-11,2005,Regular Season,NYK vs. DAL,1,DAL,117,115.0,2.0,1,1.0
0020500514,2006-01-13,2005,Regular Season,NYK vs. ATL,1,ATL,105,94.0,11.0,1,2.0
0020500533,2006-01-15,2005,Regular Season,NYK @ TOR,0,TOR,103,129.0,-26.0,0,2.0
0020500536,2006-01-16,2005,Regular Season,NYK vs. MIN,1,MIN,90,96.0,-6.0,0,1.0
0020500556,2006-01-18,2005,Regular Season,NYK @ CHI,0,CHI,104,106.0,-2.0,0,2.0
0020500562,2006-01-19,2005,Regular Season,NYK vs. DET,1,DET,79,105.0,-26.0,0,1.0
0020500578,2006-01-21,2005,Regular Season,NYK vs. NOK,1,NOK,98,109.0,-11.0,0,2.0
0020500607,2006-01-25,2005,Regular Season,NYK vs. SAC,1,SAC,102,106.0,-4.0,0,4.0
0020500622,2006-01-27,2005,Regular Season,NYK vs. ORL,1,ORL,97,94.0,3.0,1,2.0
0020500633,2006-01-28,2005,Regular Season,NYK @ PHI,0,PHI,76,91.0,-15.0,0,1.0
0020500647,2006-01-30,2005,Regular Season,NYK @ ATL,0,ATL,101,120.0,-19.0,0,2.0
0020500658,2006-01-31,2005,Regular Season,NYK vs. LAL,1,LAL,97,130.0,-33.0,0,1.0
0020500676,2006-02-03,2005,Regular Season,NYK @ TOR,0,TOR,90,104.0,-14.0,0,3.0
0020500695,2006-02-05,2005,Regular Season,NYK vs. HOU,1,HOU,89,93.0,-4.0,0,2.0
0020500708,2006-02-07,2005,Regular Season,NYK vs. LAC,1,LAC,82,85.0,-3.0,0,2.0
0020500714,2006-02-08,2005,Regular Season,NYK @ NJN,0,NJN,83,96.0,-13.0,0,1.0
0020500731,2006-02-10,2005,Regular Season,NYK @ NOK,0,NOK,100,111.0,-11.0,0,2.0
0020500748,2006-02-12,2005,Regular Season,NYK @ HOU,0,HOU,83,90.0,-7.0,0,2.0
0020500755,2006-02-13,2005,Regular Season,NYK @ DAL,0,DAL,72,100.0,-28.0,0,1.0
0020500768,2006-02-15,2005,Regular Season,NYK vs. TOR,1,TOR,98,96.0,2.0,1,2.0
0020500794,2006-02-22,2005,Regular Season,NYK vs. MIA,1,MIA,83,103.0,-20.0,0,7.0
0020500806,2006-02-24,2005,Regular Season,NYK vs. NJN,1,NJN,90,94.0,-4.0,0,2.0
0020500816,2006-02-25,2005,Regular Season,NYK @ WAS,0,WAS,89,110.0,-21.0,0,1.0
0020500834,2006-02-27,2005,Regular Season,NYK @ SAS,0,SAS,93,121.0,-28.0,0,2.0
0020500846,2006-03-01,2005,Regular Season,NYK @ MEM,0,MEM,99,101.0,-2.0,0,2.0
0020500860,2006-03-03,2005,Regular Season,NYK vs. CHI,1,CHI,101,108.0,-7.0,0,2.0
0020500870,2006-03-04,2005,Regular Season,NYK @ MIL,0,MIL,103,98.0,5.0,1,1.0
0020500892,2006-03-07,2005,Regular Season,NYK @ IND,0,IND,107,95.0,12.0,1,3.0
0020500922,2006-03-11,2005,Regular Season,NYK @ CHA,0,CHA,109,116.0,-7.0,0,4.0
0020500937,2006-03-13,2005,Regular Season,NYK vs. DEN,1,DEN,96,108.0,-12.0,0,2.0
0020500955,2006-03-15,2005,Regular Season,NYK vs. ATL,1,ATL,121,117.0,4.0,1,2.0
0020500969,2006-03-17,2005,Regular Season,NYK vs. DET,1,DET,105,103.0,2.0,1,2.0
0020500987,2006-03-19,2005,Regular Season,NYK vs. MIA,1,MIA,100,111.0,-11.0,0,2.0
0020500993,2006-03-21,2005,Regular Season,NYK vs. TOR,1,TOR,109,114.0,-5.0,0,2.0
0020501003,2006-03-22,2005,Regular Season,NYK @ ORL,0,ORL,87,111.0,-24.0,0,1.0
0020501020,2006-03-24,2005,Regular Season,NYK vs. MEM,1,MEM,75,91.0,-16.0,0,2.0
0020501034,2006-03-26,2005,Regular Season,NYK @ MIN,0,MIN,94,98.0,-4.0,0,2.0
0020501059,2006-03-29,2005,Regular Season,NYK vs. BOS,1,BOS,98,123.0,-25.0,0,3.0
0020501070,2006-03-31,2005,Regular Season,NYK vs. PHI,1,PHI,112,117.0,-5.0,0,2.0
0020501085,2006-04-02,2005,Regular Season,NYK @ PHI,0,PHI,95,114.0,-19.0,0,2.0
0020501096,2006-04-04,2005,Regular Season,NYK @ WAS,0,WAS,90,105.0,-15.0,0,2.0
0020501113,2006-04-05,2005,Regular Season,NYK vs. CLE,1,CLE,96,94.0,2.0,1,1.0
0020501124,2006-04-07,2005,Regular Season,NYK vs. IND,1,IND,98,96.0,2.0,1,2.0
0020501139,2006-04-09,2005,Regular Season,NYK @ BOS,0,BOS,101,86.0,15.0,1,2.0
0020501151,2006-04-10,2005,Regular Season,NYK @ IND,0,IND,82,101.0,-19.0,0,1.0
0020501174,2006-04-13,2005,Regular Season,NYK @ CLE,0,CLE,87,91.0,-4.0,0,3.0
0020501180,2006-04-14,2005,Regular Season,NYK vs. MIL,1,MIL,80,97.0,-17.0,0,1.0
0020501198,2006-04-16,2005,Regular Season,NYK @ DET,0,DET,97,103.0,-6.0,0,2.0
0020501206,2006-04-17,2005,Regular Season,NYK vs. CHA,1,CHA,91,98.0,-7.0,0,1.0
0020501220,2006-04-19,2005,Regular Season,NYK @ NJN,0,NJN,90,83.0,7.0,1,2.0
0020600010,2006-11-01,2006,Regular Season,NYK @ MEM,0,MEM,118,117.0,1.0,1,
0020600022,2006-11-03,2006,Regular Season,NYK @ ATL,0,ATL,92,102.0,-10.0,0,2.0
0020600033,2006-11-04,2006,Regular Season,NYK vs. IND,1,IND,95,109.0,-14.0,0,1.0
0020600046,2006-11-06,2006,Regular Season,NYK vs. SAS,1,SAS,93,105.0,-12.0,0,2.0
0020600065,2006-11-08,2006,Regular Season,NYK @ DEN,0,DEN,109,107.0,2.0,1,2.0
0020600079,2006-11-10,2006,Regular Season,NYK @ HOU,0,HOU,94,103.0,-9.0,0,2.0
0020600084,2006-11-11,2006,Regular Season,NYK @ SAS,0,SAS,92,100.0,-8.0,0,1.0
0020600099,2006-11-13,2006,Regular Season,NYK vs. CLE,1,CLE,96,102.0,-6.0,0,2.0
0020600112,2006-11-15,2006,Regular Season,NYK vs. WAS,1,WAS,102,82.0,20.0,1,2.0
0020600121,2006-11-17,2006,Regular Season,NYK @ MIA,0,MIA,100,76.0,24.0,1,2.0
0020600133,2006-11-18,2006,Regular Season,NYK vs. BOS,1,BOS,118,122.0,-4.0,0,1.0
0020600145,2006-11-20,2006,Regular Season,NYK vs. HOU,1,HOU,90,97.0,-7.0,0,2.0
0020600164,2006-11-22,2006,Regular Season,NYK @ MIN,0,MIN,89,107.0,-18.0,0,2.0
0020600171,2006-11-24,2006,Regular Season,NYK @ BOS,0,BOS,101,77.0,24.0,1,2.0
0020600187,2006-11-25,2006,Regular Season,NYK vs. CHI,1,CHI,95,106.0,-11.0,0,1.0
0020600207,2006-11-28,2006,Regular Season,NYK @ CHI,0,CHI,85,102.0,-17.0,0,3.0
0020600214,2006-11-29,2006,Regular Season,NYK @ CLE,0,CLE,101,98.0,3.0,1,1.0
0020600227,2006-12-01,2006,Regular Season,NYK @ DET,0,DET,100,108.0,-8.0,0,2.0
0020600235,2006-12-02,2006,Regular Season,NYK vs. TOR,1,TOR,100,103.0,-3.0,0,1.0
0020600249,2006-12-04,2006,Regular Season,NYK vs. MEM,1,MEM,98,90.0,8.0,1,2.0
0020600265,2006-12-06,2006,Regular Season,NYK vs. WAS,1,WAS,102,113.0,-11.0,0,2.0
0020600289,2006-12-09,2006,Regular Season,NYK vs. MIL,1,MIL,115,107.0,8.0,1,3.0
0020600303,2006-12-11,2006,Regular Season,NYK vs. BOS,1,BOS,90,97.0,-7.0,0,2.0
0020600320,2006-12-13,2006,Regular Season,NYK vs. ATL,1,ATL,94,82.0,12.0,1,2.0
0020600331,2006-12-15,2006,Regular Season,NYK @ IND,0,IND,96,112.0,-16.0,0,2.0
0020600344,2006-12-16,2006,Regular Season,NYK vs. DEN,1,DEN,100,123.0,-23.0,0,1.0
0020600357,2006-12-18,2006,Regular Season,NYK vs. UTA,1,UTA,97,96.0,1.0,1,2.0
0020600368,2006-12-20,2006,Regular Season,NYK vs. CHA,1,CHA,111,109.0,2.0,1,2.0
0020600382,2006-12-22,2006,Regular Season,NYK vs. CHI,1,CHI,103,92.0,11.0,1,2.0
0020600393,2006-12-23,2006,Regular Season,NYK @ PHI,0,PHI,77,98.0,-21.0,0,1.0
0020600420,2006-12-27,2006,Regular Season,NYK vs. DET,1,DET,151,145.0,6.0,1,4.0
0020600438,2006-12-29,2006,Regular Season,NYK @ PHX,0,PHX,86,108.0,-22.0,0,2.0
0020600452,2006-12-31,2006,Regular Season,NYK @ LAC,0,LAC,80,90.0,-10.0,0,2.0
0020600466,2007-01-02,2006,Regular Season,NYK @ SAC,0,SAC,100,112.0,-12.0,0,2.0
0020600475,2007-01-03,2006,Regular Season,NYK @ POR,0,POR,99,81.0,18.0,1,1.0
0020600490,2007-01-05,2006,Regular Season,NYK @ SEA,0,SEA,111,93.0,18.0,1,2.0
0020600519,2007-01-10,2006,Regular Season,NYK vs. PHI,1,PHI,106,99.0,7.0,1,5.0
0020600533,2007-01-12,2006,Regular Season,NYK vs. CHA,1,CHA,110,126.0,-16.0,0,2.0
0020600554,2007-01-15,2006,Regular Season,NYK vs. SAC,1,SAC,102,97.0,5.0,1,3.0
0020600569,2007-01-17,2006,Regular Season,NYK @ WAS,0,WAS,98,99.0,-1.0,0,2.0
0020600585,2007-01-19,2006,Regular Season,NYK vs. NJN,1,NJN,100,101.0,-1.0,0,2.0
0020600594,2007-01-20,2006,Regular Season,NYK @ IND,0,IND,108,106.0,2.0,1,1.0
0020600610,2007-01-22,2006,Regular Season,NYK @ MIA,0,MIA,83,101.0,-18.0,0,2.0
0020600626,2007-01-24,2006,Regular Season,NYK vs. PHX,1,PHX,107,112.0,-5.0,0,2.0
0020600637,2007-01-26,2006,Regular Season,NYK vs. MIA,1,MIA,116,96.0,20.0,1,2.0
0020600656,2007-01-28,2006,Regular Season,NYK @ MIL,0,MIL,105,107.0,-2.0,0,2.0
0020600671,2007-01-30,2006,Regular Season,NYK vs. LAL,1,LAL,99,94.0,5.0,1,2.0
0020600675,2007-01-31,2006,Regular Season,NYK @ CHA,0,CHA,87,104.0,-17.0,0,1.0
0020600701,2007-02-03,2006,Regular Season,NYK @ ORL,0,ORL,94,86.0,8.0,1,3.0
0020600720,2007-02-06,2006,Regular Season,NYK vs. LAC,1,LAC,102,90.0,12.0,1,3.0
0020600754,2007-02-10,2006,Regular Season,NYK @ UTA,0,UTA,102,104.0,-2.0,0,4.0
0020600774,2007-02-13,2006,Regular Season,NYK @ LAL,0,LAL,107,106.0,1.0,1,3.0
0020600787,2007-02-14,2006,Regular Season,NYK @ GSW,0,GSW,101,120.0,-19.0,0,1.0
0020600792,2007-02-20,2006,Regular Season,NYK vs. ORL,1,ORL,100,94.0,6.0,1,6.0
0020600801,2007-02-21,2006,Regular Season,NYK @ PHI,0,PHI,84,104.0,-20.0,0,1.0
0020600818,2007-02-23,2006,Regular Season,NYK vs. MIL,1,MIL,95,93.0,2.0,1,2.0
0020600837,2007-02-25,2006,Regular Season,NYK @ NJN,0,NJN,92,101.0,-9.0,0,2.0
0020600841,2007-02-26,2006,Regular Season,NYK vs. MIA,1,MIA,99,93.0,6.0,1,1.0
0020600857,2007-02-28,2006,Regular Season,NYK @ BOS,0,BOS,94,102.0,-8.0,0,2.0
0020600871,2007-03-02,2006,Regular Season,NYK vs. GSW,1,GSW,106,97.0,9.0,1,2.0
0020600880,2007-03-03,2006,Regular Season,NYK @ ATL,0,ATL,104,100.0,4.0,1,1.0
0020600901,2007-03-06,2006,Regular Season,NYK vs. SEA,1,SEA,99,100.0,-1.0,0,3.0
0020600927,2007-03-10,2006,Regular Season,NYK @ WAS,0,WAS,90,89.0,1.0,1,4.0
0020600957,2007-03-14,2006,Regular Season,NYK @ TOR,0,TOR,94,104.0,-10.0,0,4.0
0020600973,2007-03-16,2006,Regular Season,NYK vs. NOK,1,NOK,90,92.0,-2.0,0,2.0
0020600988,2007-03-18,2006,Regular Season,NYK vs. TOR,1,TOR,92,74.0,18.0,1,2.0
0020600999,2007-03-20,2006,Regular Season,NYK vs. DAL,1,DAL,77,92.0,-15.0,0,2.0
0020601015,2007-03-22,2006,Regular Season,NYK vs. POR,1,POR,86,92.0,-6.0,0,2.0
0020601026,2007-03-23,2006,Regular Season,NYK @ CLE,0,CLE,68,90.0,-22.0,0,1.0
0020601046,2007-03-26,2006,Regular Season,NYK vs. ORL,1,ORL,89,94.0,-5.0,0,3.0
0020601063,2007-03-28,2006,Regular Season,NYK vs. CLE,1,CLE,97,92.0,5.0,1,2.0
0020601079,2007-03-30,2006,Regular Season,NYK @ DAL,0,DAL,103,105.0,-2.0,0,2.0
0020601086,2007-03-31,2006,Regular Season,NYK @ NOK,0,NOK,94,103.0,-9.0,0,1.0
0020601111,2007-04-04,2006,Regular Season,NYK vs. PHI,1,PHI,90,92.0,-2.0,0,4.0
0020601124,2007-04-06,2006,Regular Season,NYK vs. MIN,1,MIN,94,99.0,-5.0,0,2.0
0020601139,2007-04-07,2006,Regular Season,NYK @ MIL,0,MIL,118,113.0,5.0,1,1.0
0020601149,2007-04-09,2006,Regular Season,NYK vs. DET,1,DET,83,91.0,-8.0,0,2.0
0020601163,2007-04-10,2006,Regular Season,NYK @ CHI,0,CHI,69,98.0,-29.0,0,1.0
0020601177,2007-04-13,2006,Regular Season,NYK @ NJN,0,NJN,86,100.0,-14.0,0,3.0
0020601199,2007-04-15,2006,Regular Season,NYK @ TOR,0,TOR,105,107.0,-2.0,0,2.0
0020601203,2007-04-16,2006,Regular Season,NYK vs. NJN,1,NJN,95,104.0,-9.0,0,1.0
0020601218,2007-04-18,2006,Regular Season,NYK @ CHA,0,CHA,94,93.0,1.0,1,2.0
0020700020,2007-11-02,2007,Regular Season,NYK @ CLE,0,CLE,106,110.0,-4.0,0,
0020700037,2007-11-04,2007,Regular Season,NYK vs. MIN,1,MIN,97,93.0,4.0,1,2.0
0020700046,2007-11-06,2007,Regular Season,NYK vs. DEN,1,DEN,119,112.0,7.0,1,2.0
0020700069,2007-11-09,2007,Regular Season,NYK vs. ORL,1,ORL,102,112.0,-10.0,0,3.0
0020700087,2007-11-11,2007,Regular Season,NYK vs. MIA,1,MIA,72,75.0,-3.0,0,2.0
0020700102,2007-11-13,2007,Regular Season,NYK @ PHX,0,PHX,102,113.0,-11.0,0,2.0
0020700115,2007-11-14,2007,Regular Season,NYK @ LAC,0,LAC,81,84.0,-3.0,0,1.0
0020700128,2007-11-16,2007,Regular Season,NYK @ SAC,0,SAC,118,123.0,-5.0,0,2.0
0020700139,2007-11-17,2007,Regular Season,NYK @ DEN,0,DEN,83,115.0,-32.0,0,1.0
0020700153,2007-11-20,2007,Regular Season,NYK vs. GSW,1,GSW,82,108.0,-26.0,0,3.0
0020700161,2007-11-21,2007,Regular Season,NYK @ DET,0,DET,86,98.0,-12.0,0,1.0
0020700182,2007-11-24,2007,Regular Season,NYK vs. CHI,1,CHI,85,78.0,7.0,1,3.0
0020700197,2007-11-26,2007,Regular Season,NYK vs. UTA,1,UTA,113,109.0,4.0,1,2.0
0020700221,2007-11-29,2007,Regular Season,NYK @ BOS,0,BOS,59,104.0,-45.0,0,3.0
0020700226,2007-11-30,2007,Regular Season,NYK vs. MIL,1,MIL,91,88.0,3.0,1,1.0
0020700245,2007-12-02,2007,Regular Season,NYK vs. PHX,1,PHX,104,115.0,-11.0,0,2.0
0020700266,2007-12-05,2007,Regular Season,NYK @ NJN,0,NJN,100,93.0,7.0,1,3.0
0020700276,2007-12-07,2007,Regular Season,NYK @ PHI,0,PHI,90,101.0,-11.0,0,2.0
0020700289,2007-12-08,2007,Regular Season,NYK vs. PHI,1,PHI,77,105.0,-28.0,0,1.0
0020700303,2007-12-10,2007,Regular Season,NYK vs. DAL,1,DAL,89,99.0,-10.0,0,2.0
0020700319,2007-12-12,2007,Regular Season,NYK vs. SEA,1,SEA,110,117.0,-7.0,0,2.0
0020700335,2007-12-14,2007,Regular Season,NYK @ CHI,0,CHI,96,101.0,-5.0,0,2.0
0020700342,2007-12-15,2007,Regular Season,NYK vs. NJN,1,NJN,94,86.0,8.0,1,1.0
0020700356,2007-12-17,2007,Regular Season,NYK vs. IND,1,IND,92,119.0,-27.0,0,2.0
0020700370,2007-12-19,2007,Regular Season,NYK vs. CLE,1,CLE,108,90.0,18.0,1,2.0
0020700384,2007-12-21,2007,Regular Season,NYK @ CHA,0,CHA,95,105.0,-10.0,0,2.0
0020700400,2007-12-23,2007,Regular Season,NYK vs. LAL,1,LAL,90,95.0,-5.0,0,2.0
0020700411,2007-12-26,2007,Regular Season,NYK @ ORL,0,ORL,96,110.0,-14.0,0,3.0
0020700443,2007-12-30,2007,Regular Season,NYK vs. CHI,1,CHI,83,100.0,-17.0,0,4.0
0020700463,2008-01-02,2007,Regular Season,NYK vs. SAC,1,SAC,97,107.0,-10.0,0,3.0
0020700480,2008-01-04,2007,Regular Season,NYK @ SAS,0,SAS,93,97.0,-4.0,0,2.0
0020700487,2008-01-05,2007,Regular Season,NYK @ HOU,0,HOU,91,103.0,-12.0,0,1.0
0020700506,2008-01-08,2007,Regular Season,NYK @ CHI,0,CHI,105,100.0,5.0,1,3.0
0020700513,2008-01-09,2007,Regular Season,NYK vs. HOU,1,HOU,92,101.0,-9.0,0,1.0
0020700525,2008-01-11,2007,Regular Season,NYK vs. TOR,1,TOR,90,99.0,-9.0,0,2.0
0020700544,2008-01-13,2007,Regular Season,NYK vs. DET,1,DET,89,65.0,24.0,1,2.0
0020700556,2008-01-15,2007,Regular Season,NYK vs. WAS,1,WAS,105,93.0,12.0,1,2.0
0020700567,2008-01-16,2007,Regular Season,NYK @ NJN,0,NJN,111,105.0,6.0,1,1.0
0020700574,2008-01-18,2007,Regular Season,NYK @ WAS,0,WAS,98,111.0,-13.0,0,2.0
0020700587,2008-01-19,2007,Regular Season,NYK @ MIA,0,MIA,88,84.0,4.0,1,1.0
0020700595,2008-01-21,2007,Regular Season,NYK vs. BOS,1,BOS,93,109.0,-16.0,0,2.0
0020700629,2008-01-25,2007,Regular Season,NYK vs. PHI,1,PHI,89,81.0,8.0,1,4.0
0020700650,2008-01-27,2007,Regular Season,NYK @ GSW,0,GSW,104,106.0,-2.0,0,2.0
0020700664,2008-01-29,2007,Regular Season,NYK @ LAL,0,LAL,109,120.0,-11.0,0,2.0
0020700671,2008-01-30,2007,Regular Season,NYK @ UTA,0,UTA,89,100.0,-11.0,0,1.0
0020700687,2008-02-01,2007,Regular Season,NYK @ POR,0,POR,88,94.0,-6.0,0,2.0
0020700695,2008-02-02,2007,Regular Season,NYK @ SEA,0,SEA,85,86.0,-1.0,0,1.0
0020700700,2008-02-04,2007,Regular Season,NYK vs. LAC,1,LAC,94,103.0,-9.0,0,2.0
0020700716,2008-02-06,2007,Regular Season,NYK vs. IND,1,IND,100,103.0,-3.0,0,2.0
0020700729,2008-02-08,2007,Regular Season,NYK vs. SAS,1,SAS,93,99.0,-6.0,0,2.0
0020700740,2008-02-09,2007,Regular Season,NYK @ MIL,0,MIL,99,98.0,1.0,1,1.0
0020700769,2008-02-13,2007,Regular Season,NYK @ BOS,0,BOS,103,111.0,-8.0,0,4.0
0020700780,2008-02-19,2007,Regular Season,NYK @ WAS,0,WAS,113,100.0,13.0,1,6.0
0020700791,2008-02-20,2007,Regular Season,NYK @ PHI,0,PHI,84,124.0,-40.0,0,1.0
0020700806,2008-02-22,2007,Regular Season,NYK vs. TOR,1,TOR,103,99.0,4.0,1,2.0
0020700824,2008-02-24,2007,Regular Season,NYK @ TOR,0,TOR,92,115.0,-23.0,0,2.0
0020700850,2008-02-27,2007,Regular Season,NYK vs. CHA,1,CHA,113,89.0,24.0,1,3.0
0020700860,2008-02-29,2007,Regular Season,NYK @ ATL,0,ATL,93,99.0,-6.0,0,2.0
0020700870,2008-03-01,2007,Regular Season,NYK @ ORL,0,ORL,92,118.0,-26.0,0,1.0
0020700886,2008-03-03,2007,Regular Season,NYK vs. NOH,1,NOH,88,100.0,-12.0,0,2.0
0020700900,2008-03-05,2007,Regular Season,NYK vs. CLE,1,CLE,105,119.0,-14.0,0,2.0
0020700915,2008-03-07,2007,Regular Season,NYK vs. DET,1,DET,97,101.0,-4.0,0,2.0
0020700928,2008-03-08,2007,Regular Season,NYK vs. POR,1,POR,114,120.0,-6.0,0,1.0
0020700944,2008-03-10,2007,Regular Season,NYK @ DAL,0,DAL,79,108.0,-29.0,0,2.0
0020700956,2008-03-12,2007,Regular Season,NYK @ MIA,0,MIA,91,88.0,3.0,1,2.0
0020700985,2008-03-16,2007,Regular Season,NYK vs. ATL,1,ATL,98,109.0,-11.0,0,4.0
0020700993,2008-03-17,2007,Regular Season,NYK @ IND,0,IND,98,110.0,-12.0,0,1.0
0020701022,2008-03-21,2007,Regular Season,NYK vs. MEM,1,MEM,106,120.0,-14.0,0,4.0
0020701034,2008-03-22,2007,Regular Season,NYK @ MIN,0,MIN,93,114.0,-21.0,0,1.0
0020701045,2008-03-24,2007,Regular Season,NYK vs. NJN,1,NJN,91,106.0,-15.0,0,2.0
0020701059,2008-03-26,2007,Regular Season,NYK vs. MIA,1,MIA,103,96.0,7.0,1,2.0
0020701073,2008-03-28,2007,Regular Season,NYK @ TOR,0,TOR,95,103.0,-8.0,0,2.0
0020701092,2008-03-30,2007,Regular Season,NYK @ ATL,0,ATL,109,114.0,-5.0,0,2.0
0020701107,2008-04-01,2007,Regular Season,NYK @ MIL,0,MIL,115,119.0,-4.0,0,2.0
0020701118,2008-04-02,2007,Regular Season,NYK @ MEM,0,MEM,114,130.0,-16.0,0,1.0
0020701131,2008-04-04,2007,Regular Season,NYK @ NOH,0,NOH,110,118.0,-8.0,0,2.0
0020701145,2008-04-06,2007,Regular Season,NYK vs. ORL,1,ORL,100,90.0,10.0,1,2.0
0020701156,2008-04-08,2007,Regular Season,NYK @ DET,0,DET,98,94.0,4.0,1,2.0
0020701169,2008-04-09,2007,Regular Season,NYK vs. CHA,1,CHA,109,105.0,4.0,1,1.0
0020701181,2008-04-11,2007,Regular Season,NYK vs. ATL,1,ATL,104,116.0,-12.0,0,2.0
0020701206,2008-04-14,2007,Regular Season,NYK vs. BOS,1,BOS,93,99.0,-6.0,0,3.0
0020701220,2008-04-16,2007,Regular Season,NYK @ IND,0,IND,123,132.0,-9.0,0,2.0
0020800007,2008-10-29,2008,Regular Season,NYK vs. MIA,1,MIA,120,115.0,5.0,1,
0020800019,2008-10-31,2008,Regular Season,NYK @ PHI,0,PHI,87,116.0,-29.0,0,2.0
0020800040,2008-11-02,2008,Regular Season,NYK vs. MIL,1,MIL,86,94.0,-8.0,0,2.0
0020800054,2008-11-05,2008,Regular Season,NYK vs. CHA,1,CHA,101,98.0,3.0,1,3.0
0020800067,2008-11-07,2008,Regular Season,NYK @ WAS,0,WAS,114,108.0,6.0,1,2.0
0020800086,2008-11-09,2008,Regular Season,NYK vs. UTA,1,UTA,107,99.0,8.0,1,2.0
0020800103,2008-11-11,2008,Regular Season,NYK @ SAS,0,SAS,80,92.0,-12.0,0,2.0
0020800110,2008-11-12,2008,Regular Season,NYK @ MEM,0,MEM,132,103.0,29.0,1,1.0
0020800124,2008-11-14,2008,Regular Season,NYK vs. OKC,1,OKC,116,106.0,10.0,1,2.0
0020800142,2008-11-16,2008,Regular Season,NYK vs. DAL,1,DAL,114,124.0,-10.0,0,2.0
0020800153,2008-11-18,2008,Regular Season,NYK @ BOS,0,BOS,101,110.0,-9.0,0,2.0
0020800178,2008-11-21,2008,Regular Season,NYK @ MIL,0,MIL,87,104.0,-17.0,0,3.0
0020800189,2008-11-22,2008,Regular Season,NYK vs. WAS,1,WAS,122,117.0,5.0,1,1.0
0020800206,2008-11-25,2008,Regular Season,NYK vs. CLE,1,CLE,101,119.0,-18.0,0,3.0
0020800215,2008-11-26,2008,Regular Season,NYK @ DET,0,DET,96,110.0,-14.0,0,1.0
0020800239,2008-11-29,2008,Regular Season,NYK vs. GSW,1,GSW,138,125.0,13.0,1,3.0
0020800257,2008-12-02,2008,Regular Season,NYK vs. POR,1,POR,97,104.0,-7.0,0,3.0
0020800265,2008-12-03,2008,Regular Season,NYK @ CLE,0,CLE,82,118.0,-36.0,0,1.0
0020800278,2008-12-05,2008,Regular Season,NYK @ ATL,0,ATL,95,98.0,-3.0,0,2.0
0020800297,2008-12-07,2008,Regular Season,NYK vs. DET,1,DET,104,92.0,12.0,1,2.0
0020800308,2008-12-09,2008,Regular Season,NYK @ CHI,0,CHI,100,105.0,-5.0,0,2.0
0020800315,2008-12-10,2008,Regular Season,NYK @ NJN,0,NJN,121,109.0,12.0,1,1.0
0020800345,2008-12-13,2008,Regular Season,NYK @ SAC,0,SAC,114,90.0,24.0,1,3.0
0020800357,2008-12-15,2008,Regular Season,NYK @ PHX,0,PHX,103,111.0,-8.0,0,2.0
0020800365,2008-12-16,2008,Regular Season,NYK @ LAL,0,LAL,114,116.0,-2.0,0,1.0
0020800382,2008-12-19,2008,Regular Season,NYK vs. MIL,1,MIL,81,105.0,-24.0,0,3.0
0020800400,2008-12-21,2008,Regular Season,NYK @ BOS,0,BOS,105,124.0,-19.0,0,2.0
0020800428,2008-12-26,2008,Regular Season,NYK vs. MIN,1,MIN,107,120.0,-13.0,0,5.0
0020800444,2008-12-28,2008,Regular Season,NYK vs. DEN,1,DEN,110,117.0,-7.0,0,2.0
0020800458,2008-12-30,2008,Regular Season,NYK @ CHA,0,CHA,93,89.0,4.0,1,2.0
0020800478,2009-01-02,2008,Regular Season,NYK vs. IND,1,IND,103,105.0,-2.0,0,3.0
0020800499,2009-01-04,2008,Regular Season,NYK vs. BOS,1,BOS,100,88.0,12.0,1,2.0
0020800510,2009-01-06,2008,Regular Season,NYK @ OKC,0,OKC,99,107.0,-8.0,0,2.0
0020800526,2009-01-08,2008,Regular Season,NYK @ DAL,0,DAL,94,99.0,-5.0,0,2.0
0020800543,2009-01-10,2008,Regular Season,NYK @ HOU,0,HOU,76,96.0,-20.0,0,2.0
0020800556,2009-01-12,2008,Regular Season,NYK @ NOH,0,NOH,101,95.0,6.0,1,2.0
0020800570,2009-01-14,2008,Regular Season,NYK vs. WAS,1,WAS,128,122.0,6.0,1,2.0
0020800582,2009-01-16,2008,Regular Season,NYK @ WAS,0,WAS,89,96.0,-7.0,0,2.0
0020800593,2009-01-17,2008,Regular Season,NYK vs. PHI,1,PHI,97,107.0,-10.0,0,1.0
0020800601,2009-01-19,2008,Regular Season,NYK vs. CHI,1,CHI,102,98.0,4.0,1,2.0
0020800620,2009-01-21,2008,Regular Season,NYK vs. PHX,1,PHX,114,109.0,5.0,1,2.0
0020800634,2009-01-23,2008,Regular Season,NYK vs. MEM,1,MEM,108,88.0,20.0,1,2.0
0020800640,2009-01-24,2008,Regular Season,NYK @ PHI,0,PHI,110,116.0,-6.0,0,1.0
0020800657,2009-01-26,2008,Regular Season,NYK vs. HOU,1,HOU,104,98.0,6.0,1,2.0
0020800671,2009-01-28,2008,Regular Season,NYK vs. ATL,1,ATL,112,104.0,8.0,1,2.0
0020800692,2009-01-31,2008,Regular Season,NYK @ IND,0,IND,122,113.0,9.0,1,3.0
0020800709,2009-02-02,2008,Regular Season,NYK vs. LAL,1,LAL,117,126.0,-9.0,0,2.0
0020800724,2009-02-04,2008,Regular Season,NYK vs. CLE,1,CLE,102,107.0,-5.0,0,2.0
0020800736,2009-02-06,2008,Regular Season,NYK vs. BOS,1,BOS,100,110.0,-10.0,0,2.0
0020800754,2009-02-08,2008,Regular Season,NYK @ POR,0,POR,108,109.0,-1.0,0,2.0
0020800771,2009-02-10,2008,Regular Season,NYK @ GSW,0,GSW,127,144.0,-17.0,0,2.0
0020800784,2009-02-11,2008,Regular Season,NYK @ LAC,0,LAC,124,128.0,-4.0,0,1.0
0020800792,2009-02-17,2008,Regular Season,NYK vs. SAS,1,SAS,112,107.0,5.0,1,6.0
0020800812,2009-02-20,2008,Regular Season,NYK vs. TOR,1,TOR,127,97.0,30.0,1,3.0
0020800828,2009-02-22,2008,Regular Season,NYK @ TOR,0,TOR,100,111.0,-11.0,0,2.0
0020800837,2009-02-23,2008,Regular Season,NYK vs. IND,1,IND,123,119.0,4.0,1,1.0
0020800853,2009-02-25,2008,Regular Season,NYK vs. ORL,1,ORL,109,114.0,-5.0,0,2.0
0020800868,2009-02-27,2008,Regular Season,NYK vs. PHI,1,PHI,103,108.0,-5.0,0,2.0
0020800877,2009-02-28,2008,Regular Season,NYK @ MIA,0,MIA,115,120.0,-5.0,0,1.0
0020800908,2009-03-04,2008,Regular Season,NYK vs. ATL,1,ATL,109,105.0,4.0,1,4.0
0020800929,2009-03-07,2008,Regular Season,NYK vs. CHA,1,CHA,105,114.0,-9.0,0,3.0
0020800939,2009-03-08,2008,Regular Season,NYK @ NJN,0,NJN,101,106.0,-5.0,0,1.0
0020800950,2009-03-10,2008,Regular Season,NYK @ MIL,0,MIL,120,112.0,8.0,1,2.0
0020800959,2009-03-11,2008,Regular Season,NYK @ DET,0,DET,116,111.0,5.0,1,1.0
0020800974,2009-03-13,2008,Regular Season,NYK @ MIN,0,MIN,102,94.0,8.0,1,2.0
0020800986,2009-03-15,2008,Regular Season,NYK @ CLE,0,CLE,93,98.0,-5.0,0,2.0
0020801012,2009-03-18,2008,Regular Season,NYK vs. NJN,1,NJN,89,115.0,-26.0,0,3.0
0020801026,2009-03-20,2008,Regular Season,NYK vs. SAC,1,SAC,94,121.0,-27.0,0,2.0
0020801036,2009-03-21,2008,Regular Season,NYK @ ORL,0,ORL,103,110.0,-7.0,0,1.0
0020801052,2009-03-23,2008,Regular Season,NYK vs. ORL,1,ORL,102,106.0,-4.0,0,2.0
0020801065,2009-03-25,2008,Regular Season,NYK vs. LAC,1,LAC,135,140.0,-5.0,0,2.0
0020801079,2009-03-27,2008,Regular Season,NYK vs. NOH,1,NOH,103,93.0,10.0,1,2.0
0020801084,2009-03-28,2008,Regular Season,NYK @ CHA,0,CHA,85,96.0,-11.0,0,1.0
0020801102,2009-03-30,2008,Regular Season,NYK @ UTA,0,UTA,104,112.0,-8.0,0,2.0
0020801110,2009-03-31,2008,Regular Season,NYK @ DEN,0,DEN,104,111.0,-7.0,0,1.0
0020801135,2009-04-04,2008,Regular Season,NYK vs. TOR,1,TOR,95,102.0,-7.0,0,4.0
0020801145,2009-04-05,2008,Regular Season,NYK @ TOR,0,TOR,112,103.0,9.0,1,1.0
0020801158,2009-04-07,2008,Regular Season,NYK @ CHI,0,CHI,103,110.0,-7.0,0,2.0
0020801166,2009-04-08,2008,Regular Season,NYK vs. DET,1,DET,86,113.0,-27.0,0,1.0
0020801176,2009-04-10,2008,Regular Season,NYK @ ORL,0,ORL,105,95.0,10.0,1,2.0
0020801198,2009-04-12,2008,Regular Season,NYK @ MIA,0,MIA,105,122.0,-17.0,0,2.0
0020801225,2009-04-15,2008,Regular Season,NYK vs. NJN,1,NJN,102,73.0,29.0,1,3.0
0020900009,2009-10-28,2009,Regular Season,NYK @ MIA,0,MIA,93,115.0,-22.0,0,
0020900019,2009-10-30,2009,Regular Season,NYK @ CHA,0,CHA,100,102.0,-2.0,0,2.0
0020900034,2009-10-31,2009,Regular Season,NYK vs. PHI,1,PHI,127,141.0,-14.0,0,1.0
0020900047,2009-11-02,2009,Regular Season,NYK vs. NOH,1,NOH,117,111.0,6.0,1,2.0
0020900064,2009-11-04,2009,Regular Season,NYK vs. IND,1,IND,89,101.0,-12.0,0,2.0
0020900080,2009-11-06,2009,Regular Season,NYK vs. CLE,1,CLE,91,100.0,-9.0,0,2.0
0020900089,2009-11-07,2009,Regular Season,NYK @ MIL,0,MIL,87,102.0,-15.0,0,1.0
0020900099,2009-11-09,2009,Regular Season,NYK vs. UTA,1,UTA,93,95.0,-2.0,0,2.0
0020900114,2009-11-11,2009,Regular Season,NYK vs. ATL,1,ATL,101,114.0,-13.0,0,2.0
0020900126,2009-11-13,2009,Regular Season,NYK vs. GSW,1,GSW,107,121.0,-14.0,0,2.0
0020900159,2009-11-18,2009,Regular Season,NYK @ IND,0,IND,110,103.0,7.0,1,5.0
0020900183,2009-11-21,2009,Regular Season,NYK @ NJN,0,NJN,98,91.0,7.0,1,3.0
0020900193,2009-11-22,2009,Regular Season,NYK vs. BOS,1,BOS,105,107.0,-2.0,0,1.0
0020900207,2009-11-24,2009,Regular Season,NYK @ LAL,0,LAL,90,100.0,-10.0,0,2.0
0020900219,2009-11-25,2009,Regular Season,NYK @ SAC,0,SAC,97,111.0,-14.0,0,1.0
0020900230,2009-11-27,2009,Regular Season,NYK @ DEN,0,DEN,125,128.0,-3.0,0,2.0
0020900243,2009-11-29,2009,Regular Season,NYK vs. ORL,1,ORL,102,114.0,-12.0,0,2.0
0020900255,2009-12-01,2009,Regular Season,NYK vs. PHX,1,PHX,126,99.0,27.0,1,2.0
0020900261,2009-12-02,2009,Regular Season,NYK @ ORL,0,ORL,104,118.0,-14.0,0,1.0
0020900273,2009-12-04,2009,Regular Season,NYK @ ATL,0,ATL,114,107.0,7.0,1,2.0
0020900291,2009-12-06,2009,Regular Season,NYK vs. NJN,1,NJN,106,97.0,9.0,1,2.0
0020900297,2009-12-07,2009,Regular Season,NYK vs. POR,1,POR,93,84.0,9.0,1,1.0
0020900327,2009-12-11,2009,Regular Season,NYK @ NOH,0,NOH,113,96.0,17.0,1,4.0
0020900351,2009-12-15,2009,Regular Season,NYK @ CHA,0,CHA,87,94.0,-7.0,0,4.0
0020900370,2009-12-17,2009,Regular Season,NYK @ CHI,0,CHI,89,98.0,-9.0,0,2.0
0020900380,2009-12-18,2009,Regular Season,NYK vs. LAC,1,LAC,95,91.0,4.0,1,1.0
0020900399,2009-12-20,2009,Regular Season,NYK vs. CHA,1,CHA,98,94.0,4.0,1,2.0
0020900408,2009-12-22,2009,Regular Season,NYK vs. CHI,1,CHI,88,81.0,7.0,1,2.0
0020900424,2009-12-25,2009,Regular Season,NYK vs. MIA,1,MIA,87,93.0,-6.0,0,3.0
0020900442,2009-12-27,2009,Regular Season,NYK vs. SAS,1,SAS,88,95.0,-7.0,0,2.0
0020900454,2009-12-29,2009,Regular Season,NYK @ DET,0,DET,104,87.0,17.0,1,2.0
0020900463,2009-12-30,2009,Regular Season,NYK @ NJN,0,NJN,95,104.0,-9.0,0,1.0
0020900474,2010-01-01,2009,Regular Season,NYK @ ATL,0,ATL,112,108.0,4.0,1,2.0
0020900490,2010-01-03,2009,Regular Season,NYK vs. IND,1,IND,132,89.0,43.0,1,2.0
0020900517,2010-01-07,2009,Regular Season,NYK vs. CHA,1,CHA,97,93.0,4.0,1,4.0
0020900536,2010-01-09,2009,Regular Season,NYK @ HOU,0,HOU,96,105.0,-9.0,0,2.0
0020900548,2010-01-11,2009,Regular Season,NYK @ OKC,0,OKC,88,106.0,-18.0,0,2.0
0020900560,2010-01-13,2009,Regular Season,NYK @ PHI,0,PHI,93,92.0,1.0,1,2.0
0020900578,2010-01-15,2009,Regular Season,NYK vs. TOR,1,TOR,104,112.0,-8.0,0,2.0
0020900587,2010-01-16,2009,Regular Season,NYK @ DET,0,DET,90,94.0,-4.0,0,1.0
0020900594,2010-01-18,2009,Regular Season,NYK vs. DET,1,DET,99,91.0,8.0,1,2.0
0020900632,2010-01-22,2009,Regular Season,NYK vs. LAL,1,LAL,105,115.0,-10.0,0,4.0
0020900646,2010-01-24,2009,Regular Season,NYK vs. DAL,1,DAL,78,128.0,-50.0,0,2.0
0020900659,2010-01-26,2009,Regular Season,NYK vs. MIN,1,MIN,132,105.0,27.0,1,2.0
0020900674,2010-01-28,2009,Regular Season,NYK vs. TOR,1,TOR,104,106.0,-2.0,0,2.0
0020900691,2010-01-30,2009,Regular Season,NYK @ WAS,0,WAS,96,106.0,-10.0,0,2.0
0020900702,2010-01-31,2009,Regular Season,NYK @ MIN,0,MIN,91,112.0,-21.0,0,1.0
0020900721,2010-02-03,2009,Regular Season,NYK vs. WAS,1,WAS,107,85.0,22.0,1,3.0
0020900734,2010-02-05,2009,Regular Season,NYK vs. MIL,1,MIL,107,114.0,-7.0,0,2.0
0020900743,2010-02-06,2009,Regular Season,NYK @ CLE,0,CLE,106,113.0,-7.0,0,1.0
0020900763,2010-02-09,2009,Regular Season,NYK vs. SAC,1,SAC,114,118.0,-4.0,0,3.0
0020900784,2010-02-16,2009,Regular Season,NYK @ CHI,0,CHI,85,118.0,-33.0,0,7.0
0020900796,2010-02-17,2009,Regular Season,NYK vs. CHI,1,CHI,109,115.0,-6.0,0,1.0
0020900817,2010-02-20,2009,Regular Season,NYK vs. OKC,1,OKC,118,121.0,-3.0,0,3.0
0020900833,2010-02-22,2009,Regular Season,NYK vs. MIL,1,MIL,67,83.0,-16.0,0,2.0
0020900838,2010-02-23,2009,Regular Season,NYK @ BOS,0,BOS,106,110.0,-4.0,0,1.0
0020900860,2010-02-26,2009,Regular Season,NYK @ WAS,0,WAS,118,116.0,2.0,1,3.0
0020900874,2010-02-27,2009,Regular Season,NYK vs. MEM,1,MEM,109,120.0,-11.0,0,1.0
0020900887,2010-03-01,2009,Regular Season,NYK @ CLE,0,CLE,93,124.0,-31.0,0,2.0
0020900903,2010-03-03,2009,Regular Season,NYK vs. DET,1,DET,128,104.0,24.0,1,2.0
0020900917,2010-03-05,2009,Regular Season,NYK @ TOR,0,TOR,96,102.0,-6.0,0,2.0
0020900927,2010-03-06,2009,Regular Season,NYK vs. NJN,1,NJN,93,113.0,-20.0,0,1.0
0020900941,2010-03-08,2009,Regular Season,NYK vs. ATL,1,ATL,99,98.0,1.0,1,2.0
0020900960,2010-03-10,2009,Regular Season,NYK @ SAS,0,SAS,87,97.0,-10.0,0,2.0
0020900969,2010-03-12,2009,Regular Season,NYK @ MEM,0,MEM,112,119.0,-7.0,0,2.0
0020900979,2010-03-13,2009,Regular Season,NYK @ DAL,0,DAL,128,94.0,34.0,1,1.0
0020900991,2010-03-15,2009,Regular Season,NYK @ PHI,0,PHI,94,84.0,10.0,1,2.0
0020901009,2010-03-17,2009,Regular Season,NYK @ BOS,0,BOS,97,109.0,-12.0,0,2.0
0020901021,2010-03-19,2009,Regular Season,NYK vs. PHI,1,PHI,92,88.0,4.0,1,2.0
0020901036,2010-03-21,2009,Regular Season,NYK vs. HOU,1,HOU,112,116.0,-4.0,0,2.0
0020901055,2010-03-23,2009,Regular Season,NYK vs. DEN,1,DEN,109,104.0,5.0,1,2.0
0020901081,2010-03-26,2009,Regular Season,NYK @ PHX,0,PHX,96,132.0,-36.0,0,3.0
0020901101,2010-03-29,2009,Regular Season,NYK @ UTA,0,UTA,98,103.0,-5.0,0,3.0
0020901118,2010-03-31,2009,Regular Season,NYK @ POR,0,POR,90,118.0,-28.0,0,2.0
0020901130,2010-04-02,2009,Regular Season,NYK @ GSW,0,GSW,117,128.0,-11.0,0,2.0
0020901148,2010-04-04,2009,Regular Season,NYK @ LAC,0,LAC,113,107.0,6.0,1,2.0
0020901153,2010-04-06,2009,Regular Season,NYK vs. BOS,1,BOS,104,101.0,3.0,1,2.0
0020901158,2010-04-07,2009,Regular Season,NYK @ IND,0,IND,105,113.0,-8.0,0,1.0
0020901174,2010-04-09,2009,Regular Season,NYK @ ORL,0,ORL,103,118.0,-15.0,0,2.0
0020901199,2010-04-11,2009,Regular Season,NYK vs. MIA,1,MIA,98,111.0,-13.0,0,2.0
0020901206,2010-04-12,2009,Regular Season,NYK vs. WAS,1,WAS,114,103.0,11.0,1,1.0
0020901226,2010-04-14,2009,Regular Season,NYK @ TOR,0,TOR,113,131.0,-18.0,0,2.0
0021000007,2010-10-27,2010,Regular Season,NYK @ TOR,0,TOR,98,93.0,5.0,1,
0021000023,2010-10-29,2010,Regular Season,NYK @ BOS,0,BOS,101,105.0,-4.0,0,2.0
0021000033,2010-10-30,2010,Regular Season,NYK vs. POR,1,POR,95,100.0,-5.0,0,1.0
0021000066,2010-11-04,2010,Regular Season,NYK @ CHI,0,CHI,120,112.0,8.0,1,5.0
0021000072,2010-11-05,2010,Regular Season,NYK vs. WAS,1,WAS,112,91.0,21.0,1,1.0
0021000089,2010-11-07,2010,Regular Season,NYK vs. PHI,1,PHI,96,106.0,-10.0,0,2.0
0021000104,2010-11-09,2010,Regular Season,NYK @ MIL,0,MIL,80,107.0,-27.0,0,2.0
0021000113,2010-11-10,2010,Regular Season,NYK vs. GSW,1,GSW,117,122.0,-5.0,0,1.0
0021000125,2010-11-12,2010,Regular Season,NYK @ MIN,0,MIN,103,112.0,-9.0,0,2.0
0021000142,2010-11-14,2010,Regular Season,NYK vs. HOU,1,HOU,96,104.0,-8.0,0,2.0
0021000157,2010-11-16,2010,Regular Season,NYK @ DEN,0,DEN,118,120.0,-2.0,0,2.0
0021000167,2010-11-17,2010,Regular Season,NYK @ SAC,0,SAC,113,106.0,7.0,1,1.0
0021000181,2010-11-19,2010,Regular Season,NYK @ GSW,0,GSW,125,119.0,6.0,1,2.0
0021000190,2010-11-20,2010,Regular Season,NYK @ LAC,0,LAC,124,115.0,9.0,1,1.0
0021000206,2010-11-23,2010,Regular Season,NYK vs. CHA,1,CHA,110,107.0,3.0,1,3.0
0021000209,2010-11-24,2010,Regular Season,NYK @ CHA,0,CHA,99,95.0,4.0,1,1.0
0021000234,2010-11-27,2010,Regular Season,NYK vs. ATL,1,ATL,90,99.0,-9.0,0,3.0
0021000243,2010-11-28,2010,Regular Season,NYK @ DET,0,DET,125,116.0,9.0,1,1.0
0021000257,2010-11-30,2010,Regular Season,NYK vs. NJN,1,NJN,111,100.0,11.0,1,2.0
0021000282,2010-12-03,2010,Regular Season,NYK @ NOH,0,NOH,100,92.0,8.0,1,3.0
0021000295,2010-12-05,2010,Regular Season,NYK @ TOR,0,TOR,116,99.0,17.0,1,2.0
0021000304,2010-12-06,2010,Regular Season,NYK vs. MIN,1,MIN,121,114.0,7.0,1,1.0
0021000318,2010-12-08,2010,Regular Season,NYK vs. TOR,1,TOR,113,110.0,3.0,1,2.0
0021000332,2010-12-10,2010,Regular Season,NYK @ WAS,0,WAS,101,95.0,6.0,1,2.0
0021000349,2010-12-12,2010,Regular Season,NYK vs. DEN,1,DEN,129,125.0,4.0,1,2.0
0021000368,2010-12-15,2010,Regular Season,NYK vs. BOS,1,BOS,116,118.0,-2.0,0,3.0
0021000382,2010-12-17,2010,Regular Season,NYK vs. MIA,1,MIA,91,113.0,-22.0,0,2.0
0021000394,2010-12-18,2010,Regular Season,NYK @ CLE,0,CLE,102,109.0,-7.0,0,1.0
0021000425,2010-12-22,2010,Regular Season,NYK vs. OKC,1,OKC,112,98.0,14.0,1,4.0
0021000433,2010-12-25,2010,Regular Season,NYK vs. CHI,1,CHI,103,95.0,8.0,1,3.0
0021000457,2010-12-28,2010,Regular Season,NYK @ MIA,0,MIA,98,106.0,-8.0,0,3.0
0021000473,2010-12-30,2010,Regular Season,NYK @ ORL,0,ORL,103,112.0,-9.0,0,2.0
0021000492,2011-01-02,2010,Regular Season,NYK vs. IND,1,IND,98,92.0,6.0,1,3.0
0021000506,2011-01-04,2010,Regular Season,NYK vs. SAS,1,SAS,128,115.0,13.0,1,2.0
0021000533,2011-01-07,2010,Regular Season,NYK @ PHX,0,PHX,121,96.0,25.0,1,3.0
0021000550,2011-01-09,2010,Regular Season,NYK @ LAL,0,LAL,87,109.0,-22.0,0,2.0
0021000559,2011-01-11,2010,Regular Season,NYK @ POR,0,POR,100,86.0,14.0,1,2.0
0021000570,2011-01-12,2010,Regular Season,NYK @ UTA,0,UTA,125,131.0,-6.0,0,1.0
0021000580,2011-01-14,2010,Regular Season,NYK vs. SAC,1,SAC,83,93.0,-10.0,0,2.0
0021000598,2011-01-17,2010,Regular Season,NYK vs. PHX,1,PHX,121,129.0,-8.0,0,3.0
0021000619,2011-01-19,2010,Regular Season,NYK @ HOU,0,HOU,89,104.0,-15.0,0,2.0
0021000636,2011-01-21,2010,Regular Season,NYK @ SAS,0,SAS,92,101.0,-9.0,0,2.0
0021000647,2011-01-22,2010,Regular Season,NYK @ OKC,0,OKC,98,101.0,-3.0,0,1.0
0021000657,2011-01-24,2010,Regular Season,NYK vs. WAS,1,WAS,115,106.0,9.0,1,2.0
0021000678,2011-01-27,2010,Regular Season,NYK vs. MIA,1,MIA,93,88.0,5.0,1,3.0
0021000684,2011-01-28,2010,Regular Season,NYK @ ATL,0,ATL,102,111.0,-9.0,0,1.0
0021000705,2011-01-30,2010,Regular Season,NYK vs. DET,1,DET,124,106.0,18.0,1,2.0
0021000723,2011-02-02,2010,Regular Season,NYK vs. DAL,1,DAL,97,113.0,-16.0,0,3.0
0021000735,2011-02-04,2010,Regular Season,NYK @ PHI,0,PHI,98,100.0,-2.0,0,2.0
0021000756,2011-02-06,2010,Regular Season,NYK vs. PHI,1,PHI,117,103.0,14.0,1,2.0
0021000779,2011-02-09,2010,Regular Season,NYK vs. LAC,1,LAC,108,116.0,-8.0,0,3.0
0021000793,2011-02-11,2010,Regular Season,NYK vs. LAL,1,LAL,96,113.0,-17.0,0,2.0
0021000797,2011-02-12,2010,Regular Season,NYK @ NJN,0,NJN,105,95.0,10.0,1,1.0
0021000829,2011-02-16,2010,Regular Season,NYK vs. ATL,1,ATL,102,90.0,12.0,1,4.0
0021000852,2011-02-23,2010,Regular Season,NYK vs. MIL,1,MIL,114,108.0,6.0,1,7.0
0021000865,2011-02-25,2010,Regular Season,NYK @ CLE,0,CLE,109,115.0,-6.0,0,2.0
0021000887,2011-02-27,2010,Regular Season,NYK @ MIA,0,MIA,91,86.0,5.0,1,2.0
0021000895,2011-03-01,2010,Regular Season,NYK @ ORL,0,ORL,110,116.0,-6.0,0,2.0
0021000907,2011-03-02,2010,Regular Season,NYK vs. NOH,1,NOH,107,88.0,19.0,1,1.0
0021000919,2011-03-04,2010,Regular Season,NYK vs. CLE,1,CLE,115,119.0,-4.0,0,2.0
0021000933,2011-03-06,2010,Regular Season,NYK @ ATL,0,ATL,92,79.0,13.0,1,2.0
0021000942,2011-03-07,2010,Regular Season,NYK vs. UTA,1,UTA,131,109.0,22.0,1,1.0
0021000958,2011-03-09,2010,Regular Season,NYK @ MEM,0,MEM,110,108.0,2.0,1,2.0
0021000965,2011-03-10,2010,Regular Season,NYK @ DAL,0,DAL,109,127.0,-18.0,0,1.0
0021000989,2011-03-13,2010,Regular Season,NYK vs. IND,1,IND,93,106.0,-13.0,0,3.0
0021001000,2011-03-15,2010,Regular Season,NYK @ IND,0,IND,117,119.0,-2.0,0,2.0
0021001015,2011-03-17,2010,Regular Season,NYK vs. MEM,1,MEM,120,99.0,21.0,1,2.0
0021001021,2011-03-18,2010,Regular Season,NYK @ DET,0,DET,95,99.0,-4.0,0,1.0
0021001037,2011-03-20,2010,Regular Season,NYK @ MIL,0,MIL,95,100.0,-5.0,0,2.0
0021001046,2011-03-21,2010,Regular Season,NYK vs. BOS,1,BOS,86,96.0,-10.0,0,1.0
0021001059,2011-03-23,2010,Regular Season,NYK vs. ORL,1,ORL,99,111.0,-12.0,0,2.0
0021001073,2011-03-25,2010,Regular Season,NYK vs. MIL,1,MIL,96,102.0,-6.0,0,2.0
0021001082,2011-03-26,2010,Regular Season,NYK @ CHA,0,CHA,106,114.0,-8.0,0,1.0
0021000051,2011-03-28,2010,Regular Season,NYK vs. ORL,1,ORL,113,106.0,7.0,1,2.0
0021001111,2011-03-30,2010,Regular Season,NYK vs. NJN,1,NJN,120,116.0,4.0,1,2.0
0021001143,2011-04-03,2010,Regular Season,NYK vs. CLE,1,CLE,123,107.0,16.0,1,4.0
0021001155,2011-04-05,2010,Regular Season,NYK vs. TOR,1,TOR,131,118.0,13.0,1,2.0
0021001165,2011-04-06,2010,Regular Season,NYK @ PHI,0,PHI,97,92.0,5.0,1,1.0
0021001177,2011-04-08,2010,Regular Season,NYK @ NJN,0,NJN,116,93.0,23.0,1,2.0
0021001198,2011-04-10,2010,Regular Season,NYK @ IND,0,IND,110,109.0,1.0,1,2.0
0021001213,2011-04-12,2010,Regular Season,NYK vs. CHI,1,CHI,90,103.0,-13.0,0,2.0
0021001216,2011-04-13,2010,Regular Season,NYK @ BOS,0,BOS,102,112.0,-10.0,0,1.0
0041000121,2011-04-17,2010,Playoffs,NYK @ BOS,0,BOS,85,87.0,-2.0,0,
0041000122,2011-04-19,2010,Playoffs,NYK @ BOS,0,BOS,93,96.0,-3.0,0,2.0
0041000123,2011-04-22,2010,Playoffs,NYK vs. BOS,1,BOS,96,113.0,-17.0,0,3.0
0041000124,2011-04-24,2010,Playoffs,NYK vs. BOS,1,BOS,89,101.0,-12.0,0,2.0
0021100001,2011-12-25,2011,Regular Season,NYK vs. BOS,1,BOS,106,104.0,2.0,1,
0021100032,2011-12-28,2011,Regular Season,NYK @ GSW,0,GSW,78,92.0,-14.0,0,3.0
0021100038,2011-12-29,2011,Regular Season,NYK @ LAL,0,LAL,82,99.0,-17.0,0,1.0
0021100054,2011-12-31,2011,Regular Season,NYK @ SAC,0,SAC,114,92.0,22.0,1,2.0
0021100069,2012-01-02,2011,Regular Season,NYK vs. TOR,1,TOR,85,90.0,-5.0,0,2.0
0021100085,2012-01-04,2011,Regular Season,NYK vs. CHA,1,CHA,110,118.0,-8.0,0,2.0
0021100100,2012-01-06,2011,Regular Season,NYK @ WAS,0,WAS,99,96.0,3.0,1,2.0
0021100113,2012-01-07,2011,Regular Season,NYK @ DET,0,DET,103,80.0,23.0,1,1.0
0021100129,2012-01-09,2011,Regular Season,NYK vs. CHA,1,CHA,91,87.0,4.0,1,2.0
0021100145,2012-01-11,2011,Regular Season,NYK vs. PHI,1,PHI,85,79.0,6.0,1,2.0
0021100156,2012-01-12,2011,Regular Season,NYK @ MEM,0,MEM,83,94.0,-11.0,0,1.0
0021100177,2012-01-14,2011,Regular Season,NYK @ OKC,0,OKC,92,104.0,-12.0,0,2.0
0021100184,2012-01-16,2011,Regular Season,NYK vs. ORL,1,ORL,93,102.0,-9.0,0,2.0
0021100207,2012-01-18,2011,Regular Season,NYK vs. PHX,1,PHX,88,91.0,-3.0,0,2.0
0021100220,2012-01-20,2011,Regular Season,NYK vs. MIL,1,MIL,86,100.0,-14.0,0,2.0
0021100228,2012-01-21,2011,Regular Season,NYK vs. DEN,1,DEN,114,119.0,-5.0,0,1.0
0021100252,2012-01-24,2011,Regular Season,NYK @ CHA,0,CHA,111,78.0,33.0,1,3.0
0021100259,2012-01-25,2011,Regular Season,NYK @ CLE,0,CLE,81,91.0,-10.0,0,1.0
0021100276,2012-01-27,2011,Regular Season,NYK @ MIA,0,MIA,89,99.0,-10.0,0,2.0
0021100287,2012-01-28,2011,Regular Season,NYK @ HOU,0,HOU,84,97.0,-13.0,0,1.0
0021100311,2012-01-31,2011,Regular Season,NYK vs. DET,1,DET,113,86.0,27.0,1,3.0
0021100327,2012-02-02,2011,Regular Season,NYK vs. CHI,1,CHI,102,105.0,-3.0,0,2.0
0021100337,2012-02-03,2011,Regular Season,NYK @ BOS,0,BOS,89,91.0,-2.0,0,1.0
0021100345,2012-02-04,2011,Regular Season,NYK vs. NJN,1,NJN,99,92.0,7.0,1,1.0
0021100361,2012-02-06,2011,Regular Season,NYK vs. UTA,1,UTA,99,88.0,11.0,1,2.0
0021100375,2012-02-08,2011,Regular Season,NYK @ WAS,0,WAS,107,93.0,14.0,1,2.0
0021100395,2012-02-10,2011,Regular Season,NYK vs. LAL,1,LAL,92,85.0,7.0,1,2.0
0021100404,2012-02-11,2011,Regular Season,NYK @ MIN,0,MIN,100,98.0,2.0,1,1.0
0021100420,2012-02-14,2011,Regular Season,NYK @ TOR,0,TOR,90,87.0,3.0,1,3.0
0021100433,2012-02-15,2011,Regular Season,NYK vs. SAC,1,SAC,100,85.0,15.0,1,1.0
0021100450,2012-02-17,2011,Regular Season,NYK vs. NOH,1,NOH,85,89.0,-4.0,0,2.0
0021100460,2012-02-19,2011,Regular Season,NYK vs. DAL,1,DAL,104,97.0,7.0,1,2.0
0021100471,2012-02-20,2011,Regular Season,NYK vs. NJN,1,NJN,92,100.0,-8.0,0,1.0
0021100492,2012-02-22,2011,Regular Season,NYK vs. ATL,1,ATL,99,82.0,17.0,1,2.0
0021100499,2012-02-23,2011,Regular Season,NYK @ MIA,0,MIA,88,102.0,-14.0,0,1.0
0021100515,2012-02-29,2011,Regular Season,NYK vs. CLE,1,CLE,120,103.0,17.0,1,6.0
0021100546,2012-03-04,2011,Regular Season,NYK @ BOS,0,BOS,111,115.0,-4.0,0,4.0
0021100568,2012-03-06,2011,Regular Season,NYK @ DAL,0,DAL,85,95.0,-10.0,0,2.0
0021100578,2012-03-07,2011,Regular Season,NYK @ SAS,0,SAS,105,118.0,-13.0,0,1.0
0021100590,2012-03-09,2011,Regular Season,NYK @ MIL,0,MIL,114,119.0,-5.0,0,2.0
0021100603,2012-03-11,2011,Regular Season,NYK vs. PHI,1,PHI,94,106.0,-12.0,0,2.0
0021100612,2012-03-12,2011,Regular Season,NYK @ CHI,0,CHI,99,104.0,-5.0,0,1.0
0021100628,2012-03-14,2011,Regular Season,NYK vs. POR,1,POR,121,79.0,42.0,1,2.0
0021100645,2012-03-16,2011,Regular Season,NYK vs. IND,1,IND,115,100.0,15.0,1,2.0
0021100656,2012-03-17,2011,Regular Season,NYK @ IND,0,IND,102,88.0,14.0,1,1.0
0021100677,2012-03-20,2011,Regular Season,NYK vs. TOR,1,TOR,106,87.0,19.0,1,3.0
0021100684,2012-03-21,2011,Regular Season,NYK @ PHI,0,PHI,82,79.0,3.0,1,1.0
0021100699,2012-03-23,2011,Regular Season,NYK @ TOR,0,TOR,79,96.0,-17.0,0,2.0
0021100713,2012-03-24,2011,Regular Season,NYK vs. DET,1,DET,101,79.0,22.0,1,1.0
0021100732,2012-03-26,2011,Regular Season,NYK vs. MIL,1,MIL,89,80.0,9.0,1,2.0
0021100744,2012-03-28,2011,Regular Season,NYK vs. ORL,1,ORL,108,86.0,22.0,1,2.0
0021100760,2012-03-30,2011,Regular Season,NYK @ ATL,0,ATL,90,100.0,-10.0,0,2.0
0021100770,2012-03-31,2011,Regular Season,NYK vs. CLE,1,CLE,91,75.0,16.0,1,1.0
0021100793,2012-04-03,2011,Regular Season,NYK @ IND,0,IND,104,112.0,-8.0,0,3.0
0021100811,2012-04-05,2011,Regular Season,NYK @ ORL,0,ORL,96,80.0,16.0,1,2.0
0021100835,2012-04-08,2011,Regular Season,NYK vs. CHI,1,CHI,100,99.0,1.0,1,3.0
0021100857,2012-04-10,2011,Regular Season,NYK @ CHI,0,CHI,86,98.0,-12.0,0,2.0
0021100861,2012-04-11,2011,Regular Season,NYK @ MIL,0,MIL,111,107.0,4.0,1,1.0
0021100878,2012-04-13,2011,Regular Season,NYK vs. WAS,1,WAS,103,65.0,38.0,1,2.0
0021100893,2012-04-15,2011,Regular Season,NYK vs. MIA,1,MIA,85,93.0,-8.0,0,2.0
0021100915,2012-04-17,2011,Regular Season,NYK vs. BOS,1,BOS,118,110.0,8.0,1,2.0
0021100921,2012-04-18,2011,Regular Season,NYK @ NJN,0,NJN,104,95.0,9.0,1,1.0
0021100939,2012-04-20,2011,Regular Season,NYK @ CLE,0,CLE,90,98.0,-8.0,0,2.0
0021100951,2012-04-22,2011,Regular Season,NYK @ ATL,0,ATL,113,112.0,1.0,1,2.0
0021100974,2012-04-25,2011,Regular Season,NYK vs. LAC,1,LAC,99,93.0,6.0,1,3.0
0021100982,2012-04-26,2011,Regular Season,NYK @ CHA,0,CHA,104,84.0,20.0,1,1.0
0041100111,2012-04-28,2011,Playoffs,NYK @ MIA,0,MIA,67,100.0,-33.0,0,
0041100112,2012-04-30,2011,Playoffs,NYK @ MIA,0,MIA,94,104.0,-10.0,0,2.0
0041100113,2012-05-03,2011,Playoffs,NYK vs. MIA,1,MIA,70,87.0,-17.0,0,3.0
0041100114,2012-05-06,2011,Playoffs,NYK vs. MIA,1,MIA,89,87.0,2.0,1,3.0
0041100115,2012-05-09,2011,Playoffs,NYK @ MIA,0,MIA,94,106.0,-12.0,0,3.0
0021200020,2012-11-02,2012,Regular Season,NYK vs. MIA,1,MIA,104,84.0,20.0,1,
0021200037,2012-11-04,2012,Regular Season,NYK vs. PHI,1,PHI,100,84.0,16.0,1,2.0
0021200042,2012-11-05,2012,Regular Season,NYK @ PHI,0,PHI,110,88.0,22.0,1,1.0
0021200071,2012-11-09,2012,Regular Season,NYK vs. DAL,1,DAL,104,94.0,10.0,1,4.0
0021200104,2012-11-13,2012,Regular Season,NYK @ ORL,0,ORL,99,89.0,10.0,1,4.0
0021200120,2012-11-15,2012,Regular Season,NYK @ SAS,0,SAS,104,100.0,4.0,1,2.0
0021200127,2012-11-16,2012,Regular Season,NYK @ MEM,0,MEM,95,105.0,-10.0,0,1.0
0021200139,2012-11-18,2012,Regular Season,NYK vs. IND,1,IND,88,76.0,12.0,1,2.0
0021200155,2012-11-20,2012,Regular Season,NYK @ NOH,0,NOH,102,80.0,22.0,1,2.0
0021200167,2012-11-21,2012,Regular Season,NYK @ DAL,0,DAL,111,114.0,-3.0,0,1.0
0021200178,2012-11-23,2012,Regular Season,NYK @ HOU,0,HOU,103,129.0,-26.0,0,2.0
0021200192,2012-11-25,2012,Regular Season,NYK vs. DET,1,DET,121,100.0,21.0,1,2.0
0021200013,2012-11-26,2012,Regular Season,NYK @ BKN,0,BKN,89,96.0,-7.0,0,1.0
0021200215,2012-11-28,2012,Regular Season,NYK @ MIL,0,MIL,102,88.0,14.0,1,2.0
0021200226,2012-11-30,2012,Regular Season,NYK vs. WAS,1,WAS,108,87.0,21.0,1,2.0
0021200243,2012-12-02,2012,Regular Season,NYK vs. PHX,1,PHX,106,97.0,9.0,1,2.0
0021200257,2012-12-05,2012,Regular Season,NYK @ CHA,0,CHA,100,98.0,2.0,1,3.0
0021200268,2012-12-06,2012,Regular Season,NYK @ MIA,0,MIA,112,92.0,20.0,1,1.0
0021200288,2012-12-08,2012,Regular Season,NYK @ CHI,0,CHI,85,93.0,-8.0,0,2.0
0021200295,2012-12-09,2012,Regular Season,NYK vs. DEN,1,DEN,112,106.0,6.0,1,1.0
0021200304,2012-12-11,2012,Regular Season,NYK @ BKN,0,BKN,100,97.0,3.0,1,2.0
0021200323,2012-12-13,2012,Regular Season,NYK vs. LAL,1,LAL,116,107.0,9.0,1,2.0
0021200338,2012-12-15,2012,Regular Season,NYK vs. CLE,1,CLE,103,102.0,1.0,1,2.0
0021200351,2012-12-17,2012,Regular Season,NYK vs. HOU,1,HOU,96,109.0,-13.0,0,2.0
0021200367,2012-12-19,2012,Regular Season,NYK vs. BKN,1,BKN,100,86.0,14.0,1,2.0
0021200383,2012-12-21,2012,Regular Season,NYK vs. CHI,1,CHI,106,110.0,-4.0,0,2.0
0021200400,2012-12-23,2012,Regular Season,NYK vs. MIN,1,MIN,94,91.0,3.0,1,2.0
0021200406,2012-12-25,2012,Regular Season,NYK @ LAL,0,LAL,94,100.0,-6.0,0,2.0
0021200421,2012-12-26,2012,Regular Season,NYK @ PHX,0,PHX,99,97.0,2.0,1,1.0
0021200434,2012-12-28,2012,Regular Season,NYK @ SAC,0,SAC,105,106.0,-1.0,0,2.0
0021200459,2013-01-01,2012,Regular Season,NYK vs. POR,1,POR,100,105.0,-5.0,0,4.0
0021200476,2013-01-03,2012,Regular Season,NYK vs. SAS,1,SAS,100,83.0,17.0,1,2.0
0021200490,2013-01-05,2012,Regular Season,NYK @ ORL,0,ORL,114,106.0,8.0,1,2.0
0021200505,2013-01-07,2012,Regular Season,NYK vs. BOS,1,BOS,96,102.0,-6.0,0,2.0
0021200527,2013-01-10,2012,Regular Season,NYK @ IND,0,IND,76,81.0,-5.0,0,3.0
0021200534,2013-01-11,2012,Regular Season,NYK vs. CHI,1,CHI,101,108.0,-7.0,0,1.0
0021200549,2013-01-13,2012,Regular Season,NYK vs. NOH,1,NOH,100,87.0,13.0,1,2.0
0021200580,2013-01-17,2012,Regular Season,NYK @ DET,0,DET,102,87.0,15.0,1,4.0
0021200609,2013-01-21,2012,Regular Season,NYK vs. BKN,1,BKN,85,88.0,-3.0,0,4.0
0021200630,2013-01-24,2012,Regular Season,NYK @ BOS,0,BOS,89,86.0,3.0,1,3.0
0021200643,2013-01-26,2012,Regular Season,NYK @ PHI,0,PHI,80,97.0,-17.0,0,2.0
0021200656,2013-01-27,2012,Regular Season,NYK vs. ATL,1,ATL,106,102.0,4.0,1,1.0
0021200673,2013-01-30,2012,Regular Season,NYK vs. ORL,1,ORL,113,97.0,16.0,1,3.0
0021200688,2013-02-01,2012,Regular Season,NYK vs. MIL,1,MIL,96,86.0,10.0,1,2.0
0021200697,2013-02-02,2012,Regular Season,NYK vs. SAC,1,SAC,120,81.0,39.0,1,1.0
0021200710,2013-02-04,2012,Regular Season,NYK vs. DET,1,DET,99,85.0,14.0,1,2.0
0021200722,2013-02-06,2012,Regular Season,NYK @ WAS,0,WAS,96,106.0,-10.0,0,2.0
0021200745,2013-02-08,2012,Regular Season,NYK @ MIN,0,MIN,100,94.0,6.0,1,2.0
0021200752,2013-02-10,2012,Regular Season,NYK vs. LAC,1,LAC,88,102.0,-14.0,0,2.0
0021200780,2013-02-13,2012,Regular Season,NYK vs. TOR,1,TOR,88,92.0,-4.0,0,3.0
0021200801,2013-02-20,2012,Regular Season,NYK @ IND,0,IND,91,125.0,-34.0,0,7.0
0021200811,2013-02-22,2012,Regular Season,NYK @ TOR,0,TOR,98,100.0,-2.0,0,2.0
0021200835,2013-02-24,2012,Regular Season,NYK vs. PHI,1,PHI,99,93.0,6.0,1,2.0
0021200853,2013-02-27,2012,Regular Season,NYK vs. GSW,1,GSW,109,105.0,4.0,1,3.0
0021200865,2013-03-01,2012,Regular Season,NYK @ WAS,0,WAS,96,88.0,8.0,1,2.0
0021200880,2013-03-03,2012,Regular Season,NYK vs. MIA,1,MIA,93,99.0,-6.0,0,2.0
0021200889,2013-03-04,2012,Regular Season,NYK @ CLE,0,CLE,102,97.0,5.0,1,1.0
0021200904,2013-03-06,2012,Regular Season,NYK @ DET,0,DET,87,77.0,10.0,1,2.0
0021200913,2013-03-07,2012,Regular Season,NYK vs. OKC,1,OKC,94,95.0,-1.0,0,1.0
0021200928,2013-03-09,2012,Regular Season,NYK vs. UTA,1,UTA,113,84.0,29.0,1,2.0
0021200947,2013-03-11,2012,Regular Season,NYK @ GSW,0,GSW,63,92.0,-29.0,0,2.0
0021200964,2013-03-13,2012,Regular Season,NYK @ DEN,0,DEN,94,117.0,-23.0,0,2.0
0021200968,2013-03-14,2012,Regular Season,NYK @ POR,0,POR,90,105.0,-15.0,0,1.0
0021200987,2013-03-17,2012,Regular Season,NYK @ LAC,0,LAC,80,93.0,-13.0,0,3.0
0021201003,2013-03-18,2012,Regular Season,NYK @ UTA,0,UTA,90,83.0,7.0,1,1.0
0021201010,2013-03-20,2012,Regular Season,NYK vs. ORL,1,ORL,106,94.0,12.0,1,2.0
0021201022,2013-03-22,2012,Regular Season,NYK @ TOR,0,TOR,99,94.0,5.0,1,2.0
0021201034,2013-03-23,2012,Regular Season,NYK vs. TOR,1,TOR,110,84.0,26.0,1,1.0
0021201054,2013-03-26,2012,Regular Season,NYK @ BOS,0,BOS,100,85.0,15.0,1,3.0
0021201061,2013-03-27,2012,Regular Season,NYK vs. MEM,1,MEM,108,101.0,7.0,1,1.0
0021201076,2013-03-29,2012,Regular Season,NYK vs. CHA,1,CHA,111,102.0,9.0,1,2.0
0021201099,2013-03-31,2012,Regular Season,NYK vs. BOS,1,BOS,108,89.0,19.0,1,2.0
0021201109,2013-04-02,2012,Regular Season,NYK @ MIA,0,MIA,102,90.0,12.0,1,2.0
0021201113,2013-04-03,2012,Regular Season,NYK @ ATL,0,ATL,95,82.0,13.0,1,1.0
0021201128,2013-04-05,2012,Regular Season,NYK vs. MIL,1,MIL,101,83.0,18.0,1,2.0
0021201145,2013-04-07,2012,Regular Season,NYK @ OKC,0,OKC,125,120.0,5.0,1,2.0
0021201156,2013-04-09,2012,Regular Season,NYK vs. WAS,1,WAS,120,99.0,21.0,1,2.0
0021201174,2013-04-11,2012,Regular Season,NYK @ CHI,0,CHI,111,118.0,-7.0,0,2.0
0021201182,2013-04-12,2012,Regular Season,NYK @ CLE,0,CLE,101,91.0,10.0,1,1.0
0021201196,2013-04-14,2012,Regular Season,NYK vs. IND,1,IND,90,80.0,10.0,1,2.0
0021201202,2013-04-15,2012,Regular Season,NYK @ CHA,0,CHA,95,106.0,-11.0,0,1.0
0021201218,2013-04-17,2012,Regular Season,NYK vs. ATL,1,ATL,98,92.0,6.0,1,2.0
0041200111,2013-04-20,2012,Playoffs,NYK vs. BOS,1,BOS,85,78.0,7.0,1,
0041200112,2013-04-23,2012,Playoffs,NYK vs. BOS,1,BOS,87,71.0,16.0,1,3.0
0041200113,2013-04-26,2012,Playoffs,NYK @ BOS,0,BOS,90,76.0,14.0,1,3.0
0041200114,2013-04-28,2012,Playoffs,NYK @ BOS,0,BOS,90,97.0,-7.0,0,2.0
0041200115,2013-05-01,2012,Playoffs,NYK vs. BOS,1,BOS,86,92.0,-6.0,0,3.0
0041200116,2013-05-03,2012,Playoffs,NYK @ BOS,0,BOS,88,80.0,8.0,1,2.0
0041200211,2013-05-05,2012,Playoffs,NYK vs. IND,1,IND,95,102.0,-7.0,0,2.0
0041200212,2013-05-07,2012,Playoffs,NYK vs. IND,1,IND,105,79.0,26.0,1,2.0
0041200213,2013-05-11,2012,Playoffs,NYK @ IND,0,IND,71,82.0,-11.0,0,4.0
0041200214,2013-05-14,2012,Playoffs,NYK @ IND,0,IND,82,93.0,-11.0,0,3.0
0041200215,2013-05-16,2012,Playoffs,NYK vs. IND,1,IND,85,75.0,10.0,1,2.0
0041200216,2013-05-18,2012,Playoffs,NYK @ IND,0,IND,99,106.0,-7.0,0,2.0
0021300008,2013-10-30,2013,Regular Season,NYK vs. MIL,1,MIL,90,83.0,7.0,1,
0021300018,2013-10-31,2013,Regular Season,NYK @ CHI,0,CHI,81,82.0,-1.0,0,1.0
0021300045,2013-11-03,2013,Regular Season,NYK vs. MIN,1,MIN,100,109.0,-9.0,0,3.0
0021300054,2013-11-05,2013,Regular Season,NYK vs. CHA,1,CHA,97,102.0,-5.0,0,2.0
0021300073,2013-11-08,2013,Regular Season,NYK @ CHA,0,CHA,101,91.0,10.0,1,3.0
0021300094,2013-11-10,2013,Regular Season,NYK vs. SAS,1,SAS,89,120.0,-31.0,0,2.0
0021300116,2013-11-13,2013,Regular Season,NYK @ ATL,0,ATL,95,91.0,4.0,1,3.0
0021300123,2013-11-14,2013,Regular Season,NYK vs. HOU,1,HOU,106,109.0,-3.0,0,1.0
0021300139,2013-11-16,2013,Regular Season,NYK vs. ATL,1,ATL,90,110.0,-20.0,0,2.0
0021300157,2013-11-19,2013,Regular Season,NYK @ DET,0,DET,86,92.0,-6.0,0,3.0
0021300163,2013-11-20,2013,Regular Season,NYK vs. IND,1,IND,96,103.0,-7.0,0,1.0
0021300189,2013-11-23,2013,Regular Season,NYK @ WAS,0,WAS,89,98.0,-9.0,0,3.0
0021300210,2013-11-25,2013,Regular Season,NYK @ POR,0,POR,91,102.0,-11.0,0,2.0
0021300227,2013-11-27,2013,Regular Season,NYK @ LAC,0,LAC,80,93.0,-13.0,0,2.0
0021300238,2013-11-29,2013,Regular Season,NYK @ DEN,0,DEN,95,97.0,-2.0,0,2.0
0021300254,2013-12-01,2013,Regular Season,NYK vs. NOP,1,NOP,99,103.0,-4.0,0,2.0
0021300277,2013-12-05,2013,Regular Season,NYK @ BKN,0,BKN,113,83.0,30.0,1,4.0
0021300284,2013-12-06,2013,Regular Season,NYK vs. ORL,1,ORL,121,83.0,38.0,1,1.0
0021300299,2013-12-08,2013,Regular Season,NYK vs. BOS,1,BOS,73,114.0,-41.0,0,2.0
0021300310,2013-12-10,2013,Regular Season,NYK @ CLE,0,CLE,94,109.0,-15.0,0,2.0
0021300324,2013-12-11,2013,Regular Season,NYK vs. CHI,1,CHI,83,78.0,5.0,1,1.0
0021300333,2013-12-13,2013,Regular Season,NYK @ BOS,0,BOS,86,90.0,-4.0,0,2.0
0021300345,2013-12-14,2013,Regular Season,NYK vs. ATL,1,ATL,111,106.0,5.0,1,1.0
0021300361,2013-12-16,2013,Regular Season,NYK vs. WAS,1,WAS,101,102.0,-1.0,0,2.0
0021300375,2013-12-18,2013,Regular Season,NYK @ MIL,0,MIL,107,101.0,6.0,1,2.0
0021300392,2013-12-21,2013,Regular Season,NYK vs. MEM,1,MEM,87,95.0,-8.0,0,3.0
0021300409,2013-12-23,2013,Regular Season,NYK @ ORL,0,ORL,103,98.0,5.0,1,2.0
0021300419,2013-12-25,2013,Regular Season,NYK vs. OKC,1,OKC,94,123.0,-29.0,0,2.0
0021300430,2013-12-27,2013,Regular Season,NYK vs. TOR,1,TOR,83,95.0,-12.0,0,2.0
0021300438,2013-12-28,2013,Regular Season,NYK @ TOR,0,TOR,100,113.0,-13.0,0,1.0
0021300477,2014-01-02,2013,Regular Season,NYK @ SAS,0,SAS,105,101.0,4.0,1,5.0
0021300485,2014-01-03,2013,Regular Season,NYK @ HOU,0,HOU,100,102.0,-2.0,0,1.0
0021300503,2014-01-05,2013,Regular Season,NYK @ DAL,0,DAL,92,80.0,12.0,1,2.0
0021300512,2014-01-07,2013,Regular Season,NYK vs. DET,1,DET,89,85.0,4.0,1,2.0
0021300529,2014-01-09,2013,Regular Season,NYK vs. MIA,1,MIA,102,92.0,10.0,1,2.0
0021300546,2014-01-11,2013,Regular Season,NYK @ PHI,0,PHI,102,92.0,10.0,1,2.0
0021300557,2014-01-13,2013,Regular Season,NYK vs. PHX,1,PHX,98,96.0,2.0,1,2.0
0021300562,2014-01-14,2013,Regular Season,NYK @ CHA,0,CHA,98,108.0,-10.0,0,1.0
0021300578,2014-01-16,2013,Regular Season,NYK @ IND,0,IND,89,117.0,-28.0,0,2.0
0021300581,2014-01-17,2013,Regular Season,NYK vs. LAC,1,LAC,95,109.0,-14.0,0,1.0
0021300610,2014-01-20,2013,Regular Season,NYK vs. BKN,1,BKN,80,103.0,-23.0,0,3.0
0021300626,2014-01-22,2013,Regular Season,NYK vs. PHI,1,PHI,106,110.0,-4.0,0,2.0
0021300640,2014-01-24,2013,Regular Season,NYK vs. CHA,1,CHA,125,96.0,29.0,1,2.0
0021300655,2014-01-26,2013,Regular Season,NYK vs. LAL,1,LAL,110,103.0,7.0,1,2.0
0021300670,2014-01-28,2013,Regular Season,NYK vs. BOS,1,BOS,114,88.0,26.0,1,2.0
0021300687,2014-01-30,2013,Regular Season,NYK vs. CLE,1,CLE,117,86.0,31.0,1,2.0
0021300705,2014-02-01,2013,Regular Season,NYK vs. MIA,1,MIA,91,106.0,-15.0,0,2.0
0021300714,2014-02-03,2013,Regular Season,NYK @ MIL,0,MIL,98,101.0,-3.0,0,2.0
0021300728,2014-02-05,2013,Regular Season,NYK vs. POR,1,POR,90,94.0,-4.0,0,2.0
0021300745,2014-02-07,2013,Regular Season,NYK vs. DEN,1,DEN,117,90.0,27.0,1,2.0
0021300756,2014-02-09,2013,Regular Season,NYK @ OKC,0,OKC,100,112.0,-12.0,0,2.0
0021300783,2014-02-12,2013,Regular Season,NYK vs. SAC,1,SAC,101,106.0,-5.0,0,3.0
0021300796,2014-02-18,2013,Regular Season,NYK @ MEM,0,MEM,93,98.0,-5.0,0,6.0
0021300806,2014-02-19,2013,Regular Season,NYK @ NOP,0,NOP,98,91.0,7.0,1,1.0
0021300816,2014-02-21,2013,Regular Season,NYK @ ORL,0,ORL,121,129.0,-8.0,0,2.0
0021300827,2014-02-22,2013,Regular Season,NYK @ ATL,0,ATL,98,107.0,-9.0,0,1.0
0021300843,2014-02-24,2013,Regular Season,NYK vs. DAL,1,DAL,108,110.0,-2.0,0,2.0
0021300865,2014-02-27,2013,Regular Season,NYK @ MIA,0,MIA,82,108.0,-26.0,0,3.0
0021300869,2014-02-28,2013,Regular Season,NYK vs. GSW,1,GSW,103,126.0,-23.0,0,1.0
0021300883,2014-03-02,2013,Regular Season,NYK @ CHI,0,CHI,90,109.0,-19.0,0,2.0
0021300892,2014-03-03,2013,Regular Season,NYK @ DET,0,DET,85,96.0,-11.0,0,1.0
0021300911,2014-03-05,2013,Regular Season,NYK @ MIN,0,MIN,118,106.0,12.0,1,2.0
0021300921,2014-03-07,2013,Regular Season,NYK vs. UTA,1,UTA,108,81.0,27.0,1,2.0
0021300928,2014-03-08,2013,Regular Season,NYK @ CLE,0,CLE,107,97.0,10.0,1,1.0
0021300946,2014-03-10,2013,Regular Season,NYK vs. PHI,1,PHI,123,110.0,13.0,1,2.0
0021300962,2014-03-12,2013,Regular Season,NYK @ BOS,0,BOS,116,92.0,24.0,1,2.0
0021300981,2014-03-15,2013,Regular Season,NYK vs. MIL,1,MIL,115,94.0,21.0,1,3.0
0021301013,2014-03-19,2013,Regular Season,NYK vs. IND,1,IND,92,86.0,6.0,1,4.0
0021301023,2014-03-21,2013,Regular Season,NYK @ PHI,0,PHI,93,92.0,1.0,1,2.0
0021301045,2014-03-23,2013,Regular Season,NYK vs. CLE,1,CLE,100,106.0,-6.0,0,2.0
0021301060,2014-03-25,2013,Regular Season,NYK @ LAL,0,LAL,96,127.0,-31.0,0,2.0
0021301069,2014-03-26,2013,Regular Season,NYK @ SAC,0,SAC,107,99.0,8.0,1,1.0
0021301085,2014-03-28,2013,Regular Season,NYK @ PHX,0,PHX,88,112.0,-24.0,0,2.0
0021301098,2014-03-30,2013,Regular Season,NYK @ GSW,0,GSW,89,84.0,5.0,1,2.0
0021301110,2014-03-31,2013,Regular Season,NYK @ UTA,0,UTA,92,83.0,9.0,1,1.0
0021301115,2014-04-02,2013,Regular Season,NYK vs. BKN,1,BKN,110,81.0,29.0,1,2.0
0021301136,2014-04-04,2013,Regular Season,NYK vs. WAS,1,WAS,89,90.0,-1.0,0,2.0
0021301149,2014-04-06,2013,Regular Season,NYK @ MIA,0,MIA,91,102.0,-11.0,0,2.0
0021301177,2014-04-11,2013,Regular Season,NYK @ TOR,0,TOR,108,100.0,8.0,1,5.0
0021301197,2014-04-13,2013,Regular Season,NYK vs. CHI,1,CHI,100,89.0,11.0,1,2.0
0021301214,2014-04-15,2013,Regular Season,NYK @ BKN,0,BKN,109,98.0,11.0,1,2.0
0021301226,2014-04-16,2013,Regular Season,NYK vs. TOR,1,TOR,95,92.0,3.0,1,1.0
0021400010,2014-10-29,2014,Regular Season,NYK vs. CHI,1,CHI,80,104.0,-24.0,0,
0021400018,2014-10-30,2014,Regular Season,NYK @ CLE,0,CLE,95,90.0,5.0,1,1.0
0021400041,2014-11-02,2014,Regular Season,NYK vs. CHA,1,CHA,96,93.0,3.0,1,3.0
0021400051,2014-11-04,2014,Regular Season,NYK vs. WAS,1,WAS,83,98.0,-15.0,0,2.0
0021400061,2014-11-05,2014,Regular Season,NYK @ DET,0,DET,95,98.0,-3.0,0,1.0
0021400075,2014-11-07,2014,Regular Season,NYK @ BKN,0,BKN,99,110.0,-11.0,0,2.0
0021400084,2014-11-08,2014,Regular Season,NYK @ ATL,0,ATL,96,103.0,-7.0,0,1.0
0021400100,2014-11-10,2014,Regular Season,NYK vs. ATL,1,ATL,85,91.0,-6.0,0,2.0
0021400113,2014-11-12,2014,Regular Season,NYK vs. ORL,1,ORL,95,97.0,-2.0,0,2.0
0021400126,2014-11-14,2014,Regular Season,NYK vs. UTA,1,UTA,100,102.0,-2.0,0,2.0
0021400142,2014-11-16,2014,Regular Season,NYK vs. DEN,1,DEN,109,93.0,16.0,1,2.0
0021400156,2014-11-18,2014,Regular Season,NYK @ MIL,0,MIL,113,117.0,-4.0,0,2.0
0021400167,2014-11-19,2014,Regular Season,NYK @ MIN,0,MIN,99,115.0,-16.0,0,1.0
0021400187,2014-11-22,2014,Regular Season,NYK vs. PHI,1,PHI,91,83.0,8.0,1,3.0
0021400202,2014-11-24,2014,Regular Season,NYK @ HOU,0,HOU,86,91.0,-5.0,0,2.0
0021400214,2014-11-26,2014,Regular Season,NYK @ DAL,0,DAL,102,109.0,-7.0,0,2.0
0021400229,2014-11-28,2014,Regular Season,NYK @ OKC,0,OKC,78,105.0,-27.0,0,2.0
0021400245,2014-11-30,2014,Regular Season,NYK vs. MIA,1,MIA,79,86.0,-7.0,0,2.0
0021400256,2014-12-02,2014,Regular Season,NYK vs. BKN,1,BKN,93,98.0,-5.0,0,2.0
0021400273,2014-12-04,2014,Regular Season,NYK vs. CLE,1,CLE,87,90.0,-3.0,0,2.0
0021400276,2014-12-05,2014,Regular Season,NYK @ CHA,0,CHA,102,103.0,-1.0,0,1.0
0021400299,2014-12-07,2014,Regular Season,NYK vs. POR,1,POR,99,103.0,-4.0,0,2.0
0021400311,2014-12-09,2014,Regular Season,NYK @ NOP,0,NOP,93,104.0,-11.0,0,2.0
0021400322,2014-12-10,2014,Regular Season,NYK @ SAS,0,SAS,95,109.0,-14.0,0,1.0
0021400331,2014-12-12,2014,Regular Season,NYK @ BOS,0,BOS,101,95.0,6.0,1,2.0
0021400353,2014-12-14,2014,Regular Season,NYK vs. TOR,1,TOR,90,95.0,-5.0,0,2.0
0021400367,2014-12-16,2014,Regular Season,NYK vs. DAL,1,DAL,87,107.0,-20.0,0,2.0
0021400379,2014-12-18,2014,Regular Season,NYK @ CHI,0,CHI,97,103.0,-6.0,0,2.0
0021400393,2014-12-20,2014,Regular Season,NYK vs. PHX,1,PHX,90,99.0,-9.0,0,2.0
0021400400,2014-12-21,2014,Regular Season,NYK @ TOR,0,TOR,108,118.0,-10.0,0,1.0
0021400427,2014-12-25,2014,Regular Season,NYK vs. WAS,1,WAS,91,102.0,-11.0,0,4.0
0021400451,2014-12-27,2014,Regular Season,NYK @ SAC,0,SAC,129,135.0,-6.0,0,2.0
0021400456,2014-12-28,2014,Regular Season,NYK @ POR,0,POR,79,101.0,-22.0,0,1.0
0021400477,2014-12-31,2014,Regular Season,NYK @ LAC,0,LAC,78,99.0,-21.0,0,3.0
0021400487,2015-01-02,2014,Regular Season,NYK vs. DET,1,DET,81,97.0,-16.0,0,2.0
0021400506,2015-01-04,2014,Regular Season,NYK vs. MIL,1,MIL,82,95.0,-13.0,0,2.0
0021400513,2015-01-05,2014,Regular Season,NYK @ MEM,0,MEM,83,105.0,-22.0,0,1.0
0021400525,2015-01-07,2014,Regular Season,NYK @ WAS,0,WAS,91,101.0,-10.0,0,2.0
0021400536,2015-01-08,2014,Regular Season,NYK vs. HOU,1,HOU,96,120.0,-24.0,0,1.0
0021400549,2015-01-10,2014,Regular Season,NYK vs. CHA,1,CHA,82,112.0,-30.0,0,2.0
0021400585,2015-01-15,2014,Regular Season,NYK @ MIL,0,MIL,79,95.0,-16.0,0,5.0
0021400618,2015-01-19,2014,Regular Season,NYK vs. NOP,1,NOP,99,92.0,7.0,1,4.0
0021400627,2015-01-21,2014,Regular Season,NYK @ PHI,0,PHI,98,91.0,7.0,1,2.0
0021400645,2015-01-23,2014,Regular Season,NYK vs. ORL,1,ORL,113,106.0,7.0,1,2.0
0021400652,2015-01-24,2014,Regular Season,NYK @ CHA,0,CHA,71,76.0,-5.0,0,1.0
0021400688,2015-01-28,2014,Regular Season,NYK vs. OKC,1,OKC,100,92.0,8.0,1,4.0
0021400694,2015-01-29,2014,Regular Season,NYK @ IND,0,IND,82,103.0,-21.0,0,1.0
0021400717,2015-02-01,2014,Regular Season,NYK vs. LAL,1,LAL,92,80.0,12.0,1,3.0
0021400728,2015-02-03,2014,Regular Season,NYK vs. BOS,1,BOS,97,108.0,-11.0,0,2.0
0021400746,2015-02-06,2014,Regular Season,NYK @ BKN,0,BKN,88,92.0,-4.0,0,3.0
0021400760,2015-02-07,2014,Regular Season,NYK vs. GSW,1,GSW,92,106.0,-14.0,0,1.0
0021400777,2015-02-09,2014,Regular Season,NYK @ MIA,0,MIA,95,109.0,-14.0,0,2.0
0021400788,2015-02-11,2014,Regular Season,NYK @ ORL,0,ORL,83,89.0,-6.0,0,2.0
0021400807,2015-02-20,2014,Regular Season,NYK vs. MIA,1,MIA,87,111.0,-24.0,0,9.0
0021400821,2015-02-22,2014,Regular Season,NYK vs. CLE,1,CLE,83,101.0,-18.0,0,2.0
0021400844,2015-02-25,2014,Regular Season,NYK @ BOS,0,BOS,94,115.0,-21.0,0,3.0
0021400860,2015-02-27,2014,Regular Season,NYK @ DET,0,DET,121,115.0,6.0,1,2.0
0021400872,2015-02-28,2014,Regular Season,NYK vs. TOR,1,TOR,103,98.0,5.0,1,1.0
0021400669,2015-03-03,2014,Regular Season,NYK vs. SAC,1,SAC,86,124.0,-38.0,0,3.0
0021400896,2015-03-04,2014,Regular Season,NYK @ IND,0,IND,82,105.0,-23.0,0,1.0
0021400926,2015-03-07,2014,Regular Season,NYK vs. IND,1,IND,86,92.0,-6.0,0,3.0
0021400943,2015-03-09,2014,Regular Season,NYK @ DEN,0,DEN,78,106.0,-28.0,0,2.0
0021400950,2015-03-10,2014,Regular Season,NYK @ UTA,0,UTA,82,87.0,-5.0,0,1.0
0021400966,2015-03-12,2014,Regular Season,NYK @ LAL,0,LAL,101,94.0,7.0,1,2.0
0021400981,2015-03-14,2014,Regular Season,NYK @ GSW,0,GSW,94,125.0,-31.0,0,2.0
0021400988,2015-03-15,2014,Regular Season,NYK @ PHX,0,PHX,89,102.0,-13.0,0,1.0
0021401001,2015-03-17,2014,Regular Season,NYK vs. SAS,1,SAS,104,100.0,4.0,1,2.0
0021401016,2015-03-19,2014,Regular Season,NYK vs. MIN,1,MIN,92,95.0,-3.0,0,2.0
0021401021,2015-03-20,2014,Regular Season,NYK @ PHI,0,PHI,81,97.0,-16.0,0,1.0
0021401041,2015-03-22,2014,Regular Season,NYK @ TOR,0,TOR,89,106.0,-17.0,0,2.0
0021401050,2015-03-23,2014,Regular Season,NYK vs. MEM,1,MEM,82,103.0,-21.0,0,1.0
0021401061,2015-03-25,2014,Regular Season,NYK vs. LAC,1,LAC,80,111.0,-31.0,0,2.0
0021401079,2015-03-27,2014,Regular Season,NYK vs. BOS,1,BOS,92,96.0,-4.0,0,2.0
0021401088,2015-03-28,2014,Regular Season,NYK @ CHI,0,CHI,80,111.0,-31.0,0,1.0
0021401116,2015-04-01,2014,Regular Season,NYK vs. BKN,1,BKN,98,100.0,-2.0,0,4.0
0021401128,2015-04-03,2014,Regular Season,NYK @ WAS,0,WAS,87,101.0,-14.0,0,2.0
0021401151,2015-04-05,2014,Regular Season,NYK vs. PHI,1,PHI,101,91.0,10.0,1,2.0
0021401165,2015-04-08,2014,Regular Season,NYK vs. IND,1,IND,86,102.0,-16.0,0,3.0
0021401180,2015-04-10,2014,Regular Season,NYK vs. MIL,1,MIL,91,99.0,-8.0,0,2.0
0021401187,2015-04-11,2014,Regular Season,NYK @ ORL,0,ORL,80,79.0,1.0,1,1.0
0021401205,2015-04-13,2014,Regular Season,NYK @ ATL,0,ATL,112,108.0,4.0,1,2.0
0021401226,2015-04-15,2014,Regular Season,NYK vs. DET,1,DET,90,112.0,-22.0,0,2.0
0021500012,2015-10-28,2015,Regular Season,NYK @ MIL,0,MIL,122,97.0,25.0,1,
0021500019,2015-10-29,2015,Regular Season,NYK vs. ATL,1,ATL,101,112.0,-11.0,0,1.0
0021500034,2015-10-31,2015,Regular Season,NYK @ WAS,0,WAS,117,110.0,7.0,1,2.0
0021500048,2015-11-02,2015,Regular Season,NYK vs. SAS,1,SAS,84,94.0,-10.0,0,2.0
0021500063,2015-11-04,2015,Regular Season,NYK @ CLE,0,CLE,86,96.0,-10.0,0,2.0
0021500079,2015-11-06,2015,Regular Season,NYK vs. MIL,1,MIL,92,99.0,-7.0,0,2.0
0021500095,2015-11-08,2015,Regular Season,NYK vs. LAL,1,LAL,99,95.0,4.0,1,2.0
0021500109,2015-11-10,2015,Regular Season,NYK @ TOR,0,TOR,111,109.0,2.0,1,2.0
0021500113,2015-11-11,2015,Regular Season,NYK @ CHA,0,CHA,93,95.0,-2.0,0,1.0
0021500130,2015-11-13,2015,Regular Season,NYK vs. CLE,1,CLE,84,90.0,-6.0,0,2.0
0021500145,2015-11-15,2015,Regular Season,NYK vs. NOP,1,NOP,95,87.0,8.0,1,2.0
0021500162,2015-11-17,2015,Regular Season,NYK vs. CHA,1,CHA,102,94.0,8.0,1,2.0
0021500183,2015-11-20,2015,Regular Season,NYK @ OKC,0,OKC,93,90.0,3.0,1,3.0
0021500194,2015-11-21,2015,Regular Season,NYK @ HOU,0,HOU,107,102.0,5.0,1,1.0
0021500204,2015-11-23,2015,Regular Season,NYK @ MIA,0,MIA,78,95.0,-17.0,0,2.0
0021500216,2015-11-25,2015,Regular Season,NYK @ ORL,0,ORL,91,100.0,-9.0,0,2.0
0021500230,2015-11-27,2015,Regular Season,NYK vs. MIA,1,MIA,78,97.0,-19.0,0,2.0
0021500252,2015-11-29,2015,Regular Season,NYK vs. HOU,1,HOU,111,116.0,-5.0,0,2.0
0021500271,2015-12-02,2015,Regular Season,NYK vs. PHI,1,PHI,99,87.0,12.0,1,3.0
0021500283,2015-12-04,2015,Regular Season,NYK vs. BKN,1,BKN,108,91.0,17.0,1,2.0
0021500295,2015-12-05,2015,Regular Season,NYK @ MIL,0,MIL,91,106.0,-15.0,0,1.0
0021500307,2015-12-07,2015,Regular Season,NYK vs. DAL,1,DAL,97,104.0,-7.0,0,2.0
0021500327,2015-12-09,2015,Regular Season,NYK @ UTA,0,UTA,85,106.0,-21.0,0,2.0
0021500332,2015-12-10,2015,Regular Season,NYK @ SAC,0,SAC,97,99.0,-2.0,0,1.0
0021500352,2015-12-12,2015,Regular Season,NYK @ POR,0,POR,112,110.0,2.0,1,2.0
0021500375,2015-12-16,2015,Regular Season,NYK vs. MIN,1,MIN,107,102.0,5.0,1,4.0
0021500388,2015-12-18,2015,Regular Season,NYK @ PHI,0,PHI,107,97.0,10.0,1,2.0
0021500400,2015-12-19,2015,Regular Season,NYK vs. CHI,1,CHI,107,91.0,16.0,1,1.0
0021500412,2015-12-21,2015,Regular Season,NYK vs. ORL,1,ORL,99,107.0,-8.0,0,2.0
0021500424,2015-12-23,2015,Regular Season,NYK @ CLE,0,CLE,84,91.0,-7.0,0,2.0
0021500442,2015-12-26,2015,Regular Season,NYK @ ATL,0,ATL,98,117.0,-19.0,0,3.0
0021500454,2015-12-27,2015,Regular Season,NYK @ BOS,0,BOS,91,100.0,-9.0,0,1.0
0021500469,2015-12-29,2015,Regular Season,NYK vs. DET,1,DET,108,96.0,12.0,1,2.0
0021500493,2016-01-01,2015,Regular Season,NYK @ CHI,0,CHI,81,108.0,-27.0,0,3.0
0021500506,2016-01-03,2015,Regular Season,NYK vs. ATL,1,ATL,111,97.0,14.0,1,2.0
0021500521,2016-01-05,2015,Regular Season,NYK @ ATL,0,ATL,107,101.0,6.0,1,2.0
0021500525,2016-01-06,2015,Regular Season,NYK @ MIA,0,MIA,98,90.0,8.0,1,1.0
0021500546,2016-01-08,2015,Regular Season,NYK @ SAS,0,SAS,99,100.0,-1.0,0,2.0
0021500562,2016-01-10,2015,Regular Season,NYK vs. MIL,1,MIL,100,88.0,12.0,1,2.0
0021500571,2016-01-12,2015,Regular Season,NYK vs. BOS,1,BOS,120,114.0,6.0,1,2.0
0021500579,2016-01-13,2015,Regular Season,NYK @ BKN,0,BKN,104,110.0,-6.0,0,1.0
0021500607,2016-01-16,2015,Regular Season,NYK @ MEM,0,MEM,95,103.0,-8.0,0,3.0
0021500615,2016-01-18,2015,Regular Season,NYK vs. PHI,1,PHI,119,113.0,6.0,1,2.0
0021500632,2016-01-20,2015,Regular Season,NYK vs. UTA,1,UTA,118,111.0,7.0,1,2.0
0021500648,2016-01-22,2015,Regular Season,NYK vs. LAC,1,LAC,88,116.0,-28.0,0,2.0
0021500655,2016-01-23,2015,Regular Season,NYK @ CHA,0,CHA,84,97.0,-13.0,0,1.0
0021500679,2016-01-26,2015,Regular Season,NYK vs. OKC,1,OKC,122,128.0,-6.0,0,3.0
0021500694,2016-01-28,2015,Regular Season,NYK @ TOR,0,TOR,93,103.0,-10.0,0,2.0
0021500700,2016-01-29,2015,Regular Season,NYK vs. PHX,1,PHX,102,84.0,18.0,1,1.0
0021500718,2016-01-31,2015,Regular Season,NYK vs. GSW,1,GSW,95,116.0,-21.0,0,2.0
0021500730,2016-02-02,2015,Regular Season,NYK vs. BOS,1,BOS,89,97.0,-8.0,0,2.0
0021500746,2016-02-04,2015,Regular Season,NYK @ DET,0,DET,105,111.0,-6.0,0,2.0
0021500756,2016-02-05,2015,Regular Season,NYK vs. MEM,1,MEM,85,91.0,-6.0,0,1.0
0021500770,2016-02-07,2015,Regular Season,NYK vs. DEN,1,DEN,96,101.0,-5.0,0,2.0
0021500785,2016-02-09,2015,Regular Season,NYK vs. WAS,1,WAS,108,111.0,-3.0,0,2.0
0021500807,2016-02-19,2015,Regular Season,NYK @ BKN,0,BKN,98,109.0,-11.0,0,10.0
0021500821,2016-02-20,2015,Regular Season,NYK @ MIN,0,MIN,103,95.0,8.0,1,1.0
0021500835,2016-02-22,2015,Regular Season,NYK vs. TOR,1,TOR,95,122.0,-27.0,0,2.0
0021500846,2016-02-24,2015,Regular Season,NYK @ IND,0,IND,105,108.0,-3.0,0,2.0
0021500863,2016-02-26,2015,Regular Season,NYK vs. ORL,1,ORL,108,95.0,13.0,1,2.0
0021500883,2016-02-28,2015,Regular Season,NYK vs. MIA,1,MIA,81,98.0,-17.0,0,2.0
0021500893,2016-03-01,2015,Regular Season,NYK vs. POR,1,POR,85,104.0,-19.0,0,2.0
0021500915,2016-03-04,2015,Regular Season,NYK @ BOS,0,BOS,104,105.0,-1.0,0,3.0
0021500923,2016-03-05,2015,Regular Season,NYK vs. DET,1,DET,102,89.0,13.0,1,1.0
0021500946,2016-03-08,2015,Regular Season,NYK @ DEN,0,DEN,94,110.0,-16.0,0,3.0
0021500956,2016-03-09,2015,Regular Season,NYK @ PHX,0,PHX,128,97.0,31.0,1,1.0
0021500972,2016-03-11,2015,Regular Season,NYK @ LAC,0,LAC,94,101.0,-7.0,0,2.0
0021500987,2016-03-13,2015,Regular Season,NYK @ LAL,0,LAL,90,87.0,3.0,1,2.0
0021501011,2016-03-16,2015,Regular Season,NYK @ GSW,0,GSW,85,121.0,-36.0,0,3.0
0021501032,2016-03-19,2015,Regular Season,NYK @ WAS,0,WAS,89,99.0,-10.0,0,3.0
0021501042,2016-03-20,2015,Regular Season,NYK vs. SAC,1,SAC,80,88.0,-8.0,0,1.0
0021501060,2016-03-23,2015,Regular Season,NYK @ CHI,0,CHI,115,107.0,8.0,1,3.0
0021501070,2016-03-24,2015,Regular Season,NYK vs. CHI,1,CHI,106,94.0,12.0,1,1.0
0021501086,2016-03-26,2015,Regular Season,NYK vs. CLE,1,CLE,93,107.0,-14.0,0,2.0
0021501102,2016-03-28,2015,Regular Season,NYK @ NOP,0,NOP,91,99.0,-8.0,0,2.0
0021501117,2016-03-30,2015,Regular Season,NYK @ DAL,0,DAL,89,91.0,-2.0,0,2.0
0021501130,2016-04-01,2015,Regular Season,NYK vs. BKN,1,BKN,105,91.0,14.0,1,2.0
0021501151,2016-04-03,2015,Regular Season,NYK vs. IND,1,IND,87,92.0,-5.0,0,2.0
0021501169,2016-04-06,2015,Regular Season,NYK vs. CHA,1,CHA,97,111.0,-14.0,0,3.0
0021501180,2016-04-08,2015,Regular Season,NYK @ PHI,0,PHI,109,102.0,7.0,1,2.0
0021501202,2016-04-10,2015,Regular Season,NYK vs. TOR,1,TOR,89,93.0,-4.0,0,2.0
0021501212,2016-04-12,2015,Regular Season,NYK @ IND,0,IND,90,102.0,-12.0,0,2.0
0021600001,2016-10-25,2016,Regular Season,NYK @ CLE,0,CLE,88,117.0,-29.0,0,
0021600028,2016-10-29,2016,Regular Season,NYK vs. MEM,1,MEM,111,104.0,7.0,1,4.0
0021600050,2016-11-01,2016,Regular Season,NYK @ DET,0,DET,89,102.0,-13.0,0,3.0
0021600058,2016-11-02,2016,Regular Season,NYK vs. HOU,1,HOU,99,118.0,-19.0,0,1.0
0021600073,2016-11-04,2016,Regular Season,NYK @ CHI,0,CHI,117,104.0,13.0,1,2.0
0021600087,2016-11-06,2016,Regular Season,NYK vs. UTA,1,UTA,109,114.0,-5.0,0,2.0
0021600106,2016-11-09,2016,Regular Season,NYK vs. BKN,1,BKN,110,96.0,14.0,1,3.0
0021600125,2016-11-11,2016,Regular Season,NYK @ BOS,0,BOS,87,115.0,-28.0,0,2.0
0021600131,2016-11-12,2016,Regular Season,NYK @ TOR,0,TOR,107,118.0,-11.0,0,1.0
0021600146,2016-11-14,2016,Regular Season,NYK vs. DAL,1,DAL,93,77.0,16.0,1,2.0
0021600162,2016-11-16,2016,Regular Season,NYK vs. DET,1,DET,105,102.0,3.0,1,2.0
0021600169,2016-11-17,2016,Regular Season,NYK @ WAS,0,WAS,112,119.0,-7.0,0,1.0
0021600193,2016-11-20,2016,Regular Season,NYK vs. ATL,1,ATL,104,94.0,10.0,1,3.0
0021600208,2016-11-22,2016,Regular Season,NYK vs. POR,1,POR,107,103.0,4.0,1,2.0
0021600228,2016-11-25,2016,Regular Season,NYK vs. CHA,1,CHA,113,111.0,2.0,1,3.0
0021600241,2016-11-26,2016,Regular Season,NYK @ CHA,0,CHA,102,107.0,-5.0,0,1.0
0021600255,2016-11-28,2016,Regular Season,NYK vs. OKC,1,OKC,103,112.0,-9.0,0,2.0
0021600271,2016-11-30,2016,Regular Season,NYK @ MIN,0,MIN,106,104.0,2.0,1,2.0
0021600285,2016-12-02,2016,Regular Season,NYK vs. MIN,1,MIN,118,114.0,4.0,1,2.0
0021600302,2016-12-04,2016,Regular Season,NYK vs. SAC,1,SAC,106,98.0,8.0,1,2.0
0021600316,2016-12-06,2016,Regular Season,NYK @ MIA,0,MIA,114,103.0,11.0,1,2.0
0021600327,2016-12-07,2016,Regular Season,NYK vs. CLE,1,CLE,94,126.0,-32.0,0,1.0
0021600345,2016-12-09,2016,Regular Season,NYK @ SAC,0,SAC,103,100.0,3.0,1,2.0
0021600360,2016-12-11,2016,Regular Season,NYK @ LAL,0,LAL,118,112.0,6.0,1,2.0
0021600372,2016-12-13,2016,Regular Season,NYK @ PHX,0,PHX,111,113.0,-2.0,0,2.0
0021600388,2016-12-15,2016,Regular Season,NYK @ GSW,0,GSW,90,103.0,-13.0,0,2.0
0021600404,2016-12-17,2016,Regular Season,NYK @ DEN,0,DEN,114,127.0,-13.0,0,2.0
0021600421,2016-12-20,2016,Regular Season,NYK vs. IND,1,IND,118,111.0,7.0,1,3.0
0021600438,2016-12-22,2016,Regular Season,NYK vs. ORL,1,ORL,106,95.0,11.0,1,2.0
0021600456,2016-12-25,2016,Regular Season,NYK vs. BOS,1,BOS,114,119.0,-5.0,0,3.0
0021600478,2016-12-28,2016,Regular Season,NYK @ ATL,0,ATL,98,102.0,-4.0,0,3.0
0021600495,2016-12-30,2016,Regular Season,NYK @ NOP,0,NOP,92,104.0,-12.0,0,2.0
0021600504,2016-12-31,2016,Regular Season,NYK @ HOU,0,HOU,122,129.0,-7.0,0,1.0
0021600516,2017-01-02,2016,Regular Season,NYK vs. ORL,1,ORL,103,115.0,-12.0,0,2.0
0021600531,2017-01-04,2016,Regular Season,NYK vs. MIL,1,MIL,104,105.0,-1.0,0,2.0
0021600548,2017-01-06,2016,Regular Season,NYK @ MIL,0,MIL,116,111.0,5.0,1,2.0
0021600552,2017-01-07,2016,Regular Season,NYK @ IND,0,IND,109,123.0,-14.0,0,1.0
0021600568,2017-01-09,2016,Regular Season,NYK vs. NOP,1,NOP,96,110.0,-14.0,0,2.0
0021600580,2017-01-11,2016,Regular Season,NYK @ PHI,0,PHI,97,98.0,-1.0,0,2.0
0021600587,2017-01-12,2016,Regular Season,NYK vs. CHI,1,CHI,104,89.0,15.0,1,1.0
0021600606,2017-01-15,2016,Regular Season,NYK @ TOR,0,TOR,101,116.0,-15.0,0,3.0
0021600613,2017-01-16,2016,Regular Season,NYK vs. ATL,1,ATL,107,108.0,-1.0,0,1.0
0021600630,2017-01-18,2016,Regular Season,NYK @ BOS,0,BOS,117,106.0,11.0,1,2.0
0021600638,2017-01-19,2016,Regular Season,NYK vs. WAS,1,WAS,110,113.0,-3.0,0,1.0
0021600654,2017-01-21,2016,Regular Season,NYK vs. PHX,1,PHX,105,107.0,-2.0,0,2.0
0021600672,2017-01-23,2016,Regular Season,NYK @ IND,0,IND,109,103.0,6.0,1,2.0
0021600688,2017-01-25,2016,Regular Season,NYK @ DAL,0,DAL,95,103.0,-8.0,0,2.0
0021600699,2017-01-27,2016,Regular Season,NYK vs. CHA,1,CHA,110,107.0,3.0,1,2.0
0021600711,2017-01-29,2016,Regular Season,NYK @ ATL,0,ATL,139,142.0,-3.0,0,2.0
0021600724,2017-01-31,2016,Regular Season,NYK @ WAS,0,WAS,101,117.0,-16.0,0,2.0
0021600733,2017-02-01,2016,Regular Season,NYK @ BKN,0,BKN,95,90.0,5.0,1,1.0
0021600759,2017-02-04,2016,Regular Season,NYK vs. CLE,1,CLE,104,111.0,-7.0,0,3.0
0021600768,2017-02-06,2016,Regular Season,NYK vs. LAL,1,LAL,107,121.0,-14.0,0,2.0
0021600791,2017-02-08,2016,Regular Season,NYK vs. LAC,1,LAC,115,119.0,-4.0,0,2.0
0021600800,2017-02-10,2016,Regular Season,NYK vs. DEN,1,DEN,123,131.0,-8.0,0,2.0
0021600817,2017-02-12,2016,Regular Season,NYK vs. SAS,1,SAS,94,90.0,4.0,1,2.0
0021600845,2017-02-15,2016,Regular Season,NYK @ OKC,0,OKC,105,116.0,-11.0,0,3.0
0021600853,2017-02-23,2016,Regular Season,NYK @ CLE,0,CLE,104,119.0,-15.0,0,8.0
0021600868,2017-02-25,2016,Regular Season,NYK vs. PHI,1,PHI,110,109.0,1.0,1,2.0
0021600882,2017-02-27,2016,Regular Season,NYK vs. TOR,1,TOR,91,92.0,-1.0,0,2.0
0021600895,2017-03-01,2016,Regular Season,NYK @ ORL,0,ORL,101,90.0,11.0,1,2.0
0021600909,2017-03-03,2016,Regular Season,NYK @ PHI,0,PHI,102,105.0,-3.0,0,2.0
0021600928,2017-03-05,2016,Regular Season,NYK vs. GSW,1,GSW,105,112.0,-7.0,0,2.0
0021600935,2017-03-06,2016,Regular Season,NYK @ ORL,0,ORL,113,105.0,8.0,1,1.0
0021600952,2017-03-08,2016,Regular Season,NYK @ MIL,0,MIL,93,104.0,-11.0,0,2.0
0021600975,2017-03-11,2016,Regular Season,NYK @ DET,0,DET,92,112.0,-20.0,0,3.0
0021600986,2017-03-12,2016,Regular Season,NYK @ BKN,0,BKN,112,120.0,-8.0,0,1.0
0021601001,2017-03-14,2016,Regular Season,NYK vs. IND,1,IND,87,81.0,6.0,1,2.0
0021601016,2017-03-16,2016,Regular Season,NYK vs. BKN,1,BKN,110,121.0,-11.0,0,2.0
0021601050,2017-03-20,2016,Regular Season,NYK @ LAC,0,LAC,105,114.0,-9.0,0,4.0
0021601066,2017-03-22,2016,Regular Season,NYK @ UTA,0,UTA,101,108.0,-7.0,0,2.0
0021601071,2017-03-23,2016,Regular Season,NYK @ POR,0,POR,95,110.0,-15.0,0,1.0
0021601085,2017-03-25,2016,Regular Season,NYK @ SAS,0,SAS,98,106.0,-8.0,0,2.0
0021601098,2017-03-27,2016,Regular Season,NYK vs. DET,1,DET,109,95.0,14.0,1,2.0
0021601115,2017-03-29,2016,Regular Season,NYK vs. MIA,1,MIA,88,105.0,-17.0,0,2.0
0021601133,2017-03-31,2016,Regular Season,NYK @ MIA,0,MIA,98,94.0,4.0,1,2.0
0021601145,2017-04-02,2016,Regular Season,NYK vs. BOS,1,BOS,94,110.0,-16.0,0,2.0
0021601160,2017-04-04,2016,Regular Season,NYK vs. CHI,1,CHI,100,91.0,9.0,1,2.0
0021601176,2017-04-06,2016,Regular Season,NYK vs. WAS,1,WAS,103,106.0,-3.0,0,2.0
0021601181,2017-04-07,2016,Regular Season,NYK @ MEM,0,MEM,88,101.0,-13.0,0,1.0
0021601196,2017-04-09,2016,Regular Season,NYK vs. TOR,1,TOR,97,110.0,-13.0,0,2.0
0021601220,2017-04-12,2016,Regular Season,NYK vs. PHI,1,PHI,114,113.0,1.0,1,3.0
0021700015,2017-10-19,2017,Regular Season,NYK @ OKC,0,OKC,84,105.0,-21.0,0,
0021700030,2017-10-21,2017,Regular Season,NYK vs. DET,1,DET,107,111.0,-4.0,0,2.0
0021700051,2017-10-24,2017,Regular Season,NYK @ BOS,0,BOS,89,110.0,-21.0,0,3.0
0021700073,2017-10-27,2017,Regular Season,NYK vs. BKN,1,BKN,107,86.0,21.0,1,3.0
0021700090,2017-10-29,2017,Regular Season,NYK @ CLE,0,CLE,114,95.0,19.0,1,2.0
0021700094,2017-10-30,2017,Regular Season,NYK vs. DEN,1,DEN,116,110.0,6.0,1,1.0
0021700111,2017-11-01,2017,Regular Season,NYK vs. HOU,1,HOU,97,119.0,-22.0,0,2.0
0021700124,2017-11-03,2017,Regular Season,NYK vs. PHX,1,PHX,120,107.0,13.0,1,2.0
0021700142,2017-11-05,2017,Regular Season,NYK vs. IND,1,IND,108,101.0,7.0,1,2.0
0021700152,2017-11-07,2017,Regular Season,NYK vs. CHA,1,CHA,118,113.0,5.0,1,2.0
0021700160,2017-11-08,2017,Regular Season,NYK @ ORL,0,ORL,99,112.0,-13.0,0,1.0
0021700179,2017-11-11,2017,Regular Season,NYK vs. SAC,1,SAC,118,91.0,27.0,1,3.0
0021700193,2017-11-13,2017,Regular Season,NYK vs. CLE,1,CLE,101,104.0,-3.0,0,2.0
0021700206,2017-11-15,2017,Regular Season,NYK vs. UTA,1,UTA,106,101.0,5.0,1,2.0
0021700221,2017-11-17,2017,Regular Season,NYK @ TOR,0,TOR,84,107.0,-23.0,0,2.0
0021700245,2017-11-20,2017,Regular Season,NYK vs. LAC,1,LAC,107,85.0,22.0,1,3.0
0021700258,2017-11-22,2017,Regular Season,NYK vs. TOR,1,TOR,108,100.0,8.0,1,2.0
0021700268,2017-11-24,2017,Regular Season,NYK @ ATL,0,ATL,104,116.0,-12.0,0,2.0
0021700282,2017-11-25,2017,Regular Season,NYK @ HOU,0,HOU,102,117.0,-15.0,0,1.0
0021700293,2017-11-27,2017,Regular Season,NYK vs. POR,1,POR,91,103.0,-12.0,0,2.0
0021700306,2017-11-29,2017,Regular Season,NYK vs. MIA,1,MIA,115,86.0,29.0,1,2.0
0021700334,2017-12-03,2017,Regular Season,NYK vs. ORL,1,ORL,100,105.0,-5.0,0,4.0
0021700340,2017-12-04,2017,Regular Season,NYK @ IND,0,IND,97,115.0,-18.0,0,1.0
0021700357,2017-12-06,2017,Regular Season,NYK vs. MEM,1,MEM,99,88.0,11.0,1,2.0
0021700380,2017-12-09,2017,Regular Season,NYK @ CHI,0,CHI,102,104.0,-2.0,0,3.0
0021700390,2017-12-10,2017,Regular Season,NYK vs. ATL,1,ATL,111,107.0,4.0,1,1.0
0021700399,2017-12-12,2017,Regular Season,NYK vs. LAL,1,LAL,113,109.0,4.0,1,2.0
0021700414,2017-12-14,2017,Regular Season,NYK @ BKN,0,BKN,111,104.0,7.0,1,2.0
0021700431,2017-12-16,2017,Regular Season,NYK vs. OKC,1,OKC,111,96.0,15.0,1,2.0
0021700441,2017-12-18,2017,Regular Season,NYK @ CHA,0,CHA,91,109.0,-18.0,0,2.0
0021700468,2017-12-21,2017,Regular Season,NYK vs. BOS,1,BOS,102,93.0,9.0,1,3.0
0021700471,2017-12-22,2017,Regular Season,NYK @ DET,0,DET,101,97.0,3.6,0,1.0
0021700493,2017-12-25,2017,Regular Season,NYK vs. PHI,1,PHI,98,105.0,-7.0,0,3.0
0021700509,2017-12-27,2017,Regular Season,NYK @ CHI,0,CHI,87,92.0,-5.0,0,2.0
0021700519,2017-12-28,2017,Regular Season,NYK @ SAS,0,SAS,107,119.0,-12.0,0,1.0
0021700532,2017-12-30,2017,Regular Season,NYK @ NOP,0,NOP,105,103.0,2.0,1,2.0
0021700550,2018-01-02,2017,Regular Season,NYK vs. SAS,1,SAS,91,100.0,-9.0,0,3.0
0021700556,2018-01-03,2017,Regular Season,NYK @ WAS,0,WAS,103,121.0,-18.0,0,1.0
0021700568,2018-01-05,2017,Regular Season,NYK @ MIA,0,MIA,103,107.0,-4.0,0,2.0
0021700587,2018-01-07,2017,Regular Season,NYK @ DAL,0,DAL,100,96.0,4.0,1,2.0
0021700607,2018-01-10,2017,Regular Season,NYK vs. CHI,1,CHI,119,119.0,-0.4,0,3.0
0021700623,2018-01-12,2017,Regular Season,NYK @ MIN,0,MIN,108,118.0,-10.0,0,2.0
0021700635,2018-01-14,2017,Regular Season,NYK vs. NOP,1,NOP,118,123.0,-5.0,0,2.0
0021700642,2018-01-15,2017,Regular Season,NYK @ BKN,0,BKN,119,117.0,2.4,1,1.0
0021700658,2018-01-17,2017,Regular Season,NYK @ MEM,0,MEM,99,105.0,-6.0,0,2.0
0021700672,2018-01-19,2017,Regular Season,NYK @ UTA,0,UTA,117,110.0,6.6,1,2.0
0021700684,2018-01-21,2017,Regular Season,NYK @ LAL,0,LAL,107,127.0,-20.0,0,2.0
0021700699,2018-01-23,2017,Regular Season,NYK @ GSW,0,GSW,112,123.0,-11.0,0,2.0
0021700712,2018-01-25,2017,Regular Season,NYK @ DEN,0,DEN,118,130.0,-12.0,0,2.0
0021700723,2018-01-26,2017,Regular Season,NYK @ PHX,0,PHX,107,85.0,22.0,1,1.0
0021700745,2018-01-30,2017,Regular Season,NYK vs. BKN,1,BKN,111,95.0,16.0,1,4.0
0021700758,2018-01-31,2017,Regular Season,NYK @ BOS,0,BOS,73,103.0,-30.0,0,1.0
0021700771,2018-02-02,2017,Regular Season,NYK @ MIL,0,MIL,90,92.0,-2.0,0,2.0
0021700786,2018-02-04,2017,Regular Season,NYK vs. ATL,1,ATL,96,96.0,-0.2,0,2.0
0021700801,2018-02-06,2017,Regular Season,NYK vs. MIL,1,MIL,89,103.0,-14.0,0,2.0
0021700812,2018-02-08,2017,Regular Season,NYK @ TOR,0,TOR,88,113.0,-25.0,0,2.0
0021700836,2018-02-11,2017,Regular Season,NYK @ IND,0,IND,113,121.0,-8.0,0,3.0
0021700842,2018-02-12,2017,Regular Season,NYK @ PHI,0,PHI,92,108.0,-16.0,0,1.0
0021700857,2018-02-14,2017,Regular Season,NYK vs. WAS,1,WAS,113,118.0,-5.0,0,2.0
0021700868,2018-02-22,2017,Regular Season,NYK @ ORL,0,ORL,120,113.0,7.0,1,8.0
0021700886,2018-02-24,2017,Regular Season,NYK vs. BOS,1,BOS,112,121.0,-9.0,0,2.0
0021700900,2018-02-26,2017,Regular Season,NYK vs. GSW,1,GSW,111,125.0,-14.0,0,2.0
0021700935,2018-03-02,2017,Regular Season,NYK @ LAC,0,LAC,105,128.0,-23.0,0,4.0
0021700949,2018-03-04,2017,Regular Season,NYK @ SAC,0,SAC,99,102.0,-3.0,0,2.0
0021700962,2018-03-06,2017,Regular Season,NYK @ POR,0,POR,87,111.0,-24.0,0,2.0
0021700981,2018-03-09,2017,Regular Season,NYK @ MIL,0,MIL,112,120.0,-8.0,0,3.0
0021700992,2018-03-11,2017,Regular Season,NYK vs. TOR,1,TOR,106,132.0,-26.0,0,2.0
0021701009,2018-03-13,2017,Regular Season,NYK vs. DAL,1,DAL,97,110.0,-13.0,0,2.0
0021701022,2018-03-15,2017,Regular Season,NYK vs. PHI,1,PHI,110,118.0,-8.0,0,2.0
0021701038,2018-03-17,2017,Regular Season,NYK vs. CHA,1,CHA,124,101.0,23.0,1,2.0
0021701055,2018-03-19,2017,Regular Season,NYK vs. CHI,1,CHI,110,92.0,18.0,1,2.0
0021701068,2018-03-21,2017,Regular Season,NYK @ MIA,0,MIA,98,119.0,-21.0,0,2.0
0021701081,2018-03-23,2017,Regular Season,NYK vs. MIN,1,MIN,104,108.0,-4.0,0,2.0
0021701098,2018-03-25,2017,Regular Season,NYK @ WAS,0,WAS,101,97.0,4.0,1,2.0
0021701103,2018-03-26,2017,Regular Season,NYK @ CHA,0,CHA,128,137.0,-9.0,0,1.0
0021701118,2018-03-28,2017,Regular Season,NYK @ PHI,0,PHI,101,118.0,-17.0,0,2.0
0021701139,2018-03-31,2017,Regular Season,NYK vs. DET,1,DET,109,115.0,-6.0,0,3.0
0021701159,2018-04-03,2017,Regular Season,NYK vs. ORL,1,ORL,73,97.0,-24.0,0,3.0
0021701186,2018-04-06,2017,Regular Season,NYK vs. MIA,1,MIA,122,98.0,24.0,1,3.0
0021701192,2018-04-07,2017,Regular Season,NYK vs. MIL,1,MIL,102,115.0,-13.0,0,1.0
0021701207,2018-04-09,2017,Regular Season,NYK vs. CLE,1,CLE,109,125.0,-16.0,0,2.0
0021701220,2018-04-11,2017,Regular Season,NYK @ CLE,0,CLE,110,98.0,12.0,1,2.0
0021800007,2018-10-17,2018,Regular Season,NYK vs. ATL,1,ATL,126,107.0,19.0,1,
0021800018,2018-10-19,2018,Regular Season,NYK @ BKN,0,BKN,105,107.0,-2.0,0,2.0
0021800028,2018-10-20,2018,Regular Season,NYK vs. BOS,1,BOS,101,103.0,-2.0,0,1.0
0021800042,2018-10-22,2018,Regular Season,NYK @ MIL,0,MIL,113,124.0,-11.0,0,2.0
0021800054,2018-10-24,2018,Regular Season,NYK @ MIA,0,MIA,87,110.0,-23.0,0,2.0
0021800068,2018-10-26,2018,Regular Season,NYK vs. GSW,1,GSW,100,128.0,-28.0,0,2.0
0021800090,2018-10-29,2018,Regular Season,NYK vs. BKN,1,BKN,115,96.0,19.0,1,3.0
0021800105,2018-10-31,2018,Regular Season,NYK vs. IND,1,IND,101,107.0,-6.0,0,2.0
0021800121,2018-11-02,2018,Regular Season,NYK @ DAL,0,DAL,118,106.0,12.0,1,2.0
0021800135,2018-11-04,2018,Regular Season,NYK @ WAS,0,WAS,95,108.0,-13.0,0,2.0
0021800143,2018-11-05,2018,Regular Season,NYK vs. CHI,1,CHI,115,116.0,-1.0,0,1.0
0021800155,2018-11-07,2018,Regular Season,NYK @ ATL,0,ATL,112,107.0,5.0,1,2.0
0021800174,2018-11-10,2018,Regular Season,NYK @ TOR,0,TOR,112,128.0,-16.0,0,3.0
0021800186,2018-11-11,2018,Regular Season,NYK vs. ORL,1,ORL,89,115.0,-26.0,0,1.0
0021800209,2018-11-14,2018,Regular Season,NYK @ OKC,0,OKC,103,128.0,-25.0,0,3.0
0021800222,2018-11-16,2018,Regular Season,NYK @ NOP,0,NOP,124,129.0,-5.0,0,2.0
0021800236,2018-11-18,2018,Regular Season,NYK @ ORL,0,ORL,117,131.0,-14.0,0,2.0
0021800251,2018-11-20,2018,Regular Season,NYK vs. POR,1,POR,114,118.0,-4.0,0,2.0
0021800255,2018-11-21,2018,Regular Season,NYK @ BOS,0,BOS,117,109.0,8.0,1,1.0
0021800269,2018-11-23,2018,Regular Season,NYK vs. NOP,1,NOP,114,109.0,5.0,1,2.0
0021800291,2018-11-25,2018,Regular Season,NYK @ MEM,0,MEM,103,98.0,5.0,1,2.0
0021800301,2018-11-27,2018,Regular Season,NYK @ DET,0,DET,108,115.0,-7.0,0,2.0
0021800307,2018-11-28,2018,Regular Season,NYK @ PHI,0,PHI,91,117.0,-26.0,0,1.0
0021800330,2018-12-01,2018,Regular Season,NYK vs. MIL,1,MIL,136,131.0,5.0,1,3.0
0021800346,2018-12-03,2018,Regular Season,NYK vs. WAS,1,WAS,107,110.0,-3.0,0,2.0
0021800365,2018-12-06,2018,Regular Season,NYK @ BOS,0,BOS,100,128.0,-28.0,0,3.0
0021800382,2018-12-08,2018,Regular Season,NYK vs. BKN,1,BKN,104,112.0,-8.0,0,2.0
0021800389,2018-12-09,2018,Regular Season,NYK vs. CHA,1,CHA,107,119.0,-12.0,0,1.0
0021800406,2018-12-12,2018,Regular Season,NYK @ CLE,0,CLE,106,113.0,-7.0,0,3.0
0021800421,2018-12-14,2018,Regular Season,NYK @ CHA,0,CHA,126,124.0,2.0,1,2.0
0021800438,2018-12-16,2018,Regular Season,NYK @ IND,0,IND,99,110.0,-11.0,0,2.0
0021800444,2018-12-17,2018,Regular Season,NYK vs. PHX,1,PHX,110,128.0,-18.0,0,1.0
0021800457,2018-12-19,2018,Regular Season,NYK @ PHI,0,PHI,109,131.0,-22.0,0,2.0
0021800472,2018-12-21,2018,Regular Season,NYK vs. ATL,1,ATL,107,114.0,-7.0,0,2.0
0021800497,2018-12-25,2018,Regular Season,NYK vs. MIL,1,MIL,95,109.0,-14.0,0,4.0
0021800513,2018-12-27,2018,Regular Season,NYK @ MIL,0,MIL,96,112.0,-16.0,0,2.0
0021800532,2018-12-29,2018,Regular Season,NYK @ UTA,0,UTA,97,129.0,-32.0,0,2.0
0021800551,2019-01-01,2018,Regular Season,NYK @ DEN,0,DEN,108,115.0,-7.0,0,3.0
0021800574,2019-01-04,2018,Regular Season,NYK @ LAL,0,LAL,119,112.0,7.0,1,3.0
0021800597,2019-01-07,2018,Regular Season,NYK @ POR,0,POR,101,111.0,-10.0,0,3.0
0021800605,2019-01-08,2018,Regular Season,NYK @ GSW,0,GSW,95,122.0,-27.0,0,1.0
0021800623,2019-01-11,2018,Regular Season,NYK vs. IND,1,IND,106,121.0,-15.0,0,3.0
0021800638,2019-01-13,2018,Regular Season,NYK vs. PHI,1,PHI,105,108.0,-3.0,0,2.0
0021800665,2019-01-17,2018,Regular Season,NYK @ WAS,0,WAS,100,101.0,-1.0,0,4.0
0021800691,2019-01-21,2018,Regular Season,NYK vs. OKC,1,OKC,109,127.0,-18.0,0,4.0
0021800710,2019-01-23,2018,Regular Season,NYK vs. HOU,1,HOU,110,114.0,-4.0,0,2.0
0021800721,2019-01-25,2018,Regular Season,NYK @ BKN,0,BKN,99,109.0,-10.0,0,2.0
0021800741,2019-01-27,2018,Regular Season,NYK vs. MIA,1,MIA,97,106.0,-9.0,0,2.0
0021800744,2019-01-28,2018,Regular Season,NYK @ CHA,0,CHA,92,101.0,-9.0,0,1.0
0021800758,2019-01-30,2018,Regular Season,NYK vs. DAL,1,DAL,90,114.0,-24.0,0,2.0
0021800771,2019-02-01,2018,Regular Season,NYK vs. BOS,1,BOS,99,113.0,-14.0,0,2.0
0021800787,2019-02-03,2018,Regular Season,NYK vs. MEM,1,MEM,84,96.0,-12.0,0,2.0
0021800799,2019-02-05,2018,Regular Season,NYK vs. DET,1,DET,92,105.0,-13.0,0,2.0
0021800817,2019-02-08,2018,Regular Season,NYK @ DET,0,DET,103,120.0,-17.0,0,3.0
0021800828,2019-02-09,2018,Regular Season,NYK vs. TOR,1,TOR,99,104.0,-5.0,0,1.0
0021800839,2019-02-11,2018,Regular Season,NYK @ CLE,0,CLE,104,107.0,-3.0,0,2.0
0021800856,2019-02-13,2018,Regular Season,NYK vs. PHI,1,PHI,111,126.0,-15.0,0,2.0
0021800865,2019-02-14,2018,Regular Season,NYK @ ATL,0,ATL,106,91.0,15.0,1,1.0
0021800878,2019-02-22,2018,Regular Season,NYK vs. MIN,1,MIN,104,115.0,-11.0,0,8.0
0021800896,2019-02-24,2018,Regular Season,NYK vs. SAS,1,SAS,130,118.0,12.0,1,2.0
0021800908,2019-02-26,2018,Regular Season,NYK vs. ORL,1,ORL,108,103.0,5.0,1,2.0
0021800924,2019-02-28,2018,Regular Season,NYK vs. CLE,1,CLE,118,123.0,-5.0,0,2.0
0021800947,2019-03-03,2018,Regular Season,NYK @ LAC,0,LAC,107,128.0,-21.0,0,3.0
0021800957,2019-03-04,2018,Regular Season,NYK @ SAC,0,SAC,108,115.0,-7.0,0,1.0
0021800972,2019-03-06,2018,Regular Season,NYK @ PHX,0,PHX,96,107.0,-11.0,0,2.0
0021800986,2019-03-09,2018,Regular Season,NYK vs. SAC,1,SAC,94,102.0,-8.0,0,3.0
0021800998,2019-03-10,2018,Regular Season,NYK @ MIN,0,MIN,92,103.0,-11.0,0,1.0
0021801007,2019-03-12,2018,Regular Season,NYK @ IND,0,IND,98,103.0,-5.0,0,2.0
0021801032,2019-03-15,2018,Regular Season,NYK @ SAS,0,SAS,83,109.0,-26.0,0,3.0
0021801042,2019-03-17,2018,Regular Season,NYK vs. LAL,1,LAL,124,123.0,1.0,1,2.0
0021801053,2019-03-18,2018,Regular Season,NYK @ TOR,0,TOR,92,128.0,-36.0,0,1.0
0021801068,2019-03-20,2018,Regular Season,NYK vs. UTA,1,UTA,116,137.0,-21.0,0,2.0
0021801082,2019-03-22,2018,Regular Season,NYK vs. DEN,1,DEN,93,111.0,-18.0,0,2.0
0021801095,2019-03-24,2018,Regular Season,NYK vs. LAC,1,LAC,113,124.0,-11.0,0,2.0
0021801125,2019-03-28,2018,Regular Season,NYK vs. TOR,1,TOR,92,117.0,-25.0,0,4.0
0021801141,2019-03-30,2018,Regular Season,NYK vs. MIA,1,MIA,92,100.0,-8.0,0,2.0
0021801155,2019-04-01,2018,Regular Season,NYK vs. CHI,1,CHI,113,105.0,8.0,1,2.0
0021801166,2019-04-03,2018,Regular Season,NYK @ ORL,0,ORL,100,114.0,-14.0,0,2.0
0021801184,2019-04-05,2018,Regular Season,NYK @ HOU,0,HOU,96,120.0,-24.0,0,2.0
0021801204,2019-04-07,2018,Regular Season,NYK vs. WAS,1,WAS,113,110.0,3.0,1,2.0
0021801213,2019-04-09,2018,Regular Season,NYK @ CHI,0,CHI,96,86.0,10.0,1,2.0
0021801223,2019-04-10,2018,Regular Season,NYK vs. DET,1,DET,89,115.0,-26.0,0,1.0
0021900010,2019-10-23,2019,Regular Season,NYK @ SAS,0,SAS,111,120.0,-9.0,0,
0021900019,2019-10-25,2019,Regular Season,NYK @ BKN,0,BKN,109,113.0,-4.0,0,2.0
0021900029,2019-10-26,2019,Regular Season,NYK vs. BOS,1,BOS,95,118.0,-23.0,0,1.0
0021900042,2019-10-28,2019,Regular Season,NYK vs. CHI,1,CHI,105,98.0,7.0,1,2.0
0021900056,2019-10-30,2019,Regular Season,NYK @ ORL,0,ORL,83,95.0,-12.0,0,2.0
0021900072,2019-11-01,2019,Regular Season,NYK @ BOS,0,BOS,102,104.0,-2.0,0,2.0
0021900087,2019-11-03,2019,Regular Season,NYK vs. SAC,1,SAC,92,113.0,-21.0,0,2.0
0021900103,2019-11-06,2019,Regular Season,NYK @ DET,0,DET,102,122.0,-20.0,0,3.0
0021900122,2019-11-08,2019,Regular Season,NYK @ DAL,0,DAL,106,102.0,4.0,1,2.0
0021900136,2019-11-10,2019,Regular Season,NYK vs. CLE,1,CLE,87,108.0,-21.0,0,2.0
0021900149,2019-11-12,2019,Regular Season,NYK @ CHI,0,CHI,102,120.0,-18.0,0,2.0
0021900162,2019-11-14,2019,Regular Season,NYK vs. DAL,1,DAL,106,103.0,3.0,1,2.0
0021900177,2019-11-16,2019,Regular Season,NYK vs. CHA,1,CHA,102,103.0,-1.0,0,2.0
0021900189,2019-11-18,2019,Regular Season,NYK vs. CLE,1,CLE,123,105.0,18.0,1,2.0
0021900202,2019-11-20,2019,Regular Season,NYK @ PHI,0,PHI,104,109.0,-5.0,0,2.0
0021900229,2019-11-23,2019,Regular Season,NYK vs. SAS,1,SAS,104,111.0,-7.0,0,3.0
0021900236,2019-11-24,2019,Regular Season,NYK vs. BKN,1,BKN,101,103.0,-2.0,0,1.0
0021900258,2019-11-27,2019,Regular Season,NYK @ TOR,0,TOR,98,126.0,-28.0,0,3.0
0021900271,2019-11-29,2019,Regular Season,NYK vs. PHI,1,PHI,95,101.0,-6.0,0,2.0
0021900285,2019-12-01,2019,Regular Season,NYK vs. BOS,1,BOS,104,113.0,-9.0,0,2.0
0021900297,2019-12-02,2019,Regular Season,NYK @ MIL,0,MIL,88,132.0,-44.0,0,1.0
0021900317,2019-12-05,2019,Regular Season,NYK vs. DEN,1,DEN,92,129.0,-37.0,0,3.0
0021900331,2019-12-07,2019,Regular Season,NYK vs. IND,1,IND,103,104.0,-1.0,0,2.0
0021900355,2019-12-10,2019,Regular Season,NYK @ POR,0,POR,87,115.0,-28.0,0,3.0
0021900366,2019-12-11,2019,Regular Season,NYK @ GSW,0,GSW,124,122.0,2.0,1,1.0
0021900378,2019-12-13,2019,Regular Season,NYK @ SAC,0,SAC,103,101.0,2.0,1,2.0
0021900392,2019-12-15,2019,Regular Season,NYK @ DEN,0,DEN,105,111.0,-6.0,0,2.0
0021900403,2019-12-17,2019,Regular Season,NYK vs. ATL,1,ATL,143,120.0,23.0,1,2.0
0021900424,2019-12-20,2019,Regular Season,NYK @ MIA,0,MIA,114,129.0,-15.0,0,3.0
0021900434,2019-12-21,2019,Regular Season,NYK vs. MIL,1,MIL,102,123.0,-21.0,0,1.0
0021900447,2019-12-23,2019,Regular Season,NYK vs. WAS,1,WAS,115,121.0,-6.0,0,2.0
0021900461,2019-12-26,2019,Regular Season,NYK @ BKN,0,BKN,94,82.0,12.0,1,3.0
0021900476,2019-12-28,2019,Regular Season,NYK @ WAS,0,WAS,107,100.0,7.0,1,2.0
0021900505,2020-01-01,2019,Regular Season,NYK vs. POR,1,POR,117,93.0,24.0,1,4.0
0021900521,2020-01-03,2019,Regular Season,NYK @ PHX,0,PHX,112,120.0,-8.0,0,2.0
0021900534,2020-01-05,2019,Regular Season,NYK @ LAC,0,LAC,132,135.0,-3.0,0,2.0
0021900553,2020-01-07,2019,Regular Season,NYK @ LAL,0,LAL,87,117.0,-30.0,0,2.0
0021900561,2020-01-08,2019,Regular Season,NYK @ UTA,0,UTA,104,128.0,-24.0,0,1.0
0021900569,2020-01-10,2019,Regular Season,NYK vs. NOP,1,NOP,111,123.0,-12.0,0,2.0
0021900584,2020-01-12,2019,Regular Season,NYK vs. MIA,1,MIA,124,121.0,3.0,1,2.0
0021900601,2020-01-14,2019,Regular Season,NYK @ MIL,0,MIL,102,128.0,-26.0,0,2.0
0021900614,2020-01-16,2019,Regular Season,NYK vs. PHX,1,PHX,98,121.0,-23.0,0,2.0
0021900630,2020-01-18,2019,Regular Season,NYK vs. PHI,1,PHI,87,90.0,-3.0,0,2.0
0021900643,2020-01-20,2019,Regular Season,NYK @ CLE,0,CLE,106,86.0,20.0,1,2.0
0021900659,2020-01-22,2019,Regular Season,NYK vs. LAL,1,LAL,92,100.0,-8.0,0,2.0
0021900672,2020-01-24,2019,Regular Season,NYK vs. TOR,1,TOR,112,118.0,-6.0,0,2.0
0021900688,2020-01-26,2019,Regular Season,NYK vs. BKN,1,BKN,110,97.0,13.0,1,2.0
0021900699,2020-01-28,2019,Regular Season,NYK @ CHA,0,CHA,92,97.0,-5.0,0,2.0
0021900710,2020-01-29,2019,Regular Season,NYK vs. MEM,1,MEM,106,127.0,-21.0,0,1.0
0021900728,2020-02-01,2019,Regular Season,NYK @ IND,0,IND,92,85.0,7.0,1,3.0
0021900742,2020-02-03,2019,Regular Season,NYK @ CLE,0,CLE,139,134.0,5.0,1,2.0
0021900764,2020-02-06,2019,Regular Season,NYK vs. ORL,1,ORL,105,103.0,2.0,1,3.0
0021900779,2020-02-08,2019,Regular Season,NYK @ DET,0,DET,95,92.0,3.0,1,2.0
0021900787,2020-02-09,2019,Regular Season,NYK @ ATL,0,ATL,135,140.0,-5.0,0,1.0
0021900811,2020-02-12,2019,Regular Season,NYK vs. WAS,1,WAS,96,114.0,-18.0,0,3.0
0021900828,2020-02-21,2019,Regular Season,NYK vs. IND,1,IND,98,106.0,-8.0,0,9.0
0021900853,2020-02-24,2019,Regular Season,NYK @ HOU,0,HOU,112,123.0,-11.0,0,3.0
0021900864,2020-02-26,2019,Regular Season,NYK @ CHA,0,CHA,101,107.0,-6.0,0,2.0
0021900873,2020-02-27,2019,Regular Season,NYK @ PHI,0,PHI,106,115.0,-9.0,0,1.0
0021900887,2020-02-29,2019,Regular Season,NYK vs. CHI,1,CHI,125,115.0,10.0,1,2.0
0021900903,2020-03-02,2019,Regular Season,NYK vs. HOU,1,HOU,125,123.0,2.0,1,2.0
0021900921,2020-03-04,2019,Regular Season,NYK vs. UTA,1,UTA,104,112.0,-8.0,0,2.0
0021900932,2020-03-06,2019,Regular Season,NYK vs. OKC,1,OKC,103,126.0,-23.0,0,2.0
0021900955,2020-03-08,2019,Regular Season,NYK vs. DET,1,DET,96,84.0,12.0,1,2.0
0021900961,2020-03-10,2019,Regular Season,NYK @ WAS,0,WAS,115,122.0,-7.0,0,2.0
0021900969,2020-03-11,2019,Regular Season,NYK @ ATL,0,ATL,136,131.0,5.0,1,1.0
0022000011,2020-12-23,2020,Regular Season,NYK @ IND,0,IND,107,121.0,-14.0,0,
0022000025,2020-12-26,2020,Regular Season,NYK vs. PHI,1,PHI,89,109.0,-20.0,0,3.0
0022000036,2020-12-27,2020,Regular Season,NYK vs. MIL,1,MIL,130,110.0,20.0,1,1.0
0022000046,2020-12-29,2020,Regular Season,NYK @ CLE,0,CLE,95,86.0,9.0,1,2.0
0022000066,2020-12-31,2020,Regular Season,NYK @ TOR,0,TOR,83,100.0,-17.0,0,2.0
0022000080,2021-01-02,2020,Regular Season,NYK @ IND,0,IND,106,102.0,4.0,1,2.0
0022000095,2021-01-04,2020,Regular Season,NYK @ ATL,0,ATL,113,108.0,5.0,1,2.0
0022000112,2021-01-06,2020,Regular Season,NYK vs. UTA,1,UTA,112,100.0,12.0,1,2.0
0022000125,2021-01-08,2020,Regular Season,NYK vs. OKC,1,OKC,89,101.0,-12.0,0,2.0
0022000144,2021-01-10,2020,Regular Season,NYK vs. DEN,1,DEN,89,114.0,-25.0,0,2.0
0022000149,2021-01-11,2020,Regular Season,NYK @ CHA,0,CHA,88,109.0,-21.0,0,1.0
0022000168,2021-01-13,2020,Regular Season,NYK vs. BKN,1,BKN,109,116.0,-7.0,0,2.0
0022000181,2021-01-15,2020,Regular Season,NYK @ CLE,0,CLE,103,106.0,-3.0,0,2.0
0022000196,2021-01-17,2020,Regular Season,NYK @ BOS,0,BOS,105,75.0,30.0,1,2.0
0022000203,2021-01-18,2020,Regular Season,NYK vs. ORL,1,ORL,91,84.0,7.0,1,1.0
0022000228,2021-01-21,2020,Regular Season,NYK @ GSW,0,GSW,119,104.0,15.0,1,3.0
0022000241,2021-01-22,2020,Regular Season,NYK @ SAC,0,SAC,94,103.0,-9.0,0,1.0
0022000256,2021-01-24,2020,Regular Season,NYK @ POR,0,POR,113,116.0,-3.0,0,2.0
0022000270,2021-01-26,2020,Regular Season,NYK @ UTA,0,UTA,94,108.0,-14.0,0,2.0
0022000291,2021-01-29,2020,Regular Season,NYK vs. CLE,1,CLE,102,84.0,18.0,1,3.0
0022000308,2021-01-31,2020,Regular Season,NYK vs. LAC,1,LAC,115,129.0,-14.0,0,2.0
0022000315,2021-02-01,2020,Regular Season,NYK @ CHI,0,CHI,102,110.0,-8.0,0,1.0
0022000332,2021-02-03,2020,Regular Season,NYK @ CHI,0,CHI,107,103.0,4.0,1,2.0
0022000351,2021-02-06,2020,Regular Season,NYK vs. POR,1,POR,110,99.0,11.0,1,3.0
0022000364,2021-02-07,2020,Regular Season,NYK vs. MIA,1,MIA,103,109.0,-6.0,0,1.0
0022000376,2021-02-09,2020,Regular Season,NYK @ MIA,0,MIA,96,98.0,-2.0,0,2.0
0022000396,2021-02-12,2020,Regular Season,NYK @ WAS,0,WAS,109,91.0,18.0,1,3.0
0022000408,2021-02-13,2020,Regular Season,NYK vs. HOU,1,HOU,121,99.0,22.0,1,1.0
0022000422,2021-02-15,2020,Regular Season,NYK vs. ATL,1,ATL,123,112.0,11.0,1,2.0
0022000436,2021-02-17,2020,Regular Season,NYK @ ORL,0,ORL,89,107.0,-18.0,0,2.0
0022000469,2021-02-21,2020,Regular Season,NYK vs. MIN,1,MIN,103,99.0,4.0,1,4.0
0022000483,2021-02-23,2020,Regular Season,NYK vs. GSW,1,GSW,106,114.0,-8.0,0,2.0
0022000500,2021-02-25,2020,Regular Season,NYK vs. SAC,1,SAC,140,121.0,19.0,1,2.0
0022000515,2021-02-27,2020,Regular Season,NYK vs. IND,1,IND,110,107.0,3.0,1,2.0
0022000521,2021-02-28,2020,Regular Season,NYK @ DET,0,DET,109,90.0,19.0,1,1.0
0022000541,2021-03-02,2020,Regular Season,NYK @ SAS,0,SAS,93,119.0,-26.0,0,2.0
0022000565,2021-03-04,2020,Regular Season,NYK vs. DET,1,DET,114,104.0,10.0,1,2.0
0022000573,2021-03-11,2020,Regular Season,NYK @ MIL,0,MIL,101,134.0,-33.0,0,7.0
0022000586,2021-03-13,2020,Regular Season,NYK @ OKC,0,OKC,119,97.0,22.0,1,2.0
0022000604,2021-03-15,2020,Regular Season,NYK @ BKN,0,BKN,112,117.0,-5.0,0,2.0
0022000611,2021-03-16,2020,Regular Season,NYK @ PHI,0,PHI,96,99.0,-3.0,0,1.0
0022000627,2021-03-18,2020,Regular Season,NYK vs. ORL,1,ORL,94,93.0,1.0,1,2.0
0022000650,2021-03-21,2020,Regular Season,NYK vs. PHI,1,PHI,100,101.0,-1.0,0,3.0
0022000662,2021-03-23,2020,Regular Season,NYK vs. WAS,1,WAS,131,113.0,18.0,1,2.0
0022000679,2021-03-25,2020,Regular Season,NYK vs. WAS,1,WAS,106,102.0,4.0,1,2.0
0022000695,2021-03-27,2020,Regular Season,NYK @ MIL,0,MIL,102,96.0,6.0,1,2.0
0022000710,2021-03-29,2020,Regular Season,NYK vs. MIA,1,MIA,88,98.0,-10.0,0,2.0
0022000726,2021-03-31,2020,Regular Season,NYK @ MIN,0,MIN,101,102.0,-1.0,0,2.0
0022000739,2021-04-02,2020,Regular Season,NYK vs. DAL,1,DAL,86,99.0,-13.0,0,2.0
0022000748,2021-04-03,2020,Regular Season,NYK @ DET,0,DET,125,81.0,44.0,1,1.0
0022000762,2021-04-05,2020,Regular Season,NYK @ BKN,0,BKN,112,114.0,-2.0,0,2.0
0022000778,2021-04-07,2020,Regular Season,NYK @ BOS,0,BOS,99,101.0,-2.0,0,2.0
0022000793,2021-04-09,2020,Regular Season,NYK vs. MEM,1,MEM,133,129.0,4.0,1,2.0
0022000809,2021-04-11,2020,Regular Season,NYK vs. TOR,1,TOR,102,96.0,6.0,1,2.0
0022000815,2021-04-12,2020,Regular Season,NYK vs. LAL,1,LAL,111,96.0,15.0,1,1.0
0022000835,2021-04-14,2020,Regular Season,NYK @ NOP,0,NOP,116,106.0,10.0,1,2.0
0022000854,2021-04-16,2020,Regular Season,NYK @ DAL,0,DAL,117,109.0,8.0,1,2.0
0022000862,2021-04-18,2020,Regular Season,NYK vs. NOP,1,NOP,122,112.0,10.0,1,2.0
0022000877,2021-04-20,2020,Regular Season,NYK vs. CHA,1,CHA,109,97.0,12.0,1,2.0
0022000886,2021-04-21,2020,Regular Season,NYK vs. ATL,1,ATL,137,127.0,10.0,1,1.0
0022000904,2021-04-24,2020,Regular Season,NYK vs. TOR,1,TOR,120,103.0,17.0,1,3.0
0022000920,2021-04-26,2020,Regular Season,NYK vs. PHX,1,PHX,110,118.0,-8.0,0,2.0
0022000937,2021-04-28,2020,Regular Season,NYK vs. CHI,1,CHI,113,94.0,19.0,1,2.0
0022000971,2021-05-02,2020,Regular Season,NYK @ HOU,0,HOU,122,97.0,25.0,1,4.0
0022000980,2021-05-03,2020,Regular Season,NYK @ MEM,0,MEM,118,104.0,14.0,1,1.0
0022000995,2021-05-05,2020,Regular Season,NYK @ DEN,0,DEN,97,113.0,-16.0,0,2.0
0022001009,2021-05-07,2020,Regular Season,NYK @ PHX,0,PHX,105,128.0,-23.0,0,2.0
0022001019,2021-05-09,2020,Regular Season,NYK @ LAC,0,LAC,106,100.0,6.0,1,2.0
0022001041,2021-05-11,2020,Regular Season,NYK @ LAL,0,LAL,99,101.0,-2.0,0,2.0
0022000458,2021-05-13,2020,Regular Season,NYK vs. SAS,1,SAS,102,98.0,4.0,1,2.0
0022001064,2021-05-15,2020,Regular Season,NYK vs. CHA,1,CHA,118,109.0,9.0,1,2.0
0022001073,2021-05-16,2020,Regular Season,NYK vs. BOS,1,BOS,96,92.0,4.0,1,1.0
0042000131,2021-05-23,2020,Playoffs,NYK vs. ATL,1,ATL,105,107.0,-2.0,0,
0042000132,2021-05-26,2020,Playoffs,NYK vs. ATL,1,ATL,101,92.0,9.0,1,3.0
0042000133,2021-05-28,2020,Playoffs,NYK @ ATL,0,ATL,94,105.0,-11.0,0,2.0
0042000134,2021-05-30,2020,Playoffs,NYK @ ATL,0,ATL,96,113.0,-17.0,0,2.0
0042000135,2021-06-02,2020,Playoffs,NYK vs. ATL,1,ATL,89,103.0,-14.0,0,3.0
0022100005,2021-10-20,2021,Regular Season,NYK vs. BOS,1,BOS,138,134.0,4.0,1,
0022100018,2021-10-22,2021,Regular Season,NYK @ ORL,0,ORL,121,96.0,25.0,1,2.0
0022100036,2021-10-24,2021,Regular Season,NYK vs. ORL,1,ORL,104,110.0,-6.0,0,2.0
0022100050,2021-10-26,2021,Regular Season,NYK vs. PHI,1,PHI,112,99.0,13.0,1,2.0
0022100067,2021-10-28,2021,Regular Season,NYK @ CHI,0,CHI,104,103.0,1.0,1,2.0
0022100080,2021-10-30,2021,Regular Season,NYK @ NOP,0,NOP,123,117.0,6.0,1,2.0
0022100099,2021-11-01,2021,Regular Season,NYK vs. TOR,1,TOR,104,113.0,-9.0,0,2.0
0022100109,2021-11-03,2021,Regular Season,NYK @ IND,0,IND,98,111.0,-13.0,0,2.0
0022100128,2021-11-05,2021,Regular Season,NYK @ MIL,0,MIL,113,98.0,15.0,1,2.0
0022100140,2021-11-07,2021,Regular Season,NYK vs. CLE,1,CLE,109,126.0,-17.0,0,2.0
0022100147,2021-11-08,2021,Regular Season,NYK @ PHI,0,PHI,103,96.0,7.0,1,1.0
0022100161,2021-11-10,2021,Regular Season,NYK vs. MIL,1,MIL,100,112.0,-12.0,0,2.0
0022100174,2021-11-12,2021,Regular Season,NYK @ CHA,0,CHA,96,104.0,-8.0,0,2.0
0022100203,2021-11-15,2021,Regular Season,NYK vs. IND,1,IND,92,84.0,8.0,1,3.0
0022100218,2021-11-17,2021,Regular Season,NYK vs. ORL,1,ORL,98,104.0,-6.0,0,2.0
0022100239,2021-11-20,2021,Regular Season,NYK vs. HOU,1,HOU,106,99.0,7.0,1,3.0
0022100250,2021-11-21,2021,Regular Season,NYK @ CHI,0,CHI,103,109.0,-6.0,0,1.0
0022100264,2021-11-23,2021,Regular Season,NYK vs. LAL,1,LAL,106,100.0,6.0,1,2.0
0022100282,2021-11-26,2021,Regular Season,NYK vs. PHX,1,PHX,97,118.0,-21.0,0,3.0
0022100293,2021-11-27,2021,Regular Season,NYK @ ATL,0,ATL,99,90.0,9.0,1,1.0
0022100314,2021-11-30,2021,Regular Season,NYK @ BKN,0,BKN,110,112.0,-2.0,0,3.0
0022100328,2021-12-02,2021,Regular Season,NYK vs. CHI,1,CHI,115,119.0,-4.0,0,2.0
0022100342,2021-12-04,2021,Regular Season,NYK vs. DEN,1,DEN,99,113.0,-14.0,0,2.0
0022100364,2021-12-07,2021,Regular Season,NYK @ SAS,0,SAS,121,109.0,12.0,1,3.0
0022100369,2021-12-08,2021,Regular Season,NYK @ IND,0,IND,102,122.0,-20.0,0,1.0
0022100385,2021-12-10,2021,Regular Season,NYK @ TOR,0,TOR,87,90.0,-3.0,0,2.0
0022100398,2021-12-12,2021,Regular Season,NYK vs. MIL,1,MIL,97,112.0,-15.0,0,2.0
0022100414,2021-12-14,2021,Regular Season,NYK vs. GSW,1,GSW,96,105.0,-9.0,0,2.0
0022100431,2021-12-16,2021,Regular Season,NYK @ HOU,0,HOU,116,103.0,13.0,1,2.0
0022100445,2021-12-18,2021,Regular Season,NYK @ BOS,0,BOS,107,114.0,-7.0,0,2.0
0022100466,2021-12-21,2021,Regular Season,NYK vs. DET,1,DET,105,91.0,14.0,1,3.0
0022100480,2021-12-23,2021,Regular Season,NYK vs. WAS,1,WAS,117,124.0,-7.0,0,2.0
0022100488,2021-12-25,2021,Regular Season,NYK vs. ATL,1,ATL,101,87.0,14.0,1,2.0
0022100512,2021-12-28,2021,Regular Season,NYK @ MIN,0,MIN,96,88.0,8.0,1,3.0
0022100516,2021-12-29,2021,Regular Season,NYK @ DET,0,DET,94,85.0,9.0,1,1.0
0022100536,2021-12-31,2021,Regular Season,NYK @ OKC,0,OKC,80,95.0,-15.0,0,2.0
0022100545,2022-01-02,2021,Regular Season,NYK @ TOR,0,TOR,105,120.0,-15.0,0,2.0
0022100564,2022-01-04,2021,Regular Season,NYK vs. IND,1,IND,104,94.0,10.0,1,2.0
0022100578,2022-01-06,2021,Regular Season,NYK vs. BOS,1,BOS,108,105.0,3.0,1,2.0
0022100595,2022-01-08,2021,Regular Season,NYK @ BOS,0,BOS,75,99.0,-24.0,0,2.0
0022100610,2022-01-10,2021,Regular Season,NYK vs. SAS,1,SAS,111,96.0,15.0,1,2.0
0022100622,2022-01-12,2021,Regular Season,NYK vs. DAL,1,DAL,108,85.0,23.0,1,2.0
0022100643,2022-01-15,2021,Regular Season,NYK @ ATL,0,ATL,117,108.0,9.0,1,3.0
0022100655,2022-01-17,2021,Regular Season,NYK vs. CHA,1,CHA,87,97.0,-10.0,0,2.0
0022100666,2022-01-18,2021,Regular Season,NYK vs. MIN,1,MIN,110,112.0,-2.0,0,1.0
0022100681,2022-01-20,2021,Regular Season,NYK vs. NOP,1,NOP,91,102.0,-11.0,0,2.0
0022100698,2022-01-23,2021,Regular Season,NYK vs. LAC,1,LAC,110,102.0,8.0,1,3.0
0022100709,2022-01-24,2021,Regular Season,NYK @ CLE,0,CLE,93,95.0,-2.0,0,1.0
0022100727,2022-01-26,2021,Regular Season,NYK @ MIA,0,MIA,96,110.0,-14.0,0,2.0
0022100744,2022-01-28,2021,Regular Season,NYK @ MIL,0,MIL,108,123.0,-15.0,0,2.0
0022100763,2022-01-31,2021,Regular Season,NYK vs. SAC,1,SAC,116,96.0,20.0,1,3.0
0022100776,2022-02-02,2021,Regular Season,NYK vs. MEM,1,MEM,108,120.0,-12.0,0,2.0
0022100799,2022-02-05,2021,Regular Season,NYK @ LAL,0,LAL,115,122.0,-7.0,0,3.0
0022100814,2022-02-07,2021,Regular Season,NYK @ UTA,0,UTA,104,113.0,-9.0,0,2.0
0022100821,2022-02-08,2021,Regular Season,NYK @ DEN,0,DEN,115,132.0,-17.0,0,1.0
0022100837,2022-02-10,2021,Regular Season,NYK @ GSW,0,GSW,116,114.0,2.0,1,2.0
0022100845,2022-02-12,2021,Regular Season,NYK @ POR,0,POR,103,112.0,-9.0,0,2.0
0022100860,2022-02-14,2021,Regular Season,NYK vs. OKC,1,OKC,123,127.0,-4.0,0,2.0
0022100877,2022-02-16,2021,Regular Season,NYK vs. BKN,1,BKN,106,111.0,-5.0,0,2.0
0022100900,2022-02-25,2021,Regular Season,NYK vs. MIA,1,MIA,100,115.0,-15.0,0,9.0
0022100912,2022-02-27,2021,Regular Season,NYK vs. PHI,1,PHI,109,125.0,-16.0,0,2.0
0022100934,2022-03-02,2021,Regular Season,NYK @ PHI,0,PHI,108,123.0,-15.0,0,3.0
0022100953,2022-03-04,2021,Regular Season,NYK @ PHX,0,PHX,114,115.0,-1.0,0,2.0
0022100966,2022-03-06,2021,Regular Season,NYK @ LAC,0,LAC,116,93.0,23.0,1,2.0
0022100974,2022-03-07,2021,Regular Season,NYK @ SAC,0,SAC,131,115.0,16.0,1,1.0
0022100988,2022-03-09,2021,Regular Season,NYK @ DAL,0,DAL,107,77.0,30.0,1,2.0
0022101000,2022-03-11,2021,Regular Season,NYK @ MEM,0,MEM,114,118.0,-4.0,0,2.0
0022101012,2022-03-13,2021,Regular Season,NYK @ BKN,0,BKN,107,110.0,-3.0,0,2.0
0022101037,2022-03-16,2021,Regular Season,NYK vs. POR,1,POR,128,98.0,30.0,1,3.0
0022101050,2022-03-18,2021,Regular Season,NYK vs. WAS,1,WAS,100,97.0,3.0,1,2.0
0022101067,2022-03-20,2021,Regular Season,NYK vs. UTA,1,UTA,93,108.0,-15.0,0,2.0
0022101081,2022-03-22,2021,Regular Season,NYK vs. ATL,1,ATL,111,117.0,-6.0,0,2.0
0022101084,2022-03-23,2021,Regular Season,NYK @ CHA,0,CHA,121,106.0,15.0,1,1.0
0022101103,2022-03-25,2021,Regular Season,NYK @ MIA,0,MIA,111,103.0,8.0,1,2.0
0022101115,2022-03-27,2021,Regular Season,NYK @ DET,0,DET,104,102.0,2.0,1,2.0
0022101126,2022-03-28,2021,Regular Season,NYK vs. CHI,1,CHI,109,104.0,5.0,1,1.0
0022101140,2022-03-30,2021,Regular Season,NYK vs. CHA,1,CHA,114,125.0,-11.0,0,2.0
0022101162,2022-04-02,2021,Regular Season,NYK vs. CLE,1,CLE,101,119.0,-18.0,0,3.0
0022101171,2022-04-03,2021,Regular Season,NYK @ ORL,0,ORL,118,88.0,30.0,1,1.0
0022101191,2022-04-06,2021,Regular Season,NYK vs. BKN,1,BKN,98,110.0,-12.0,0,3.0
0022101204,2022-04-08,2021,Regular Season,NYK @ WAS,0,WAS,114,92.0,22.0,1,2.0
0022101226,2022-04-10,2021,Regular Season,NYK vs. TOR,1,TOR,105,94.0,11.0,1,2.0
0022200009,2022-10-19,2022,Regular Season,NYK @ MEM,0,MEM,112,115.0,-3.0,0,
0022200023,2022-10-21,2022,Regular Season,NYK vs. DET,1,DET,130,106.0,24.0,1,2.0
0022200046,2022-10-24,2022,Regular Season,NYK vs. ORL,1,ORL,115,102.0,13.0,1,3.0
0022200058,2022-10-26,2022,Regular Season,NYK vs. CHA,1,CHA,134,131.0,3.0,1,2.0
0022200075,2022-10-28,2022,Regular Season,NYK @ MIL,0,MIL,108,119.0,-11.0,0,2.0
0022200090,2022-10-30,2022,Regular Season,NYK @ CLE,0,CLE,108,121.0,-13.0,0,2.0
0022200110,2022-11-02,2022,Regular Season,NYK vs. ATL,1,ATL,99,112.0,-13.0,0,3.0
0022200122,2022-11-04,2022,Regular Season,NYK @ PHI,0,PHI,106,104.0,2.0,1,2.0
0022200135,2022-11-05,2022,Regular Season,NYK vs. BOS,1,BOS,118,131.0,-12.6,0,1.0
0022200153,2022-11-07,2022,Regular Season,NYK @ MIN,0,MIN,120,107.0,13.0,1,2.0
0022200164,2022-11-09,2022,Regular Season,NYK @ BKN,0,BKN,85,112.0,-27.0,0,2.0
0022200178,2022-11-11,2022,Regular Season,NYK vs. DET,1,DET,121,112.0,9.0,1,2.0
0022200192,2022-11-13,2022,Regular Season,NYK vs. OKC,1,OKC,135,145.0,-10.0,0,2.0
0022200208,2022-11-15,2022,Regular Season,NYK @ UTA,0,UTA,118,111.0,7.0,1,2.0
0022200219,2022-11-16,2022,Regular Season,NYK @ DEN,0,DEN,106,103.0,3.0,1,1.0
0022200233,2022-11-18,2022,Regular Season,NYK @ GSW,0,GSW,101,111.0,-10.0,0,2.0
0022200240,2022-11-20,2022,Regular Season,NYK @ PHX,0,PHX,95,116.0,-21.0,0,2.0
0022200254,2022-11-21,2022,Regular Season,NYK @ OKC,0,OKC,129,119.0,10.0,1,1.0
0022200274,2022-11-25,2022,Regular Season,NYK vs. POR,1,POR,129,132.0,-3.0,0,4.0
0022200296,2022-11-27,2022,Regular Season,NYK vs. MEM,1,MEM,123,127.0,-4.0,0,2.0
0022200309,2022-11-29,2022,Regular Season,NYK @ DET,0,DET,140,110.0,30.0,1,2.0
0022200316,2022-11-30,2022,Regular Season,NYK vs. MIL,1,MIL,103,109.0,-6.0,0,1.0
0022200337,2022-12-03,2022,Regular Season,NYK vs. DAL,1,DAL,100,121.0,-21.0,0,3.0
0022200348,2022-12-04,2022,Regular Season,NYK vs. CLE,1,CLE,92,81.0,11.0,1,1.0
0022200365,2022-12-07,2022,Regular Season,NYK vs. ATL,1,ATL,113,89.0,24.0,1,3.0
0022200377,2022-12-09,2022,Regular Season,NYK @ CHA,0,CHA,121,102.0,19.0,1,2.0
0022200397,2022-12-11,2022,Regular Season,NYK vs. SAC,1,SAC,112,99.0,13.0,1,2.0
0022200418,2022-12-14,2022,Regular Season,NYK @ CHI,0,CHI,128,120.0,8.0,1,3.0
0022200434,2022-12-16,2022,Regular Season,NYK @ CHI,0,CHI,114,91.0,23.0,1,2.0
0022200446,2022-12-18,2022,Regular Season,NYK @ IND,0,IND,109,106.0,3.0,1,2.0
0022200463,2022-12-20,2022,Regular Season,NYK vs. GSW,1,GSW,132,94.0,38.0,1,2.0
0022200471,2022-12-21,2022,Regular Season,NYK vs. TOR,1,TOR,106,113.0,-7.0,0,1.0
0022200485,2022-12-23,2022,Regular Season,NYK vs. CHI,1,CHI,117,118.0,-1.0,0,2.0
0022200493,2022-12-25,2022,Regular Season,NYK vs. PHI,1,PHI,112,119.0,-7.0,0,2.0
0022200512,2022-12-27,2022,Regular Season,NYK @ DAL,0,DAL,121,126.0,-5.0,0,2.0
0022200527,2022-12-29,2022,Regular Season,NYK @ SAS,0,SAS,115,122.0,-7.0,0,2.0
0022200541,2022-12-31,2022,Regular Season,NYK @ HOU,0,HOU,108,88.0,20.0,1,2.0
0022200550,2023-01-02,2022,Regular Season,NYK vs. PHX,1,PHX,102,83.0,19.0,1,2.0
0022200568,2023-01-04,2022,Regular Season,NYK vs. SAS,1,SAS,117,114.0,3.0,1,2.0
0022200582,2023-01-06,2022,Regular Season,NYK @ TOR,0,TOR,112,108.0,4.0,1,2.0
0022200607,2023-01-09,2022,Regular Season,NYK vs. MIL,1,MIL,107,111.0,-4.0,0,3.0
0022200622,2023-01-11,2022,Regular Season,NYK vs. IND,1,IND,119,113.0,6.0,1,2.0
0022200634,2023-01-13,2022,Regular Season,NYK @ WAS,0,WAS,112,108.0,4.0,1,2.0
0022200648,2023-01-15,2022,Regular Season,NYK @ DET,0,DET,117,104.0,13.0,1,2.0
0022200659,2023-01-16,2022,Regular Season,NYK vs. TOR,1,TOR,121,123.0,-2.0,0,1.0
0022200669,2023-01-18,2022,Regular Season,NYK vs. WAS,1,WAS,105,116.0,-11.0,0,2.0
0022200684,2023-01-20,2022,Regular Season,NYK @ ATL,0,ATL,124,139.0,-15.0,0,2.0
0022200700,2023-01-22,2022,Regular Season,NYK @ TOR,0,TOR,116,125.0,-9.0,0,2.0
0022200715,2023-01-24,2022,Regular Season,NYK vs. CLE,1,CLE,105,103.0,2.0,1,2.0
0022200730,2023-01-26,2022,Regular Season,NYK @ BOS,0,BOS,120,117.0,3.0,1,2.0
0022200742,2023-01-28,2022,Regular Season,NYK @ BKN,0,BKN,115,122.0,-7.0,0,2.0
0022200765,2023-01-31,2022,Regular Season,NYK vs. LAL,1,LAL,123,129.0,-6.0,0,3.0
0022200780,2023-02-02,2022,Regular Season,NYK vs. MIA,1,MIA,106,104.0,2.0,1,2.0
0022200795,2023-02-04,2022,Regular Season,NYK vs. LAC,1,LAC,128,134.0,-6.0,0,2.0
0022200804,2023-02-05,2022,Regular Season,NYK vs. PHI,1,PHI,108,97.0,11.0,1,1.0
0022200816,2023-02-07,2022,Regular Season,NYK @ ORL,0,ORL,102,98.0,4.0,1,2.0
0022200837,2023-02-10,2022,Regular Season,NYK @ PHI,0,PHI,108,119.0,-11.0,0,3.0
0022200851,2023-02-11,2022,Regular Season,NYK vs. UTA,1,UTA,126,120.0,6.0,1,1.0
0022200862,2023-02-13,2022,Regular Season,NYK vs. BKN,1,BKN,124,106.0,18.0,1,2.0
0022200876,2023-02-15,2022,Regular Season,NYK @ ATL,0,ATL,122,101.0,21.0,1,2.0
0022200895,2023-02-24,2022,Regular Season,NYK @ WAS,0,WAS,115,109.0,6.0,1,9.0
0022200906,2023-02-25,2022,Regular Season,NYK vs. NOP,1,NOP,128,106.0,22.0,1,1.0
0022200921,2023-02-27,2022,Regular Season,NYK vs. BOS,1,BOS,109,94.0,15.0,1,2.0
0022200937,2023-03-01,2022,Regular Season,NYK vs. BKN,1,BKN,142,118.0,24.0,1,2.0
0022200949,2023-03-03,2022,Regular Season,NYK @ MIA,0,MIA,122,120.0,2.0,1,2.0
0022200969,2023-03-05,2022,Regular Season,NYK @ BOS,0,BOS,131,129.0,2.0,1,2.0
0022200979,2023-03-07,2022,Regular Season,NYK vs. CHA,1,CHA,105,112.0,-7.0,0,2.0
0022200997,2023-03-09,2022,Regular Season,NYK @ SAC,0,SAC,117,122.0,-5.0,0,2.0
0022201004,2023-03-11,2022,Regular Season,NYK @ LAC,0,LAC,95,106.0,-11.0,0,2.0
0022201019,2023-03-12,2022,Regular Season,NYK @ LAL,0,LAL,112,108.0,4.0,1,1.0
0022201034,2023-03-14,2022,Regular Season,NYK @ POR,0,POR,123,107.0,16.0,1,2.0
0022201055,2023-03-18,2022,Regular Season,NYK vs. DEN,1,DEN,116,110.0,6.0,1,4.0
0022201073,2023-03-20,2022,Regular Season,NYK vs. MIN,1,MIN,134,140.0,-6.0,0,2.0
0022201084,2023-03-22,2022,Regular Season,NYK @ MIA,0,MIA,120,127.0,-7.0,0,2.0
0022201093,2023-03-23,2022,Regular Season,NYK @ ORL,0,ORL,106,111.0,-5.0,0,1.0
0022201124,2023-03-27,2022,Regular Season,NYK vs. HOU,1,HOU,137,115.0,22.0,1,4.0
0022201138,2023-03-29,2022,Regular Season,NYK vs. MIA,1,MIA,101,92.0,9.0,1,2.0
0022201154,2023-03-31,2022,Regular Season,NYK @ CLE,0,CLE,130,116.0,14.0,1,2.0
0022201168,2023-04-02,2022,Regular Season,NYK vs. WAS,1,WAS,118,109.0,9.0,1,2.0
0022201190,2023-04-05,2022,Regular Season,NYK @ IND,0,IND,138,129.0,9.0,1,3.0
0022201209,2023-04-07,2022,Regular Season,NYK @ NOP,0,NOP,105,113.0,-8.0,0,2.0
0022201220,2023-04-09,2022,Regular Season,NYK vs. IND,1,IND,136,141.0,-5.0,0,2.0
0042200131,2023-04-15,2022,Playoffs,NYK @ CLE,0,CLE,101,97.0,4.0,1,
0042200132,2023-04-18,2022,Playoffs,NYK @ CLE,0,CLE,90,107.0,-17.0,0,3.0
0042200133,2023-04-21,2022,Playoffs,NYK vs. CLE,1,CLE,99,79.0,20.0,1,3.0
0042200134,2023-04-23,2022,Playoffs,NYK vs. CLE,1,CLE,102,93.0,9.0,1,2.0
0042200135,2023-04-26,2022,Playoffs,NYK @ CLE,0,CLE,106,95.0,11.0,1,3.0
0042200201,2023-04-30,2022,Playoffs,NYK vs. MIA,1,MIA,101,108.0,-7.0,0,4.0
0042200202,2023-05-02,2022,Playoffs,NYK vs. MIA,1,MIA,111,105.0,6.0,1,2.0
0042200203,2023-05-06,2022,Playoffs,NYK @ MIA,0,MIA,86,105.0,-19.0,0,4.0
0042200204,2023-05-08,2022,Playoffs,NYK @ MIA,0,MIA,101,109.0,-8.0,0,2.0
0042200205,2023-05-10,2022,Playoffs,NYK vs. MIA,1,MIA,112,103.0,9.0,1,2.0
0042200206,2023-05-12,2022,Playoffs,NYK @ MIA,0,MIA,92,96.0,-4.0,0,2.0
0022300065,2023-10-25,2023,Regular Season,NYK vs. BOS,1,BOS,104,108.0,-4.0,0,
0022300079,2023-10-27,2023,Regular Season,NYK @ ATL,0,ATL,126,120.0,6.0,1,2.0
0022300090,2023-10-28,2023,Regular Season,NYK @ NOP,0,NOP,87,96.0,-9.0,0,1.0
0022300112,2023-10-31,2023,Regular Season,NYK @ CLE,0,CLE,109,91.0,18.0,1,3.0
0022300120,2023-11-01,2023,Regular Season,NYK vs. CLE,1,CLE,89,95.0,-6.0,0,1.0
0022300002,2023-11-03,2023,Regular Season,NYK @ MIL,0,MIL,105,110.0,-5.0,0,2.0
0022300151,2023-11-06,2023,Regular Season,NYK vs. LAC,1,LAC,111,97.0,14.0,1,3.0
0022300161,2023-11-08,2023,Regular Season,NYK vs. SAS,1,SAS,126,105.0,21.0,1,2.0
0022300177,2023-11-12,2023,Regular Season,NYK vs. CHA,1,CHA,129,107.0,22.0,1,4.0
0022300188,2023-11-13,2023,Regular Season,NYK @ BOS,0,BOS,98,114.0,-16.0,0,1.0
0022300193,2023-11-15,2023,Regular Season,NYK @ ATL,0,ATL,116,114.0,2.0,1,2.0
0022300028,2023-11-17,2023,Regular Season,NYK @ WAS,0,WAS,120,99.0,21.0,1,2.0
0022300202,2023-11-18,2023,Regular Season,NYK @ CHA,0,CHA,122,108.0,14.0,1,1.0
0022300221,2023-11-20,2023,Regular Season,NYK @ MIN,0,MIN,100,117.0,-17.0,0,2.0
0022300045,2023-11-24,2023,Regular Season,NYK vs. MIA,1,MIA,100,98.0,2.0,1,4.0
0022300247,2023-11-26,2023,Regular Season,NYK vs. PHX,1,PHX,113,116.0,-3.0,0,2.0
0022300057,2023-11-28,2023,Regular Season,NYK vs. CHA,1,CHA,115,91.0,24.0,1,2.0
0022300268,2023-11-30,2023,Regular Season,NYK vs. DET,1,DET,118,112.0,6.0,1,2.0
0022300276,2023-12-01,2023,Regular Season,NYK @ TOR,0,TOR,119,106.0,13.0,1,1.0
0022301201,2023-12-05,2023,Regular Season,NYK @ MIL,0,MIL,122,146.0,-24.0,0,4.0
0022301227,2023-12-08,2023,Regular Season,NYK @ BOS,0,BOS,123,133.0,-10.0,0,3.0
0022300297,2023-12-11,2023,Regular Season,NYK vs. TOR,1,TOR,136,130.0,6.0,1,3.0
0022300318,2023-12-13,2023,Regular Season,NYK @ UTA,0,UTA,113,117.0,-4.0,0,2.0
0022300333,2023-12-15,2023,Regular Season,NYK @ PHX,0,PHX,139,122.0,17.0,1,2.0
0022300343,2023-12-16,2023,Regular Season,NYK @ LAC,0,LAC,122,144.0,-22.0,0,1.0
0022300359,2023-12-18,2023,Regular Season,NYK @ LAL,0,LAL,114,109.0,5.0,1,2.0
0022300368,2023-12-20,2023,Regular Season,NYK @ BKN,0,BKN,121,102.0,19.0,1,2.0
0022300388,2023-12-23,2023,Regular Season,NYK vs. MIL,1,MIL,111,130.0,-19.0,0,3.0
0022300401,2023-12-25,2023,Regular Season,NYK vs. MIL,1,MIL,129,122.0,7.0,1,2.0
0022300419,2023-12-27,2023,Regular Season,NYK @ OKC,0,OKC,120,129.0,-9.0,0,2.0
0022300429,2023-12-29,2023,Regular Season,NYK @ ORL,0,ORL,108,117.0,-9.0,0,2.0
0022300441,2023-12-30,2023,Regular Season,NYK @ IND,0,IND,126,140.0,-14.0,0,1.0
0022300451,2024-01-01,2023,Regular Season,NYK vs. MIN,1,MIN,112,106.0,6.0,1,2.0
0022300468,2024-01-03,2023,Regular Season,NYK vs. CHI,1,CHI,116,100.0,16.0,1,2.0
0022300483,2024-01-05,2023,Regular Season,NYK @ PHI,0,PHI,128,92.0,36.0,1,2.0
0022300494,2024-01-06,2023,Regular Season,NYK @ WAS,0,WAS,121,105.0,16.0,1,1.0
0022300514,2024-01-09,2023,Regular Season,NYK vs. POR,1,POR,112,84.0,28.0,1,3.0
0022300530,2024-01-11,2023,Regular Season,NYK @ DAL,0,DAL,124,128.0,-4.0,0,2.0
0022300544,2024-01-13,2023,Regular Season,NYK @ MEM,0,MEM,106,94.0,12.0,1,2.0
0022300557,2024-01-15,2023,Regular Season,NYK vs. ORL,1,ORL,94,98.0,-4.0,0,2.0
0022300573,2024-01-17,2023,Regular Season,NYK vs. HOU,1,HOU,109,94.0,15.0,1,2.0
0022300579,2024-01-18,2023,Regular Season,NYK vs. WAS,1,WAS,113,109.0,4.0,1,1.0
0022300596,2024-01-20,2023,Regular Season,NYK vs. TOR,1,TOR,126,100.0,26.0,1,2.0
0022300615,2024-01-23,2023,Regular Season,NYK @ BKN,0,BKN,108,103.0,5.0,1,3.0
0022300631,2024-01-25,2023,Regular Season,NYK vs. DEN,1,DEN,122,84.0,38.0,1,2.0
0022300643,2024-01-27,2023,Regular Season,NYK vs. MIA,1,MIA,125,109.0,16.0,1,2.0
0022300657,2024-01-29,2023,Regular Season,NYK @ CHA,0,CHA,113,92.0,21.0,1,2.0
0022300671,2024-01-30,2023,Regular Season,NYK vs. UTA,1,UTA,118,103.0,15.0,1,1.0
0022300685,2024-02-01,2023,Regular Season,NYK vs. IND,1,IND,109,105.0,4.0,1,2.0
0022300701,2024-02-03,2023,Regular Season,NYK vs. LAL,1,LAL,105,113.0,-8.0,0,2.0
0022300722,2024-02-06,2023,Regular Season,NYK vs. MEM,1,MEM,123,113.0,10.0,1,3.0
0022300736,2024-02-08,2023,Regular Season,NYK vs. DAL,1,DAL,108,122.0,-14.0,0,2.0
0022300755,2024-02-10,2023,Regular Season,NYK vs. IND,1,IND,111,125.0,-14.0,0,2.0
0022300765,2024-02-12,2023,Regular Season,NYK @ HOU,0,HOU,103,105.0,-2.0,0,2.0
0022300778,2024-02-14,2023,Regular Season,NYK @ ORL,0,ORL,100,118.0,-18.0,0,2.0
0022300794,2024-02-22,2023,Regular Season,NYK @ PHI,0,PHI,110,96.0,14.0,1,8.0
0022300816,2024-02-24,2023,Regular Season,NYK vs. BOS,1,BOS,102,116.0,-14.0,0,2.0
0022300828,2024-02-26,2023,Regular Season,NYK vs. DET,1,DET,113,111.0,2.0,1,2.0
0022300837,2024-02-27,2023,Regular Season,NYK vs. NOP,1,NOP,92,115.0,-23.0,0,1.0
0022300852,2024-02-29,2023,Regular Season,NYK vs. GSW,1,GSW,99,110.0,-11.0,0,2.0
0022300876,2024-03-03,2023,Regular Season,NYK @ CLE,0,CLE,107,98.0,9.0,1,3.0
0022300889,2024-03-05,2023,Regular Season,NYK vs. ATL,1,ATL,100,116.0,-16.0,0,2.0
0022300912,2024-03-08,2023,Regular Season,NYK vs. ORL,1,ORL,98,74.0,24.0,1,3.0
0022300927,2024-03-10,2023,Regular Season,NYK vs. PHI,1,PHI,73,79.0,-6.0,0,2.0
0022300939,2024-03-12,2023,Regular Season,NYK vs. PHI,1,PHI,106,79.0,27.0,1,2.0
0022300960,2024-03-14,2023,Regular Season,NYK @ POR,0,POR,105,93.0,12.0,1,2.0
0022300975,2024-03-16,2023,Regular Season,NYK @ SAC,0,SAC,98,91.0,7.0,1,2.0
0022300988,2024-03-18,2023,Regular Season,NYK @ GSW,0,GSW,119,112.0,7.0,1,2.0
0022301009,2024-03-21,2023,Regular Season,NYK @ DEN,0,DEN,100,113.0,-13.0,0,3.0
0022301019,2024-03-23,2023,Regular Season,NYK vs. BKN,1,BKN,105,93.0,12.0,1,2.0
0022301035,2024-03-25,2023,Regular Season,NYK vs. DET,1,DET,124,99.0,25.0,1,2.0
0022301053,2024-03-27,2023,Regular Season,NYK @ TOR,0,TOR,145,101.0,44.0,1,2.0
0022301070,2024-03-29,2023,Regular Season,NYK @ SAS,0,SAS,126,130.0,-4.0,0,2.0
0022301082,2024-03-31,2023,Regular Season,NYK vs. OKC,1,OKC,112,113.0,-1.0,0,2.0
0022301096,2024-04-02,2023,Regular Season,NYK @ MIA,0,MIA,99,109.0,-10.0,0,2.0
0022301112,2024-04-04,2023,Regular Season,NYK vs. SAC,1,SAC,120,109.0,11.0,1,2.0
0022301119,2024-04-05,2023,Regular Season,NYK @ CHI,0,CHI,100,108.0,-8.0,0,1.0
0022301139,2024-04-07,2023,Regular Season,NYK @ MIL,0,MIL,122,109.0,13.0,1,2.0
0022301149,2024-04-09,2023,Regular Season,NYK @ CHI,0,CHI,128,117.0,11.0,1,2.0
0022301167,2024-04-11,2023,Regular Season,NYK @ BOS,0,BOS,118,109.0,9.0,1,2.0
0022301175,2024-04-12,2023,Regular Season,NYK vs. BKN,1,BKN,111,107.0,4.0,1,1.0
0022301190,2024-04-14,2023,Regular Season,NYK vs. CHI,1,CHI,120,119.0,1.0,1,2.0
0042300111,2024-04-20,2023,Playoffs,NYK vs. PHI,1,PHI,111,104.0,7.0,1,
0042300112,2024-04-22,2023,Playoffs,NYK vs. PHI,1,PHI,104,101.0,3.0,1,2.0
0042300113,2024-04-25,2023,Playoffs,NYK @ PHI,0,PHI,114,125.0,-11.0,0,3.0
0042300114,2024-04-28,2023,Playoffs,NYK @ PHI,0,PHI,97,92.0,5.0,1,3.0
0042300115,2024-04-30,2023,Playoffs,NYK vs. PHI,1,PHI,106,112.0,-6.0,0,2.0
0042300116,2024-05-02,2023,Playoffs,NYK @ PHI,0,PHI,118,115.0,3.0,1,2.0
0042300211,2024-05-06,2023,Playoffs,NYK vs. IND,1,IND,121,117.0,4.0,1,4.0
0042300212,2024-05-08,2023,Playoffs,NYK vs. IND,1,IND,130,121.0,9.0,1,2.0
0042300213,2024-05-10,2023,Playoffs,NYK @ IND,0,IND,106,111.0,-5.0,0,2.0
0042300214,2024-05-12,2023,Playoffs,NYK @ IND,0,IND,89,121.0,-32.0,0,2.0
0042300215,2024-05-14,2023,Playoffs,NYK vs. IND,1,IND,121,91.0,30.0,1,2.0
0042300216,2024-05-17,2023,Playoffs,NYK @ IND,0,IND,103,116.0,-13.0,0,3.0
0042300217,2024-05-19,2023,Playoffs,NYK vs. IND,1,IND,109,130.0,-21.0,0,2.0
0022400061,2024-10-22,2024,Regular Season,NYK @ BOS,0,BOS,109,132.0,-23.0,0,
0022400081,2024-10-25,2024,Regular Season,NYK vs. IND,1,IND,123,98.0,25.0,1,3.0
0022400106,2024-10-28,2024,Regular Season,NYK vs. CLE,1,CLE,104,110.0,-6.0,0,3.0
0022400122,2024-10-30,2024,Regular Season,NYK @ MIA,0,MIA,116,107.0,9.0,1,2.0
0022400134,2024-11-01,2024,Regular Season,NYK @ DET,0,DET,128,98.0,30.0,1,2.0
0022400161,2024-11-04,2024,Regular Season,NYK @ HOU,0,HOU,97,109.0,-12.0,0,3.0
0022400171,2024-11-06,2024,Regular Season,NYK @ ATL,0,ATL,116,121.0,-5.0,0,2.0
0022400189,2024-11-08,2024,Regular Season,NYK vs. MIL,1,MIL,116,94.0,22.0,1,2.0
0022400203,2024-11-10,2024,Regular Season,NYK @ IND,0,IND,121,132.0,-11.0,0,2.0
0022400004,2024-11-12,2024,Regular Season,NYK @ PHI,0,PHI,111,99.0,12.0,1,2.0
0022400219,2024-11-13,2024,Regular Season,NYK vs. CHI,1,CHI,123,124.0,-1.0,0,1.0
0022400014,2024-11-15,2024,Regular Season,NYK vs. BKN,1,BKN,124,122.0,2.0,1,2.0
0022400240,2024-11-17,2024,Regular Season,NYK vs. BKN,1,BKN,114,104.0,10.0,1,2.0
0022400246,2024-11-18,2024,Regular Season,NYK vs. WAS,1,WAS,134,106.0,28.0,1,1.0
0022400257,2024-11-20,2024,Regular Season,NYK @ PHX,0,PHX,138,122.0,16.0,1,2.0
0022400264,2024-11-23,2024,Regular Season,NYK @ UTA,0,UTA,106,121.0,-15.0,0,3.0
0022400283,2024-11-25,2024,Regular Season,NYK @ DEN,0,DEN,145,118.0,27.0,1,2.0
0022400292,2024-11-27,2024,Regular Season,NYK @ DAL,0,DAL,114,129.0,-15.0,0,2.0
0022400040,2024-11-29,2024,Regular Season,NYK @ CHA,0,CHA,99,98.0,1.0,1,2.0
0022400308,2024-12-01,2024,Regular Season,NYK vs. NOP,1,NOP,118,85.0,33.0,1,2.0
0022400053,2024-12-03,2024,Regular Season,NYK vs. ORL,1,ORL,121,106.0,15.0,1,2.0
0022400327,2024-12-05,2024,Regular Season,NYK vs. CHA,1,CHA,125,101.0,24.0,1,2.0
0022400343,2024-12-07,2024,Regular Season,NYK vs. DET,1,DET,111,120.0,-9.0,0,2.0
0022400359,2024-12-09,2024,Regular Season,NYK @ TOR,0,TOR,113,108.0,5.0,1,2.0
0022401202,2024-12-11,2024,Regular Season,NYK vs. ATL,1,ATL,100,108.0,-8.0,0,2.0
0022401227,2024-12-15,2024,Regular Season,NYK @ ORL,0,ORL,100,91.0,9.0,1,4.0
0022400367,2024-12-19,2024,Regular Season,NYK @ MIN,0,MIN,133,107.0,26.0,1,4.0
0022400384,2024-12-21,2024,Regular Season,NYK @ NOP,0,NOP,104,93.0,11.0,1,2.0
0022400397,2024-12-23,2024,Regular Season,NYK vs. TOR,1,TOR,139,125.0,14.0,1,2.0
0022400405,2024-12-25,2024,Regular Season,NYK vs. SAS,1,SAS,117,114.0,3.0,1,2.0
0022400419,2024-12-27,2024,Regular Season,NYK @ ORL,0,ORL,108,85.0,23.0,1,2.0
0022400429,2024-12-28,2024,Regular Season,NYK @ WAS,0,WAS,136,132.0,4.0,1,1.0
0022400443,2024-12-30,2024,Regular Season,NYK @ WAS,0,WAS,126,106.0,20.0,1,2.0
0022400458,2025-01-01,2024,Regular Season,NYK vs. UTA,1,UTA,119,103.0,16.0,1,2.0
0022400473,2025-01-03,2024,Regular Season,NYK @ OKC,0,OKC,107,117.0,-10.0,0,2.0
0022400482,2025-01-04,2024,Regular Season,NYK @ CHI,0,CHI,126,139.0,-13.0,0,1.0
0022400496,2025-01-06,2024,Regular Season,NYK vs. ORL,1,ORL,94,103.0,-9.0,0,2.0
0022400511,2025-01-08,2024,Regular Season,NYK vs. TOR,1,TOR,112,98.0,14.0,1,2.0
0022400529,2025-01-10,2024,Regular Season,NYK vs. OKC,1,OKC,101,126.0,-25.0,0,2.0
0022400539,2025-01-12,2024,Regular Season,NYK vs. MIL,1,MIL,140,106.0,34.0,1,2.0
0022400549,2025-01-13,2024,Regular Season,NYK vs. DET,1,DET,119,124.0,-5.0,0,1.0
0022400561,2025-01-15,2024,Regular Season,NYK @ PHI,0,PHI,125,119.0,6.0,1,2.0
0022400578,2025-01-17,2024,Regular Season,NYK vs. MIN,1,MIN,99,116.0,-17.0,0,2.0
0022400602,2025-01-20,2024,Regular Season,NYK vs. ATL,1,ATL,119,110.0,9.0,1,3.0
0022400606,2025-01-21,2024,Regular Season,NYK @ BKN,0,BKN,99,95.0,4.0,1,1.0
0022400641,2025-01-25,2024,Regular Season,NYK vs. SAC,1,SAC,143,120.0,23.0,1,4.0
0022400653,2025-01-27,2024,Regular Season,NYK vs. MEM,1,MEM,143,106.0,37.0,1,2.0
0022400668,2025-01-29,2024,Regular Season,NYK vs. DEN,1,DEN,122,112.0,10.0,1,2.0
0022400692,2025-02-01,2024,Regular Season,NYK vs. LAL,1,LAL,112,128.0,-16.0,0,3.0
0022400702,2025-02-03,2024,Regular Season,NYK vs. HOU,1,HOU,124,118.0,6.0,1,2.0
0022400713,2025-02-04,2024,Regular Season,NYK @ TOR,0,TOR,121,115.0,6.0,1,1.0
0022400748,2025-02-08,2024,Regular Season,NYK vs. BOS,1,BOS,104,131.0,-27.0,0,4.0
0022400765,2025-02-11,2024,Regular Season,NYK @ IND,0,IND,128,115.0,13.0,1,3.0
0022400773,2025-02-12,2024,Regular Season,NYK vs. ATL,1,ATL,149,148.0,1.0,1,1.0
0022400792,2025-02-20,2024,Regular Season,NYK vs. CHI,1,CHI,113,111.0,2.0,1,8.0
0022400797,2025-02-21,2024,Regular Season,NYK @ CLE,0,CLE,105,142.0,-37.0,0,1.0
0022400811,2025-02-23,2024,Regular Season,NYK @ BOS,0,BOS,105,118.0,-13.0,0,2.0
0022400838,2025-02-26,2024,Regular Season,NYK vs. PHI,1,PHI,110,105.0,5.0,1,3.0
0022400856,2025-02-28,2024,Regular Season,NYK @ MEM,0,MEM,114,113.0,1.0,1,2.0
0022400869,2025-03-02,2024,Regular Season,NYK @ MIA,0,MIA,116,112.0,4.0,1,2.0
0022400885,2025-03-04,2024,Regular Season,NYK vs. GSW,1,GSW,102,114.0,-12.0,0,2.0
0022400903,2025-03-06,2024,Regular Season,NYK @ LAL,0,LAL,109,113.0,-4.0,0,2.0
0022400911,2025-03-07,2024,Regular Season,NYK @ LAC,0,LAC,95,105.0,-10.0,0,1.0
0022400939,2025-03-10,2024,Regular Season,NYK @ SAC,0,SAC,133,104.0,29.0,1,3.0
0022400953,2025-03-12,2024,Regular Season,NYK @ POR,0,POR,114,113.0,1.0,1,2.0
0022400974,2025-03-15,2024,Regular Season,NYK @ GSW,0,GSW,94,97.0,-3.0,0,3.0
0022400984,2025-03-17,2024,Regular Season,NYK vs. MIA,1,MIA,116,95.0,21.0,1,2.0
0022401003,2025-03-19,2024,Regular Season,NYK @ SAS,0,SAS,105,120.0,-15.0,0,2.0
0022401010,2025-03-20,2024,Regular Season,NYK @ CHA,0,CHA,98,115.0,-17.0,0,1.0
0022401026,2025-03-22,2024,Regular Season,NYK vs. WAS,1,WAS,122,103.0,19.0,1,2.0
0022401048,2025-03-25,2024,Regular Season,NYK vs. DAL,1,DAL,128,113.0,15.0,1,3.0
0022401056,2025-03-26,2024,Regular Season,NYK vs. LAC,1,LAC,113,126.0,-13.0,0,1.0
0022401070,2025-03-28,2024,Regular Season,NYK @ MIL,0,MIL,116,107.0,9.0,1,2.0
0022401082,2025-03-30,2024,Regular Season,NYK vs. POR,1,POR,110,93.0,17.0,1,2.0
0022401098,2025-04-01,2024,Regular Season,NYK vs. PHI,1,PHI,105,91.0,14.0,1,2.0
0022401103,2025-04-02,2024,Regular Season,NYK @ CLE,0,CLE,105,124.0,-19.0,0,1.0
0022401128,2025-04-05,2024,Regular Season,NYK @ ATL,0,ATL,121,105.0,16.0,1,3.0
0022401140,2025-04-06,2024,Regular Season,NYK vs. PHX,1,PHX,112,98.0,14.0,1,1.0
0022401151,2025-04-08,2024,Regular Season,NYK vs. BOS,1,BOS,117,119.0,-2.0,0,2.0
0022401167,2025-04-10,2024,Regular Season,NYK @ DET,0,DET,106,115.0,-9.0,0,2.0
0022401175,2025-04-11,2024,Regular Season,NYK vs. CLE,1,CLE,102,108.0,-6.0,0,1.0
0022401188,2025-04-13,2024,Regular Season,NYK @ BKN,0,BKN,113,105.0,8.0,1,2.0
0042400121,2025-04-19,2024,Playoffs,NYK vs. DET,1,DET,123,112.0,11.0,1,
0042400122,2025-04-21,2024,Playoffs,NYK vs. DET,1,DET,94,100.0,-6.0,0,2.0
0042400123,2025-04-24,2024,Playoffs,NYK @ DET,0,DET,118,116.0,2.0,1,3.0
0042400124,2025-04-27,2024,Playoffs,NYK @ DET,0,DET,94,93.0,1.0,1,3.0
0042400125,2025-04-29,2024,Playoffs,NYK vs. DET,1,DET,103,106.0,-3.0,0,2.0
0042400126,2025-05-01,2024,Playoffs,NYK @ DET,0,DET,116,113.0,3.0,1,2.0
0042400211,2025-05-05,2024,Playoffs,NYK @ BOS,0,BOS,108,105.0,3.0,1,4.0
0042400212,2025-05-07,2024,Playoffs,NYK @ BOS,0,BOS,91,90.0,1.0,1,2.0
0042400213,2025-05-10,2024,Playoffs,NYK vs. BOS,1,BOS,93,115.0,-22.0,0,3.0
0042400214,2025-05-12,2024,Playoffs,NYK vs. BOS,1,BOS,121,113.0,8.0,1,2.0
0042400215,2025-05-14,2024,Playoffs,NYK @ BOS,0,BOS,102,127.0,-25.0,0,2.0
0042400216,2025-05-16,2024,Playoffs,NYK vs. BOS,1,BOS,119,81.0,38.0,1,2.0
0042400301,2025-05-21,2024,Playoffs,NYK vs. IND,1,IND,135,138.0,-3.0,0,5.0
0042400302,2025-05-23,2024,Playoffs,NYK vs. IND,1,IND,109,114.0,-5.0,0,2.0
0042400303,2025-05-25,2024,Playoffs,NYK @ IND,0,IND,106,100.0,6.0,1,2.0
0042400304,2025-05-27,2024,Playoffs,NYK @ IND,0,IND,121,130.0,-9.0,0,2.0
0042400305,2025-05-29,2024,Playoffs,NYK vs. IND,1,IND,111,94.0,17.0,1,2.0
0042400306,2025-05-31,2024,Playoffs,NYK @ IND,0,IND,108,125.0,-17.0,0,2.0
0022500003,2025-10-22,2025,Regular Season,NYK vs. CLE,1,CLE,119,111.0,8.0,1,
0022500018,2025-10-24,2025,Regular Season,NYK vs. BOS,1,BOS,105,95.0,10.0,1,2.0
0022500108,2025-10-26,2025,Regular Season,NYK @ MIA,0,MIA,107,115.0,-8.0,0,2.0
0022500125,2025-10-28,2025,Regular Season,NYK @ MIL,0,MIL,111,121.0,-10.0,0,2.0
0022500023,2025-10-31,2025,Regular Season,NYK @ CHI,0,CHI,125,135.0,-10.0,0,3.0
0022500153,2025-11-02,2025,Regular Season,NYK vs. CHI,1,CHI,128,116.0,12.0,1,2.0
0022500159,2025-11-03,2025,Regular Season,NYK vs. WAS,1,WAS,119,102.0,17.0,1,1.0
0022500175,2025-11-05,2025,Regular Season,NYK vs. MIN,1,MIN,137,114.0,23.0,1,2.0
0022500192,2025-11-09,2025,Regular Season,NYK vs. BKN,1,BKN,134,98.0,36.0,1,4.0
0022500208,2025-11-11,2025,Regular Season,NYK vs. MEM,1,MEM,133,120.0,13.0,1,2.0
0022500215,2025-11-12,2025,Regular Season,NYK vs. ORL,1,ORL,107,124.0,-17.0,0,1.0
0022500039,2025-11-14,2025,Regular Season,NYK vs. MIA,1,MIA,140,132.0,8.0,1,2.0
0022500244,2025-11-17,2025,Regular Season,NYK @ MIA,0,MIA,113,115.0,-2.0,0,3.0
0022500262,2025-11-19,2025,Regular Season,NYK @ DAL,0,DAL,113,111.0,2.0,1,2.0
0022500269,2025-11-22,2025,Regular Season,NYK @ ORL,0,ORL,121,133.0,-12.0,0,3.0
0022500285,2025-11-24,2025,Regular Season,NYK @ BKN,0,BKN,113,100.0,13.0,1,2.0
0022500061,2025-11-26,2025,Regular Season,NYK @ CHA,0,CHA,129,101.0,28.0,1,2.0
0022500074,2025-11-28,2025,Regular Season,NYK vs. MIL,1,MIL,118,109.0,9.0,1,2.0
0022500303,2025-11-30,2025,Regular Season,NYK vs. TOR,1,TOR,116,94.0,22.0,1,2.0
0022500320,2025-12-02,2025,Regular Season,NYK @ BOS,0,BOS,117,123.0,-6.0,0,2.0
0022500328,2025-12-03,2025,Regular Season,NYK vs. CHA,1,CHA,119,104.0,15.0,1,1.0
0022500343,2025-12-05,2025,Regular Season,NYK vs. UTA,1,UTA,146,112.0,34.0,1,2.0
0022500357,2025-12-07,2025,Regular Season,NYK vs. ORL,1,ORL,106,100.0,6.0,1,2.0
0022501202,2025-12-09,2025,Regular Season,NYK @ TOR,0,TOR,117,101.0,16.0,1,2.0
0022501229,2025-12-13,2025,Regular Season,NYK @ ORL,0,ORL,132,120.0,12.0,1,4.0
0022500372,2025-12-18,2025,Regular Season,NYK @ IND,0,IND,114,113.0,1.0,1,5.0
0022500382,2025-12-19,2025,Regular Season,NYK vs. PHI,1,PHI,107,116.0,-9.0,0,1.0
0022500398,2025-12-21,2025,Regular Season,NYK vs. MIA,1,MIA,132,125.0,7.0,1,2.0
0022500416,2025-12-23,2025,Regular Season,NYK @ MIN,0,MIN,104,115.0,-11.0,0,2.0
0022500009,2025-12-25,2025,Regular Season,NYK vs. CLE,1,CLE,126,124.0,2.0,1,2.0
0022500435,2025-12-27,2025,Regular Season,NYK @ ATL,0,ATL,128,125.0,3.0,1,2.0
0022500454,2025-12-29,2025,Regular Season,NYK @ NOP,0,NOP,130,125.0,5.0,1,2.0
0022500467,2025-12-31,2025,Regular Season,NYK @ SAS,0,SAS,132,134.0,-2.0,0,2.0
0022500479,2026-01-02,2025,Regular Season,NYK vs. ATL,1,ATL,99,111.0,-12.0,0,2.0
0022500487,2026-01-03,2025,Regular Season,NYK vs. PHI,1,PHI,119,130.0,-11.0,0,1.0
0022500502,2026-01-05,2025,Regular Season,NYK @ DET,0,DET,90,121.0,-31.0,0,2.0
0022500522,2026-01-07,2025,Regular Season,NYK vs. LAC,1,LAC,123,111.0,12.0,1,2.0
0022500538,2026-01-09,2025,Regular Season,NYK @ PHX,0,PHX,107,112.0,-5.0,0,2.0
0022500551,2026-01-11,2025,Regular Season,NYK @ POR,0,POR,123,114.0,9.0,1,2.0
0022500576,2026-01-14,2025,Regular Season,NYK @ SAC,0,SAC,101,112.0,-11.0,0,3.0
0022500584,2026-01-15,2025,Regular Season,NYK @ GSW,0,GSW,113,126.0,-13.0,0,1.0
0022500596,2026-01-17,2025,Regular Season,NYK vs. PHX,1,PHX,99,106.0,-7.0,0,2.0
0022500016,2026-01-19,2025,Regular Season,NYK vs. DAL,1,DAL,97,114.0,-17.0,0,2.0
0022500622,2026-01-21,2025,Regular Season,NYK vs. BKN,1,BKN,120,66.0,54.0,1,2.0
0022500643,2026-01-24,2025,Regular Season,NYK @ PHI,0,PHI,112,109.0,3.0,1,3.0
0022500665,2026-01-27,2025,Regular Season,NYK vs. SAC,1,SAC,103,87.0,16.0,1,3.0
0022500675,2026-01-28,2025,Regular Season,NYK @ TOR,0,TOR,119,92.0,27.0,1,1.0
0022500690,2026-01-30,2025,Regular Season,NYK vs. POR,1,POR,127,97.0,30.0,1,2.0
0022500708,2026-02-01,2025,Regular Season,NYK vs. LAL,1,LAL,112,100.0,12.0,1,2.0
0022500718,2026-02-03,2025,Regular Season,NYK @ WAS,0,WAS,132,101.0,31.0,1,2.0
0022500726,2026-02-04,2025,Regular Season,NYK vs. DEN,1,DEN,134,127.0,7.0,1,1.0
0022500742,2026-02-06,2025,Regular Season,NYK @ DET,0,DET,80,118.0,-38.0,0,2.0
0022500757,2026-02-08,2025,Regular Season,NYK @ BOS,0,BOS,111,89.0,22.0,1,2.0
0022500771,2026-02-10,2025,Regular Season,NYK vs. IND,1,IND,134,137.0,-3.0,0,2.0
0022500780,2026-02-11,2025,Regular Season,NYK @ PHI,0,PHI,138,89.0,49.0,1,1.0
0022500796,2026-02-19,2025,Regular Season,NYK vs. DET,1,DET,111,126.0,-15.0,0,8.0
0022500816,2026-02-21,2025,Regular Season,NYK vs. HOU,1,HOU,108,106.0,2.0,1,2.0
0022500825,2026-02-22,2025,Regular Season,NYK @ CHI,0,CHI,105,99.0,6.0,1,1.0
0022500835,2026-02-24,2025,Regular Season,NYK @ CLE,0,CLE,94,109.0,-15.0,0,2.0
0022500860,2026-02-27,2025,Regular Season,NYK @ MIL,0,MIL,127,98.0,29.0,1,3.0
0022500868,2026-03-01,2025,Regular Season,NYK vs. SAS,1,SAS,114,89.0,25.0,1,2.0
0022500887,2026-03-03,2025,Regular Season,NYK @ TOR,0,TOR,111,95.0,16.0,1,2.0
0022500893,2026-03-04,2025,Regular Season,NYK vs. OKC,1,OKC,100,103.0,-3.0,0,1.0
0022500911,2026-03-06,2025,Regular Season,NYK @ DEN,0,DEN,142,103.0,39.0,1,2.0
0022500922,2026-03-08,2025,Regular Season,NYK @ LAL,0,LAL,97,110.0,-13.0,0,2.0
0022500935,2026-03-09,2025,Regular Season,NYK @ LAC,0,LAC,118,126.0,-8.0,0,1.0
0022500949,2026-03-11,2025,Regular Season,NYK @ UTA,0,UTA,134,117.0,17.0,1,2.0
0022500962,2026-03-13,2025,Regular Season,NYK @ IND,0,IND,101,92.0,9.0,1,2.0
0022500981,2026-03-15,2025,Regular Season,NYK vs. GSW,1,GSW,110,107.0,3.0,1,2.0
0022500994,2026-03-17,2025,Regular Season,NYK vs. IND,1,IND,136,110.0,26.0,1,2.0
0022501016,2026-03-20,2025,Regular Season,NYK @ BKN,0,BKN,93,92.0,1.0,1,3.0
0022501034,2026-03-22,2025,Regular Season,NYK vs. WAS,1,WAS,145,113.0,32.0,1,2.0
0022501048,2026-03-24,2025,Regular Season,NYK vs. NOP,1,NOP,121,116.0,5.0,1,2.0
0022501063,2026-03-26,2025,Regular Season,NYK @ CHA,0,CHA,103,114.0,-11.0,0,2.0
0022501089,2026-03-29,2025,Regular Season,NYK @ OKC,0,OKC,100,111.0,-11.0,0,3.0
0022501102,2026-03-31,2025,Regular Season,NYK @ HOU,0,HOU,94,111.0,-17.0,0,2.0
0022501003,2026-04-01,2025,Regular Season,NYK @ MEM,0,MEM,130,119.0,11.0,1,1.0
0022501123,2026-04-03,2025,Regular Season,NYK vs. CHI,1,CHI,136,96.0,40.0,1,2.0
0022501143,2026-04-06,2025,Regular Season,NYK @ ATL,0,ATL,108,105.0,3.0,1,3.0
0022501168,2026-04-09,2025,Regular Season,NYK vs. BOS,1,BOS,112,106.0,6.0,1,3.0
0022501176,2026-04-10,2025,Regular Season,NYK vs. TOR,1,TOR,112,95.0,17.0,1,1.0
0022501190,2026-04-12,2025,Regular Season,NYK vs. CHA,1,CHA,96,110.0,-14.0,0,2.0
0042500121,2026-04-18,2025,Playoffs,NYK vs. ATL,1,ATL,113,102.0,11.0,1,
0042500122,2026-04-20,2025,Playoffs,NYK vs. ATL,1,ATL,106,107.0,-1.0,0,2.0
0042500123,2026-04-23,2025,Playoffs,NYK @ ATL,0,ATL,108,109.0,-1.0,0,3.0
0042500124,2026-04-25,2025,Playoffs,NYK @ ATL,0,ATL,114,98.0,16.0,1,2.0
0042500125,2026-04-28,2025,Playoffs,NYK vs. ATL,1,ATL,126,97.0,29.0,1,3.0
0042500126,2026-04-30,2025,Playoffs,NYK @ ATL,0,ATL,140,89.0,51.0,1,2.0
0042500211,2026-05-04,2025,Playoffs,NYK vs. PHI,1,PHI,137,98.0,39.0,1,4.0
0042500212,2026-05-06,2025,Playoffs,NYK vs. PHI,1,PHI,108,102.0,6.0,1,2.0
0042500213,2026-05-08,2025,Playoffs,NYK @ PHI,0,PHI,108,94.0,14.0,1,2.0
0042500214,2026-05-10,2025,Playoffs,NYK @ PHI,0,PHI,144,114.0,30.0,1,2.0
0042500301,2026-05-19,2025,Playoffs,NYK vs. CLE,1,CLE,115,104.0,11.0,1,9.0
0042500302,2026-05-21,2025,Playoffs,NYK vs. CLE,1,CLE,109,93.0,16.0,1,2.0
0042500303,2026-05-23,2025,Playoffs,NYK @ CLE,0,CLE,121,108.0,13.0,1,2.0
0042500304,2026-05-25,2025,Playoffs,NYK @ CLE,0,CLE,130,93.0,37.0,1,2.0
0042500401,2026-06-03,2025,Playoffs,NYK @ SAS,0,SAS,105,95.0,10.0,1,9.0
0042500402,2026-06-05,2025,Playoffs,NYK @ SAS,0,SAS,105,104.0,1.0,1,2.0
0042500403,2026-06-08,2025,Playoffs,NYK vs. SAS,1,SAS,111,115.0,-4.0,0,3.0
0042500404,2026-06-10,2025,Playoffs,NYK vs. SAS,1,SAS,107,106.0,1.0,1,2.0
0042500405,2026-06-13,2025,Playoffs,NYK @ SAS,0,SAS,94,90.0,4.0,1,3.0
